Insert into ATTACHMENT_LIST(ATTACHMENT_LIST_ID) values 
 (1), 
 (2), 
 (10), 
 (15), 
 (16), 
 (26), 
 (30), 
 (32), 
 (67), 
 (74), 
 (110), 
 (117), 
 (119), 
 (149), 
 (150), 
 (159), 
 (283), 
 (290), 
 (306), 
 (307), 
 (316), 
 (326), 
 (351), 
 (354), 
 (389), 
 (390), 
 (391), 
 (392), 
 (393), 
 (394), 
 (395), 
 (396), 
 (397), 
 (398), 
 (399), 
 (400), 
 (401), 
 (402), 
 (403), 
 (404), 
 (8), 
 (9), 
 (12), 
 (13), 
 (14), 
 (23), 
 (42), 
 (152), 
 (153), 
 (154);

Insert into ATTACHMENT_LIST(ATTACHMENT_LIST_ID) values 
 (293), 
 (294), 
 (295), 
 (298), 
 (300), 
 (302), 
 (303), 
 (315), 
 (318), 
 (320), 
 (321), 
 (322), 
 (323), 
 (330), 
 (333), 
 (334), 
 (335), 
 (353), 
 (358), 
 (425), 
 (426), 
 (427), 
 (428), 
 (429), 
 (430), 
 (431), 
 (432), 
 (433), 
 (434), 
 (435), 
 (436), 
 (437), 
 (438), 
 (439), 
 (440), 
 (441), 
 (442), 
 (443), 
 (444), 
 (445), 
 (4), 
 (464), 
 (7), 
 (460), 
 (478), 
 (483), 
 (563), 
 (571), 
 (466), 
 (388);

Insert into ATTACHMENT_LIST(ATTACHMENT_LIST_ID) values 
 (452), 
 (454), 
 (151), 
 (102), 
 (101), 
 (100), 
 (98), 
 (68), 
 (71), 
 (70), 
 (69), 
 (133), 
 (136), 
 (135), 
 (352), 
 (97), 
 (96), 
 (93), 
 (84), 
 (79), 
 (31), 
 (305), 
 (304), 
 (301), 
 (299), 
 (296), 
 (291), 
 (312), 
 (311), 
 (309), 
 (308), 
 (314), 
 (313), 
 (161), 
 (160), 
 (260), 
 (254), 
 (246), 
 (181), 
 (179), 
 (171), 
 (168), 
 (332), 
 (331), 
 (329), 
 (325), 
 (324), 
 (319), 
 (317), 
 (328);

Insert into ATTACHMENT_LIST(ATTACHMENT_LIST_ID) values 
 (327), 
 (131), 
 (130), 
 (129), 
 (128), 
 (127), 
 (126), 
 (124), 
 (123), 
 (122), 
 (121), 
 (120), 
 (357), 
 (356), 
 (355), 
 (455), 
 (6), 
 (456), 
 (457), 
 (458), 
 (459), 
 (474), 
 (475), 
 (476), 
 (477), 
 (479), 
 (480), 
 (481), 
 (482), 
 (559), 
 (560), 
 (561), 
 (562), 
 (567), 
 (568), 
 (569), 
 (570), 
 (180), 
 (465), 
 (489), 
 (493), 
 (3), 
 (163), 
 (162), 
 (158), 
 (155), 
 (148), 
 (348), 
 (11), 
 (24);

Insert into ATTACHMENT_LIST(ATTACHMENT_LIST_ID) values 
 (34), 
 (38), 
 (39), 
 (40), 
 (41), 
 (137), 
 (138), 
 (139), 
 (140), 
 (147), 
 (359), 
 (360), 
 (361), 
 (362), 
 (363), 
 (364), 
 (365), 
 (366), 
 (367), 
 (368), 
 (369), 
 (370), 
 (371), 
 (372), 
 (373), 
 (374), 
 (375), 
 (376), 
 (377), 
 (378), 
 (379), 
 (380), 
 (381), 
 (382), 
 (383), 
 (384), 
 (385), 
 (386), 
 (387), 
 (405), 
 (406), 
 (407), 
 (453), 
 (468), 
 (469), 
 (470), 
 (471), 
 (472), 
 (473), 
 (485);

Insert into ATTACHMENT_LIST(ATTACHMENT_LIST_ID) values 
 (490), 
 (500), 
 (501), 
 (539), 
 (564), 
 (565), 
 (581), 
 (17), 
 (18), 
 (19), 
 (20), 
 (21), 
 (27), 
 (28), 
 (29), 
 (35), 
 (94), 
 (95), 
 (99), 
 (103), 
 (104), 
 (105), 
 (106), 
 (107), 
 (108), 
 (109), 
 (111), 
 (112), 
 (113), 
 (114), 
 (115), 
 (116), 
 (118), 
 (132), 
 (134), 
 (408), 
 (409), 
 (410), 
 (411), 
 (412), 
 (413), 
 (414), 
 (415), 
 (416), 
 (417), 
 (418), 
 (419), 
 (420), 
 (421), 
 (422);

Insert into ATTACHMENT_LIST(ATTACHMENT_LIST_ID) values 
 (423), 
 (424), 
 (446), 
 (447), 
 (448), 
 (449), 
 (450), 
 (451), 
 (484), 
 (497), 
 (498), 
 (499), 
 (566), 
 (198), 
 (270), 
 (281), 
 (197), 
 (269), 
 (280), 
 (196), 
 (268), 
 (279), 
 (195), 
 (267), 
 (278), 
 (194), 
 (266), 
 (277), 
 (188), 
 (252), 
 (463), 
 (533), 
 (204), 
 (259), 
 (193), 
 (209), 
 (265), 
 (340), 
 (462), 
 (216), 
 (347), 
 (461), 
 (223), 
 (230), 
 (199), 
 (271), 
 (282), 
 (534), 
 (235), 
 (239);

Insert into ATTACHMENT_LIST(ATTACHMENT_LIST_ID) values 
 (275), 
 (244), 
 (558), 
 (496), 
 (554), 
 (555), 
 (505), 
 (510), 
 (514), 
 (519), 
 (524), 
 (538), 
 (545), 
 (549), 
 (553), 
 (527), 
 (531), 
 (182), 
 (245), 
 (276), 
 (467), 
 (492), 
 (506), 
 (515), 
 (520), 
 (532), 
 (494), 
 (495), 
 (349), 
 (350), 
 (48), 
 (47), 
 (45), 
 (44), 
 (43), 
 (73), 
 (72), 
 (64), 
 (63), 
 (62), 
 (61), 
 (58), 
 (54), 
 (52), 
 (51), 
 (88), 
 (87), 
 (83), 
 (82), 
 (81);

Insert into ATTACHMENT_LIST(ATTACHMENT_LIST_ID) values 
 (80), 
 (86), 
 (85), 
 (78), 
 (77), 
 (76), 
 (75), 
 (92), 
 (91), 
 (90), 
 (89), 
 (178), 
 (177), 
 (176), 
 (167), 
 (166), 
 (165), 
 (164), 
 (175), 
 (174), 
 (173), 
 (172), 
 (572), 
 (573), 
 (576), 
 (488), 
 (486), 
 (487), 
 (491), 
 (541), 
 (540), 
 (577), 
 (575), 
 (574), 
 (580), 
 (579), 
 (578), 
 (585), 
 (584), 
 (583), 
 (582), 
 (183), 
 (184), 
 (185), 
 (186), 
 (187), 
 (189), 
 (190), 
 (191), 
 (192);

Insert into ATTACHMENT_LIST(ATTACHMENT_LIST_ID) values 
 (200), 
 (201), 
 (202), 
 (203), 
 (205), 
 (206), 
 (207), 
 (208), 
 (210), 
 (211), 
 (212), 
 (213), 
 (214), 
 (215), 
 (217), 
 (218), 
 (219), 
 (220), 
 (221), 
 (222), 
 (224), 
 (225), 
 (226), 
 (227), 
 (228), 
 (229), 
 (231), 
 (232), 
 (233), 
 (234), 
 (236), 
 (237), 
 (238), 
 (240), 
 (241), 
 (242), 
 (243), 
 (247), 
 (248), 
 (249), 
 (250), 
 (251), 
 (255), 
 (256), 
 (257), 
 (258), 
 (261), 
 (262), 
 (263), 
 (264);

Insert into ATTACHMENT_LIST(ATTACHMENT_LIST_ID) values 
 (272), 
 (273), 
 (274), 
 (336), 
 (337), 
 (338), 
 (339), 
 (341), 
 (342), 
 (343), 
 (344), 
 (345), 
 (346), 
 (502), 
 (503), 
 (504), 
 (507), 
 (508), 
 (509), 
 (511), 
 (512), 
 (513), 
 (516), 
 (517), 
 (518), 
 (521), 
 (522), 
 (523), 
 (525), 
 (526), 
 (528), 
 (529), 
 (530), 
 (535), 
 (536), 
 (537), 
 (542), 
 (543), 
 (544), 
 (546), 
 (547), 
 (548), 
 (550), 
 (551), 
 (552), 
 (556), 
 (557);

Insert into PROJECT_FILTER(PROJECT_FILTER_ID, ACTIVATED, USER_LOGIN) values 
 (4, true, 'nf'), 
 (5, false, 'id'), 
 (6, false, 'guest_t1'), 
 (7, false, 'henix_admin'), 
 (8, true, 'guest_t2'), 
 (9, false, 'guest_tpl'), 
 (10, false, 'mb');

Insert into ISSUE_LIST(ISSUE_LIST_ID) values 
 (79), 
 (113), 
 (121), 
 (126), 
 (182), 
 (187), 
 (1), 
 (109), 
 (110), 
 (111), 
 (112), 
 (117), 
 (118), 
 (119), 
 (120), 
 (122), 
 (123), 
 (124), 
 (125), 
 (178), 
 (179), 
 (180), 
 (181), 
 (183), 
 (184), 
 (185), 
 (186), 
 (15), 
 (70), 
 (78), 
 (14), 
 (69), 
 (77), 
 (13), 
 (68), 
 (76), 
 (12), 
 (67), 
 (75), 
 (11), 
 (66), 
 (74), 
 (80), 
 (91), 
 (116), 
 (155), 
 (83), 
 (92), 
 (81), 
 (84);

Insert into ISSUE_LIST(ISSUE_LIST_ID) values 
 (93), 
 (101), 
 (115), 
 (85), 
 (108), 
 (114), 
 (86), 
 (87), 
 (82), 
 (94), 
 (96), 
 (156), 
 (88), 
 (89), 
 (95), 
 (90), 
 (177), 
 (127), 
 (173), 
 (174), 
 (131), 
 (135), 
 (139), 
 (143), 
 (147), 
 (160), 
 (164), 
 (168), 
 (172), 
 (150), 
 (154), 
 (2), 
 (3), 
 (4), 
 (5), 
 (6), 
 (7), 
 (8), 
 (9), 
 (10), 
 (16), 
 (17), 
 (18), 
 (19), 
 (20), 
 (21), 
 (22), 
 (23), 
 (24), 
 (25);

Insert into ISSUE_LIST(ISSUE_LIST_ID) values 
 (26), 
 (27), 
 (28), 
 (29), 
 (30), 
 (31), 
 (32), 
 (33), 
 (34), 
 (35), 
 (36), 
 (37), 
 (38), 
 (39), 
 (40), 
 (41), 
 (42), 
 (43), 
 (44), 
 (45), 
 (46), 
 (47), 
 (48), 
 (49), 
 (50), 
 (51), 
 (52), 
 (53), 
 (54), 
 (55), 
 (56), 
 (57), 
 (58), 
 (59), 
 (60), 
 (61), 
 (62), 
 (63), 
 (64), 
 (65), 
 (71), 
 (72), 
 (73), 
 (97), 
 (98), 
 (99), 
 (100), 
 (102), 
 (103), 
 (104);

Insert into ISSUE_LIST(ISSUE_LIST_ID) values 
 (105), 
 (106), 
 (107), 
 (128), 
 (129), 
 (130), 
 (132), 
 (133), 
 (134), 
 (136), 
 (137), 
 (138), 
 (140), 
 (141), 
 (142), 
 (144), 
 (145), 
 (146), 
 (148), 
 (149), 
 (151), 
 (152), 
 (153), 
 (157), 
 (158), 
 (159), 
 (161), 
 (162), 
 (163), 
 (165), 
 (166), 
 (167), 
 (169), 
 (170), 
 (171), 
 (175), 
 (176);

Insert into ITERATION(ITERATION_ID, DELETED_ON, DESCRIPTION, NAME, CREATED_BY, CREATED_ON, LAST_MODIFIED_BY, LAST_MODIFIED_ON, ACTUAL_END_AUTO, ACTUAL_END_DATE, ACTUAL_START_AUTO, ACTUAL_START_DATE, SCHEDULED_END_DATE, SCHEDULED_START_DATE, ATTACHMENT_LIST_ID) values 
 (6, null, '', 'IT_1', 'nf', '2011-05-25 09:35:25.0', 'guest_tpl', '2011-06-22 12:11:39.0', false, null, false, null, null, null, 466), 
 (5, null, '<p>\n\tTest Matthieu</p>\n', 'it1', 'guest_t1', '2011-05-25 08:11:46.0', 'guest_tpl', '2011-06-22 12:11:39.0', false, null, false, null, null, null, 455), 
 (2, null, '<p>\n\tIteration <strong>one</strong>.</p>\n<p>\n\t</p>\n<p>\n\tEvery test case <span><u><strong>MUST </strong></u></span>be fullfiled.</p>\n', 'IT_1', 'nf', '2011-05-19 14:02:28.0', 'nf', '2011-05-19 15:18:08.0', false, '2011-05-19 00:00:00.0', false, '2011-05-19 00:00:00.0', '2011-05-19 00:00:00.0', '2011-05-18 00:00:00.0', 182), 
 (3, null, '<p>\n\tIteration <strong>two</strong>.</p>\n<p>\n\t</p>\n<p>\n\tThis iteration focuses on the <span>failed</span> test in IT_1 :</p>\n<ol>\n\t<li>\n\t\t02_Browser</li>\n\t<li>\n\t\t03_Non Banker connects</li>\n\t<li>\n\t\t10_Navigation</li>\n</ol>\n<p>\n\tAnd check for regression in the <span>success</span> nominal tests in IT_1 :</p>\n<ol>\n\t<li>\n\t\t01_Banker connects</li>\n\t<li>\n\t\t07_Banker checks payments successful</li>\n</ol>\n', 'IT_2', 'nf', '2011-05-19 15:06:22.0', 'nf', '2011-05-19 16:01:50.0', false, '2011-05-19 00:00:00.0', false, '2011-05-19 00:00:00.0', '2011-05-19 00:00:00.0', '2011-05-19 00:00:00.0', 245), 
 (4, null, '<p>\n\tIteration <strong>three</strong>.</p>\n<p>\n\t</p>\n<p>\n\tThis iteration focuses on the <span>failed</span> test in IT_2 :</p>\n<ol>\n\t<li>\n\t\t02_Browser</li>\n</ol>\n<p>\n\tAnd check for regression in the <span>success</span> nominal tests in IT_1 and IT_2 :</p>\n<ol>\n\t<li>\n\t\t01_Banker connects</li>\n\t<li>\n\t\t07_Banker checks payments successful</li>\n</ol>\n<p>\n\t<span><strong><u>Note :</u> <em>Theres a delay for the delivery = the new begining of this itration should happen the 20/05.</em></strong></span></p>\n<p>\n\t<span><strong><em>The iteration is standing by.</em></strong></span></p>\n', 'IT_3', 'nf', '2011-05-19 15:59:44.0', 'nf', '2011-05-19 16:04:24.0', false, '2011-05-20 00:00:00.0', false, '2011-05-20 00:00:00.0', '2011-05-19 00:00:00.0', '2011-05-19 00:00:00.0', 276), 
 (7, null, '', 'IT_1', 'nf', '2011-05-25 09:37:37.0', 'guest_tpl', '2011-06-22 12:11:39.0', false, null, false, null, null, null, 467), 
 (8, null, '', 'IT_2_2011.06.02', 'guest_tpl', '2011-05-30 14:46:05.0', 'guest_tpl', '2011-06-22 12:11:39.0', false, null, false, null, null, null, 492), 
 (11, null, '<p>\n\tsdfsqfsdfsdqfsdqf</p>\n', 'sdqfsdqfsdqf', 'guest_tpl', '2011-05-31 09:31:07.0', 'guest_tpl', '2011-06-22 12:11:39.0', false, null, false, null, null, null, 506), 
 (12, null, '<p>\n\tdsfsqfdfsd</p>\n', 'Itération 3', 'guest_tpl', '2011-05-31 09:48:19.0', 'guest_tpl', '2011-06-22 12:11:39.0', false, null, false, null, null, null, 515), 
 (13, null, '', 'Itération 4', 'guest_tpl', '2011-05-31 12:05:47.0', 'guest_tpl', '2011-06-22 12:11:39.0', false, null, false, null, null, null, 520), 
 (14, null, '<p>\n\tFirefox</p>\n', 'IT5', 'guest_tpl', '2011-05-31 14:46:35.0', 'guest_tpl', '2011-06-22 12:11:39.0', false, null, false, null, null, null, 532), 
 (9, null, '', 'IT1', 'guest_t1', '2011-05-31 07:46:14.0', 'guest_tpl', '2011-06-22 12:11:39.0', false, null, false, null, null, null, 494),
 (10, null, '', 'IT2', 'guest_t1', '2011-05-31 07:48:30.0', 'guest_tpl', '2011-06-22 12:11:39.0', false, null, false, null, null, null, 495);

Insert into TEST_STEP(TEST_STEP_ID, ATTACHMENT_LIST_ID, ACTION, EXPECTED_RESULT) values 
 (76, 151, '<p>\n\tClick on the link <strong><span>Sign-out</span></strong> in the top right of the page</p>\n', '<div id=\"tsTableresult-72\">\n\t<ul>\n\t\t<li>\n\t\t\tThe link<strong><span> MyAccount <span class=\"short_text\" lang=\"en\"><span class=\"hps\" title=\"Cliquer ici pour voir d''autres traductions\">disappears.</span></span></span></strong></li>\n\t\t<li>\n\t\t\t<span class=\"short_text\" id=\"result_box\" lang=\"en\"><span class=\"hps\" title=\"Cliquer ici pour voir d''autres traductions\">The</span> <span class=\"hps\" title=\"Cliquer ici pour voir d''autres traductions\">link</span> <span class=\"hps\" title=\"Cliquer ici pour voir d''autres traductions\"><strong><span>Sign-out</span></strong> is</span> <span class=\"hps\" title=\"Cliquer ici pour voir d''autres traductions\">replaced</span> <span class=\"hps\" title=\"Cliquer ici pour voir d''autres traductions\">by the</span> <span class=\"hps\" title=\"Cliquer ici pour voir d''autres traductions\">link </span></span><span class=\"short_text\" id=\"result_box\" lang=\"en\"><span class=\"hps\" title=\"Cliquer ici pour voir d''autres traductions\"><strong><span>Sign-in</span></strong></span></span></li>\n\t</ul>\n</div>\n'), 
 (54, 102, '<ol>\n\t<li>\n\t\t<strong><span>Clean</span></strong> the username textfield</li>\n\t<li>\n\t\tEnter : <strong><span>Jules</span></strong></li>\n\t<li>\n\t\t<strong><span>Clean</span></strong> the password textfield</li>\n\t<li>\n\t\tEnter : <strong><span><span>animals12</span></span></strong></li>\n\t<li>\n\t\tClick on the <strong><span>Submit</span></strong> button</li>\n</ol>\n', '<div id=\"tsTableresult-27\">\n\t<div id=\"tsTableresult-62\">\n\t\t<div id=\"tsTableresult-50\">\n\t\t\t<div id=\"tsTableresult-50\">\n\t\t\t\t<ul>\n\t\t\t\t\t<li>\n\t\t\t\t\t\tOpening home page of the catalog</li>\n\t\t\t\t\t<li>\n\t\t\t\t\t\tThe link <span><strong>MyAccount </strong></span>appears in top right of the page</li>\n\t\t\t\t\t<li>\n\t\t\t\t\t\tThe link <strong><span><span>Sign-out </span></span></strong>appears in top right of the page</li>\n\t\t\t\t\t<li>\n\t\t\t\t\t\tOn the left, read <strong><span>Welcome Jules!</span></strong> in top of the animals list.</li>\n\t\t\t\t</ul>\n\t\t\t</div>\n\t\t</div>\n\t</div>\n</div>\n'), 
 (53, 101, '<p>\n\tClick on the link<strong><span> Sign in</span></strong></p>\n', '<div id=\"tsTableresult-25\">\n\t<div id=\"tsTableresult-13\">\n\t\t<p>\n\t\t\t<span class=\"short_text\" id=\"result_box\" lang=\"en\"><span class=\"hps\" title=\"Cliquer ici pour voir d''autres traductions\">Opening</span> <span class=\"hps\" title=\"Cliquer ici pour voir d''autres traductions\">screen</span> <span class=\"hps\" title=\"Cliquer ici pour voir d''autres traductions\">user authentication</span> <span class=\"hps\" title=\"Cliquer ici pour voir d''autres traductions\">default.</span></span></p>\n\t\t<ul>\n\t\t\t<li>\n\t\t\t\t<span class=\"short_text\" lang=\"en\"><span class=\"hps\" title=\"Cliquer ici pour voir d''autres traductions\">username text field</span></span> <span class=\"short_text\" id=\"result_box\" lang=\"en\"><span class=\"hps\" title=\"Cliquer ici pour voir d''autres traductions\">is</span> <span class=\"hps\" title=\"Cliquer ici pour voir d''autres traductions\">already</span> <span class=\"hps\" title=\"Cliquer ici pour voir d''autres traductions\">filled</span></span></li>\n\t\t\t<li>\n\t\t\t\tpassword<span class=\"short_text\" lang=\"en\"><span class=\"hps\" title=\"Cliquer ici pour voir d''autres traductions\"> text field</span></span> <span class=\"short_text\" id=\"result_box\" lang=\"en\"><span class=\"hps\" title=\"Cliquer ici pour voir d''autres traductions\">is</span> <span class=\"hps\" title=\"Cliquer ici pour voir d''autres traductions\">already</span> <span class=\"hps\" title=\"Cliquer ici pour voir d''autres traductions\">filled</span></span></li>\n\t\t</ul>\n\t</div>\n</div>\n'), 
 (52, 100, '<p>\n\t<u><strong>Pr requis 2</strong></u> :</p>\n<p>\n\t<span id=\"result_box\" lang=\"en\"><span class=\"hps\" title=\"Cliquer ici pour voir d''autres traductions\">A </span><span class=\"hps\" title=\"Cliquer ici pour voir d''autres traductions\">user account</span> <span class=\"hps\" title=\"Cliquer ici pour voir d''autres traductions\">other than</span> <span class=\"hps\" title=\"Cliquer ici pour voir d''autres traductions\">the</span> <span class=\"hps\" title=\"Cliquer ici pour voir d''autres traductions\">default account</span> <span class=\"hps\" title=\"Cliquer ici pour voir d''autres traductions\">has</span> <span class=\"hps\" title=\"Cliquer ici pour voir d''autres traductions\">been</span> <span class=\"hps\" title=\"Cliquer ici pour voir d''autres traductions\">created</span></span></p>\n<p>\n\tcf : 02_Create an account / 01_Nominal Case</p>\n', '<p>\n\t-</p>\n'), 
 (51, 98, '<p>\n\t<strong><u>Pr requis</u> 1 :</strong></p>\n<p>\n\tUrl connection :</p>\n<p>\n\t<a href=\"http://localhost:8080/\">http://localhost:8080/</a></p>\n<p>\n\t</p>\n', '<p>\n\t-</p>\n'), 
 (24, 68, '<p>\n\t<strong><u>Pr requis</u> :</strong></p>\n<p>\n\tUrl connection :</p>\n<p>\n\t<a href=\"http://localhost:8080/\">http://localhost:8080/</a></p>\n', '<p>\n\t-</p>\n'), 
 (27, 71, '<p>\n\tClick on the <strong><span>Submit </span></strong>button</p>\n', '<div id=\"tsTableresult-54\">\n\t<div id=\"tsTableresult-27\">\n\t\t<div id=\"tsTableresult-62\">\n\t\t\t<div id=\"tsTableresult-50\">\n\t\t\t\t<div id=\"tsTableresult-50\">\n\t\t\t\t\t<ul>\n\t\t\t\t\t\t<li>\n\t\t\t\t\t\t\tOpening home page of the catalog</li>\n\t\t\t\t\t\t<li>\n\t\t\t\t\t\t\tThe link <span><strong>MyAccount </strong></span>appears in top right of the page</li>\n\t\t\t\t\t\t<li>\n\t\t\t\t\t\t\tThe link <strong><span><span>Sign-out </span></span></strong>appears in top right of the page</li>\n\t\t\t\t\t</ul>\n\t\t\t\t</div>\n\t\t\t</div>\n\t\t</div>\n\t</div>\n</div>\n'), 
 (26, 70, '<div id=\"tsTableaction-18\">\n\t<ul>\n\t\t<li>\n\t\t\t<span class=\"short_text\" id=\"result_box\" lang=\"en\"><span class=\"hps\" title=\"Cliquer ici pour voir d''autres traductions\">Verify that</span> <span class=\"hps\" title=\"Cliquer ici pour voir d''autres traductions\">the</span> username text<span class=\"hps\" title=\"Cliquer ici pour voir d''autres traductions\">field</span> <span class=\"hps\" title=\"Cliquer ici pour voir d''autres traductions\">is</span> <span class=\"hps\" title=\"Cliquer ici pour voir d''autres traductions\">filled</span> <span class=\"hps\" title=\"Cliquer ici pour voir d''autres traductions\">by :<strong><span> </span></strong></span></span><strong><span>j2ee</span></strong></li>\n\t\t<li>\n\t\t\t<span class=\"short_text\" id=\"result_box\" lang=\"en\"><span class=\"hps\" title=\"Cliquer ici pour voir d''autres traductions\">Verify that the</span></span> password textfield is filled</li>\n\t</ul>\n</div>\n', '<ul>\n\t<li>\n\t\t<span class=\"short_text\" id=\"result_box\" lang=\"en\"><span class=\"hps\" title=\"Cliquer ici pour voir d''autres traductions\">The</span> username text<span class=\"hps\" title=\"Cliquer ici pour voir d''autres traductions\">field</span> <span class=\"hps\" title=\"Cliquer ici pour voir d''autres traductions\">is</span> <span class=\"hps\" title=\"Cliquer ici pour voir d''autres traductions\">filled</span> <span class=\"hps\" title=\"Cliquer ici pour voir d''autres traductions\">by :</span></span><span><span class=\"short_text\" lang=\"en\"><span class=\"hps\" title=\"Cliquer ici pour voir d''autres traductions\"> <span _fck_bookmark=\"1\"></span><span _fck_bookmark=\"1\"></span></span></span><strong>j2ee</strong></span><span _fck_bookmark=\"1\"></span><span _fck_bookmark=\"1\"></span></li>\n\t<li>\n\t\tThe password textfield is filled.</li>\n</ul>\n'), 
 (25, 69, '<p>\n\tClick on the link <strong><span>Sign In</span></strong></p>\n', '<div id=\"tsTableresult-13\">\n\t<p>\n\t\t<span class=\"short_text\" id=\"result_box\" lang=\"en\"><span class=\"hps\" title=\"Cliquer ici pour voir d''autres traductions\">Opening</span> <span class=\"hps\" title=\"Cliquer ici pour voir d''autres traductions\">screen</span> <span class=\"hps\" title=\"Cliquer ici pour voir d''autres traductions\">user authentication</span> <span class=\"hps\" title=\"Cliquer ici pour voir d''autres traductions\">default.</span></span></p>\n\t<ul>\n\t\t<li>\n\t\t\t<span class=\"short_text\" lang=\"en\"><span class=\"hps\" title=\"Cliquer ici pour voir d''autres traductions\">username text field</span></span> <span class=\"short_text\" id=\"result_box\" lang=\"en\"><span class=\"hps\" title=\"Cliquer ici pour voir d''autres traductions\">is</span> <span class=\"hps\" title=\"Cliquer ici pour voir d''autres traductions\">already</span> <span class=\"hps\" title=\"Cliquer ici pour voir d''autres traductions\">filled</span></span></li>\n\t\t<li>\n\t\t\tpassword<span class=\"short_text\" lang=\"en\"><span class=\"hps\" title=\"Cliquer ici pour voir d''autres traductions\"> text field</span></span> <span class=\"short_text\" id=\"result_box\" lang=\"en\"><span class=\"hps\" title=\"Cliquer ici pour voir d''autres traductions\">is</span> <span class=\"hps\" title=\"Cliquer ici pour voir d''autres traductions\">already</span> <span class=\"hps\" title=\"Cliquer ici pour voir d''autres traductions\">filled</span></span></li>\n\t</ul>\n</div>\n'), 
 (67, 133, '<p>\n\t<strong><u>Pr requis : </u></strong></p>\n<p>\n\tURL</p>\n<p>\n\t<a href=\"http://localhost:8080/\">http://localhost:8080/</a></p>\n', '<p>\n\t-</p>\n'), 
 (69, 136, '<div id=\"tsTableaction-54\">\n\t<ol>\n\t\t<li>\n\t\t\t<strong><span>Clean</span></strong> the username textfield</li>\n\t\t<li>\n\t\t\tEnter : <strong><span>Jules</span></strong></li>\n\t\t<li>\n\t\t\t<strong><span>Clean</span></strong> the password textfield</li>\n\t\t<li>\n\t\t\tEnter : <strong><span><span>modpassword</span></span></strong></li>\n\t\t<li>\n\t\t\tClick on the <strong><span>Submit</span></strong> button</li>\n\t</ol>\n</div>\n', '<p>\n\tThe following message appears on the page :</p>\n<h3>\n\t<strong><span>Error!</span></strong></h3>\n<p>\n\t<strong><span>Invalid username or password. Signon failed.</span></strong></p>\n'), 
 (68, 135, '<p>\n\tClick on the link <strong><span>Sign In</span></strong></p>\n', '<div id=\"tsTableresult-25\">\n\t<div id=\"tsTableresult-13\">\n\t\t<p>\n\t\t\t<span class=\"short_text\" id=\"result_box\" lang=\"en\"><span class=\"hps\" title=\"Cliquer ici pour voir d''autres traductions\">Opening</span> <span class=\"hps\" title=\"Cliquer ici pour voir d''autres traductions\">screen</span> <span class=\"hps\" title=\"Cliquer ici pour voir d''autres traductions\">user authentication</span> <span class=\"hps\" title=\"Cliquer ici pour voir d''autres traductions\">default.</span></span></p>\n\t\t<ul>\n\t\t\t<li>\n\t\t\t\t<span class=\"short_text\" lang=\"en\"><span class=\"hps\" title=\"Cliquer ici pour voir d''autres traductions\">username text field</span></span> <span class=\"short_text\" id=\"result_box\" lang=\"en\"><span class=\"hps\" title=\"Cliquer ici pour voir d''autres traductions\">is</span> <span class=\"hps\" title=\"Cliquer ici pour voir d''autres traductions\">already</span> <span class=\"hps\" title=\"Cliquer ici pour voir d''autres traductions\">filled</span></span></li>\n\t\t\t<li>\n\t\t\t\tpassword<span class=\"short_text\" lang=\"en\"><span class=\"hps\" title=\"Cliquer ici pour voir d''autres traductions\"> text field</span></span> <span class=\"short_text\" id=\"result_box\" lang=\"en\"><span class=\"hps\" title=\"Cliquer ici pour voir d''autres traductions\">is</span> <span class=\"hps\" title=\"Cliquer ici pour voir d''autres traductions\">already</span> <span class=\"hps\" title=\"Cliquer ici pour voir d''autres traductions\">filled</span></span></li>\n\t\t</ul>\n\t</div>\n</div>\n'), 
 (131, 352, '<p>\n\t<u><strong>Pr requis :</strong></u></p>\n<p>\n\t-</p>\n', '<p>\n\t-</p>\n'), 
 (50, 97, '<p>\n\tClick on the<strong><span> Submit </span></strong>button</p>\n', '<ul>\n\t<li>\n\t\tOpening home page of the catalog</li>\n\t<li>\n\t\tThe link <span><strong>MyAccount </strong></span>appears in top right of the page</li>\n\t<li>\n\t\tThe link <strong><span><span>Sign-out </span></span></strong>appears in top right of the page</li>\n</ul>\n'), 
 (49, 96, '<p>\n\tIn Profile :</p>\n<ul>\n\t<li>\n\t\tselect <span><strong>Banker</strong></span></li>\n</ul>\n', '<p>\n\tIn Profile :</p>\n<ul>\n\t<li>\n\t\tProfile : <span><span>Banker</span><strong></strong></span></li>\n</ul>\n'), 
 (48, 93, '<p>\n\tIn Account Information, enter the following data :</p>\n<ul>\n\t<li>\n\t\tFirst name: <strong><span>Jules</span></strong></li>\n\t<li>\n\t\tLast name: <strong><span>Martin</span></strong></li>\n\t<li>\n\t\tEmail: <strong><span>jules.martin@free.fr</span></strong></li>\n\t<li>\n\t\tPhone: <span><strong>06 60 60 23 23</strong></span></li>\n\t<li>\n\t\tAddress 1: <strong><span>82 rue Saint Hellier</span></strong></li>\n\t<li>\n\t\tAddress 2:</li>\n\t<li>\n\t\tCity:<strong><span> Paris 12</span></strong></li>\n\t<li>\n\t\tState:</li>\n\t<li>\n\t\tZip: <strong><span>75012</span></strong></li>\n\t<li>\n\t\tCountry:<strong><span>FRANCE</span></strong></li>\n</ul>\n', '<p>\n\tIn Account Information, the following data are entered :</p>\n<ul>\n\t<li>\n\t\tFirst name: <strong><span>Jules</span></strong></li>\n\t<li>\n\t\tLast name: <strong><span>Martin</span></strong></li>\n\t<li>\n\t\tEmail: <strong><span>jules.martin@free.fr</span></strong></li>\n\t<li>\n\t\tPhone: <span><strong>06 60 60 23 23</strong></span></li>\n\t<li>\n\t\tAddress 1: <strong><span>82 rue Saint Hellier</span></strong></li>\n\t<li>\n\t\tAddress 2:</li>\n\t<li>\n\t\tCity:<strong><span> Paris 12</span></strong></li>\n\t<li>\n\t\tState:</li>\n\t<li>\n\t\tZip: <strong><span>75012</span></strong></li>\n\t<li>\n\t\tCountry:<strong><span>FRANCE</span></strong></li>\n</ul>\n'), 
 (39, 84, '<p>\n\tIn the User Information, enter the following data :</p>\n<ul>\n\t<li>\n\t\tUser ID: <strong><span>Jules</span></strong></li>\n\t<li>\n\t\tNew password: <strong><span>animals12</span></strong></li>\n\t<li>\n\t\tRepeat password:<strong><span> animals12</span></strong></li>\n</ul>\n', '<p>\n\tIn the User Information, the following data are entered :</p>\n<ul>\n\t<li>\n\t\tUser ID: <strong><span>Jules</span></strong></li>\n\t<li>\n\t\tNew password: <strong><span>animals12</span></strong></li>\n\t<li>\n\t\tRepeat password:<strong><span> animals12</span></strong></li>\n</ul>\n'), 
 (34, 79, '<p>\n\tVerify that the register form has 3 information parts :</p>\n<ul>\n\t<li>\n\t\t<strong><span>User Information</span></strong></li>\n\t<li>\n\t\t<strong><span>Account Information</span></strong></li>\n\t<li>\n\t\t<strong><span>Profile Information</span></strong></li>\n</ul>\n', '<p>\n\tThe register form has 3 parts :</p>\n<ul>\n\t<li>\n\t\t<strong><span>User Information</span></strong></li>\n\t<li>\n\t\t<strong><span>Account Information</span></strong></li>\n\t<li>\n\t\t<strong><span>Profile Information</span></strong></li>\n</ul>\n'), 
 (4, 31, '<p>\n\t<strong><u>Pr requis</u> :</strong></p>\n<p>\n\tUrl connection :</p>\n<p>\n\t<a href=\"http://localhost:8080/\">http://localhost:8080/</a></p>\n', '<p>\n\t<span class=\"short_text\" id=\"result_box\" lang=\"en\"><span class=\"hps\" title=\"Cliquer ici pour voir d''autres traductions\">Opening</span> <span class=\"hps\" title=\"Cliquer ici pour voir d''autres traductions\">the home page</span> <span class=\"hps\" title=\"Cliquer ici pour voir d''autres traductions\">of the</span> <span class=\"hps\" title=\"Cliquer ici pour voir d''autres traductions\">demo version</span></span></p>\n'), 
 (112, 305, '<p>\n\tClick on the link<strong><span> Main Menu </span></strong>on the top left of the page</p>\n', '<div id=\"tsTableresult-100\">\n\t<ul>\n\t\t<li>\n\t\t\tBack on the home page of the catalog from the user connected</li>\n\t\t<li>\n\t\t\t<span class=\"long_text short_text\" id=\"result_box\" lang=\"en\"><span class=\"hps\" title=\"Cliquer ici pour voir d''autres traductions\">Check that the</span> <span class=\"hps\" title=\"Cliquer ici pour voir d''autres traductions\">message</span> <span class=\"hps atn\" title=\"Cliquer ici pour voir d''autres traductions\"></span><span title=\"Cliquer ici pour voir d''autres traductions\">Welcome</span> <span class=\"hps\" title=\"Cliquer ici pour voir d''autres traductions\">Jules</span><span title=\"Cliquer ici pour voir d''autres traductions\"></span> appears <span class=\"hps\" title=\"Cliquer ici pour voir d''autres traductions\">in</span> <span class=\"hps\" title=\"Cliquer ici pour voir d''autres traductions\">top</span> <span class=\"hps\" title=\"Cliquer ici pour voir d''autres traductions\">left </span></span></li>\n\t</ul>\n</div>\n'), 
 (111, 304, '<p>\n\tClick on the link <strong><span>Iguana</span></strong> on the top left of the page</p>\n', '<p>\n\tBack on the <strong><span>summary table</span> </strong>from the list of the<strong><span> Reptiles </span></strong>catalog.</p>\n'), 
 (110, 301, '<p>\n\tClick on the item ID <span><b>EST-13.</b></span></p>\n', '<div id=\"tsTableresult-97\">\n\t<p>\n\t\t<span class=\"short_text\" id=\"result_box\" lang=\"en\"><span class=\"hps\" title=\"Cliquer ici pour voir d''autres traductions\">Opening</span> <span class=\"hps\" title=\"Cliquer ici pour voir d''autres traductions\">page</span> <span class=\"hps\" title=\"Cliquer ici pour voir d''autres traductions\">on</span> <span class=\"hps\" title=\"Cliquer ici pour voir d''autres traductions\">the description</span> <span class=\"hps\" title=\"Cliquer ici pour voir d''autres traductions\">of the Iguana</span><span class=\"hps\" title=\"Cliquer ici pour voir d''autres traductions\">.</span></span></p>\n\t<p>\n\t\t<span class=\"short_text\" lang=\"en\"><span class=\"hps\" title=\"Cliquer ici pour voir d''autres traductions\"> - description</span></span></p>\n\t<p>\n\t\t<span class=\"short_text\" lang=\"en\"><span class=\"hps\" title=\"Cliquer ici pour voir d''autres traductions\"> - breed</span></span></p>\n\t<p>\n\t\t<span class=\"short_text\" lang=\"en\"><span class=\"hps\" title=\"Cliquer ici pour voir d''autres traductions\"> - stock</span></span></p>\n\t<p>\n\t\t<span class=\"short_text\" lang=\"en\"><span class=\"hps\" title=\"Cliquer ici pour voir d''autres traductions\"> - price</span></span></p>\n\t<p>\n\t\t<span class=\"short_text\" lang=\"en\"><span class=\"hps\" title=\"Cliquer ici pour voir d''autres traductions\"> - button <strong><span>Add to cart</span></strong></span></span></p>\n</div>\n'), 
 (109, 299, '<p>\n\t<span class=\"short_text\" id=\"result_box\" lang=\"en\"><span class=\"hps\" title=\"Cliquer ici pour voir d''autres traductions\">Click on the</span> <span class=\"hps\" title=\"Cliquer ici pour voir d''autres traductions\">reference<span> <strong>RP-LI-02 </strong></span>in<span> </span></span></span><span class=\"short_text\" id=\"result_box\" lang=\"en\"><span class=\"hps\" title=\"Cliquer ici pour voir d''autres traductions\">the</span> <span class=\"hps\" title=\"Cliquer ici pour voir d''autres traductions\">product ID</span> <span class=\"hps\" title=\"Cliquer ici pour voir d''autres traductions\">column</span> (</span>Iguana)</p>\n', '<ul>\n\t<li>\n\t\tOpening page<strong> <span>on Iguana</span></strong></li>\n</ul>\n<ul>\n\t<li>\n\t\t<span id=\"result_box\" lang=\"en\"><strong><span><span class=\"hps\" title=\"Cliquer ici pour voir d''autres traductions\">Five-column table</span></span></strong> <span class=\"hps\" title=\"Cliquer ici pour voir d''autres traductions\">listing </span></span><span id=\"result_box\" lang=\"en\"><span class=\"hps\" title=\"Cliquer ici pour voir d''autres traductions\">the</span> <span class=\"hps\" title=\"Cliquer ici pour voir d''autres traductions\">number of</span> <span class=\"hps\" title=\"Cliquer ici pour voir d''autres traductions\">dogs</span> <span class=\"hps\" title=\"Cliquer ici pour voir d''autres traductions\">of this breed</span> <span class=\"hps\" title=\"Cliquer ici pour voir d''autres traductions\">in the</span> <span class=\"hps\" title=\"Cliquer ici pour voir d''autres traductions\">catalog</span></span></li>\n</ul>\n<p>\n\t<span lang=\"en\"><span class=\"hps\" title=\"Cliquer ici pour voir d''autres traductions\"> - item ID</span></span></p>\n<p>\n\t<span lang=\"en\"><span class=\"hps\" title=\"Cliquer ici pour voir d''autres traductions\"> - product ID</span></span></p>\n<p>\n\t<span lang=\"en\"><span class=\"hps\" title=\"Cliquer ici pour voir d''autres traductions\"> - description</span></span></p>\n<p>\n\t<span lang=\"en\"><span class=\"hps\" title=\"Cliquer ici pour voir d''autres traductions\"> - list price</span></span></p>\n<p>\n\t<span lang=\"en\"><span class=\"hps\" title=\"Cliquer ici pour voir d''autres traductions\"> - button <strong><span>Add to cart</span></strong></span></span></p>\n'), 
 (107, 296, '<div id=\"tsTableaction-80\">\n\t<p>\n\t\t<span class=\"short_text\" id=\"result_box\" lang=\"en\"><span class=\"hps\" title=\"Cliquer ici pour voir d''autres traductions\">Click on the link </span><span><span> Reptiles</span></span></span></p>\n</div>\n', '<div id=\"tsTableresult-80\">\n\t<ul>\n\t\t<li>\n\t\t\tOpening page<strong> <span>on the reptiles</span></strong></li>\n\t</ul>\n\t<ul>\n\t\t<li>\n\t\t\t<span id=\"result_box\" lang=\"en\"><strong><span><span class=\"hps\" title=\"Cliquer ici pour voir d''autres traductions\">Two-column table</span></span></strong> <span class=\"hps\" title=\"Cliquer ici pour voir d''autres traductions\">listing the</span> breeds <span class=\"hps\" title=\"Cliquer ici pour voir d''autres traductions\">of</span> <span class=\"hps\" title=\"Cliquer ici pour voir d''autres traductions\">reptiless</span> <span class=\"hps\" title=\"Cliquer ici pour voir d''autres traductions\">in the catalog </span></span></li>\n\t</ul>\n\t<p>\n\t\t<span lang=\"en\"><span class=\"hps\" title=\"Cliquer ici pour voir d''autres traductions\"> - </span></span><span id=\"result_box\" lang=\"en\"><span class=\"hps\" title=\"Cliquer ici pour voir d''autres traductions\">The first</span> <span class=\"hps\" title=\"Cliquer ici pour voir d''autres traductions\">column</span> <span class=\"hps\" title=\"Cliquer ici pour voir d''autres traductions\">lists</span> <span class=\"hps\" title=\"Cliquer ici pour voir d''autres traductions\">the</span> <span class=\"hps\" title=\"Cliquer ici pour voir d''autres traductions\">references of the</span> <span class=\"hps\" title=\"Cliquer ici pour voir d''autres traductions\">products (the breeds)</span></span></p>\n\t<p>\n\t\t<span lang=\"en\"><span class=\"hps\" title=\"Cliquer ici pour voir d''autres traductions\"> - </span></span><span id=\"result_box\" lang=\"en\"><span class=\"hps\" title=\"Cliquer ici pour voir d''autres traductions\">The</span> <span class=\"hps\" title=\"Cliquer ici pour voir d''autres traductions\">second</span> <span class=\"hps\" title=\"Cliquer ici pour voir d''autres traductions\">column the</span> <span class=\"hps\" title=\"Cliquer ici pour voir d''autres traductions\">name</span> <span class=\"hps\" title=\"Cliquer ici pour voir d''autres traductions\">of the</span> <span class=\"hps\" title=\"Cliquer ici pour voir d''autres traductions\">breeds</span> <span class=\"hps\" title=\"Cliquer ici pour voir d''autres traductions\">of</span> <span class=\"hps\" title=\"Cliquer ici pour voir d''autres traductions\">reptiles</span></span></p>\n</div>\n'), 
 (105, 291, '<div id=\"tsTableaction-79\">\n\t<p>\n\t\t<u><strong>Pr-requis :</strong></u></p>\n\t<p>\n\t\t02_Connection with a user account</p>\n</div>\n', '<p>\n\tConnection with the user Jules</p>\n'), 
 (117, 312, '<p>\n\tClick on the item ID <span><b><a href=\"http://localhost:8080/shop/viewItem.do?itemId=EST-15\">EST-15 </a></b></span><b></b><span><b>.</b></span></p>\n', '<div id=\"tsTableresult-97\">\n\t<p>\n\t\t<span class=\"short_text\" id=\"result_box\" lang=\"en\"><span class=\"hps\" title=\"Cliquer ici pour voir d''autres traductions\">Opening</span> <span class=\"hps\" title=\"Cliquer ici pour voir d''autres traductions\">page</span> <span class=\"hps\" title=\"Cliquer ici pour voir d''autres traductions\">on</span> <span class=\"hps\" title=\"Cliquer ici pour voir d''autres traductions\">the description</span> <span class=\"hps\" title=\"Cliquer ici pour voir d''autres traductions\">of the Manx</span><span class=\"hps\" title=\"Cliquer ici pour voir d''autres traductions\">.</span></span></p>\n\t<p>\n\t\t<span class=\"short_text\" lang=\"en\"><span class=\"hps\" title=\"Cliquer ici pour voir d''autres traductions\"> - description</span></span></p>\n\t<p>\n\t\t<span class=\"short_text\" lang=\"en\"><span class=\"hps\" title=\"Cliquer ici pour voir d''autres traductions\"> - breed</span></span></p>\n\t<p>\n\t\t<span class=\"short_text\" lang=\"en\"><span class=\"hps\" title=\"Cliquer ici pour voir d''autres traductions\"> - stock</span></span></p>\n\t<p>\n\t\t<span class=\"short_text\" lang=\"en\"><span class=\"hps\" title=\"Cliquer ici pour voir d''autres traductions\"> - price</span></span></p>\n\t<p>\n\t\t<span class=\"short_text\" lang=\"en\"><span class=\"hps\" title=\"Cliquer ici pour voir d''autres traductions\"> - button <strong><span>Add to cart</span></strong></span></span></p>\n</div>\n'), 
 (116, 311, '<p>\n\t<span class=\"short_text\" id=\"result_box\" lang=\"en\"><span class=\"hps\" title=\"Cliquer ici pour voir d''autres traductions\">Click on the</span> <span class=\"hps\" title=\"Cliquer ici pour voir d''autres traductions\">reference<span> <span>FL-DHS-01</span><strong> </strong></span>in<span> </span></span></span><span class=\"short_text\" id=\"result_box\" lang=\"en\"><span class=\"hps\" title=\"Cliquer ici pour voir d''autres traductions\">the</span> <span class=\"hps\" title=\"Cliquer ici pour voir d''autres traductions\">product ID</span> <span class=\"hps\" title=\"Cliquer ici pour voir d''autres traductions\">column</span> (Manx</span>)</p>\n', '<ul>\n\t<li>\n\t\tOpening page<strong> <span>on Cats</span></strong></li>\n</ul>\n<ul>\n\t<li>\n\t\t<span id=\"result_box\" lang=\"en\"><strong><span><span class=\"hps\" title=\"Cliquer ici pour voir d''autres traductions\">Five-column table</span></span></strong> <span class=\"hps\" title=\"Cliquer ici pour voir d''autres traductions\">listing </span></span><span id=\"result_box\" lang=\"en\"><span class=\"hps\" title=\"Cliquer ici pour voir d''autres traductions\">the</span> <span class=\"hps\" title=\"Cliquer ici pour voir d''autres traductions\">number of</span> <span class=\"hps\" title=\"Cliquer ici pour voir d''autres traductions\">dogs</span> <span class=\"hps\" title=\"Cliquer ici pour voir d''autres traductions\">of this breed</span> <span class=\"hps\" title=\"Cliquer ici pour voir d''autres traductions\">in the</span> <span class=\"hps\" title=\"Cliquer ici pour voir d''autres traductions\">catalog</span></span></li>\n</ul>\n<p>\n\t<span lang=\"en\"><span class=\"hps\" title=\"Cliquer ici pour voir d''autres traductions\"> - item ID</span></span></p>\n<p>\n\t<span lang=\"en\"><span class=\"hps\" title=\"Cliquer ici pour voir d''autres traductions\"> - product ID</span></span></p>\n<p>\n\t<span lang=\"en\"><span class=\"hps\" title=\"Cliquer ici pour voir d''autres traductions\"> - description</span></span></p>\n<p>\n\t<span lang=\"en\"><span class=\"hps\" title=\"Cliquer ici pour voir d''autres traductions\"> - list price</span></span></p>\n<p>\n\t<span lang=\"en\"><span class=\"hps\" title=\"Cliquer ici pour voir d''autres traductions\"> - button <strong><span>Add to cart</span></strong></span></span></p>\n'), 
 (114, 309, '<div id=\"tsTableaction-80\">\n\t<p>\n\t\t<span class=\"short_text\" id=\"result_box\" lang=\"en\"><span class=\"hps\" title=\"Cliquer ici pour voir d''autres traductions\">Click on the link </span><span><span> Cats </span></span></span></p>\n</div>\n', '<div id=\"tsTableresult-80\">\n\t<ul>\n\t\t<li>\n\t\t\tOpening page<strong> <span>on the cats</span></strong></li>\n\t</ul>\n\t<ul>\n\t\t<li>\n\t\t\t<span id=\"result_box\" lang=\"en\"><strong><span><span class=\"hps\" title=\"Cliquer ici pour voir d''autres traductions\">Two-column table</span></span></strong> <span class=\"hps\" title=\"Cliquer ici pour voir d''autres traductions\">listing the</span> breeds <span class=\"hps\" title=\"Cliquer ici pour voir d''autres traductions\">of</span> <span class=\"hps\" title=\"Cliquer ici pour voir d''autres traductions\">cats</span> <span class=\"hps\" title=\"Cliquer ici pour voir d''autres traductions\">in the catalog </span></span></li>\n\t</ul>\n\t<p>\n\t\t<span lang=\"en\"><span class=\"hps\" title=\"Cliquer ici pour voir d''autres traductions\"> - </span></span><span id=\"result_box\" lang=\"en\"><span class=\"hps\" title=\"Cliquer ici pour voir d''autres traductions\">The first</span> <span class=\"hps\" title=\"Cliquer ici pour voir d''autres traductions\">column</span> <span class=\"hps\" title=\"Cliquer ici pour voir d''autres traductions\">lists</span> <span class=\"hps\" title=\"Cliquer ici pour voir d''autres traductions\">the</span> <span class=\"hps\" title=\"Cliquer ici pour voir d''autres traductions\">references of the</span> <span class=\"hps\" title=\"Cliquer ici pour voir d''autres traductions\">products (the breeds)</span></span></p>\n\t<p>\n\t\t<span lang=\"en\"><span class=\"hps\" title=\"Cliquer ici pour voir d''autres traductions\"> - </span></span><span id=\"result_box\" lang=\"en\"><span class=\"hps\" title=\"Cliquer ici pour voir d''autres traductions\">The</span> <span class=\"hps\" title=\"Cliquer ici pour voir d''autres traductions\">second</span> <span class=\"hps\" title=\"Cliquer ici pour voir d''autres traductions\">column the</span> <span class=\"hps\" title=\"Cliquer ici pour voir d''autres traductions\">name</span> <span class=\"hps\" title=\"Cliquer ici pour voir d''autres traductions\">of the</span> <span class=\"hps\" title=\"Cliquer ici pour voir d''autres traductions\">breeds</span> <span class=\"hps\" title=\"Cliquer ici pour voir d''autres traductions\">of</span> <span class=\"hps\" title=\"Cliquer ici pour voir d''autres traductions\">cats</span></span></p>\n</div>\n'), 
 (113, 308, '<p>\n\t<u><strong>Pr-requis :</strong></u></p>\n<p>\n\t02_Connection with a user account</p>\n', '<p>\n\tConnection with the user Jules</p>\n'), 
 (119, 314, '<p>\n\tClick on the link<strong><span> Main Menu </span></strong>on the top left of the page</p>\n', '<div id=\"tsTableresult-100\">\n\t<ul>\n\t\t<li>\n\t\t\tBack on the home page of the catalog from the user connected</li>\n\t\t<li>\n\t\t\t<span class=\"long_text short_text\" id=\"result_box\" lang=\"en\"><span class=\"hps\" title=\"Cliquer ici pour voir d''autres traductions\">Check that the</span> <span class=\"hps\" title=\"Cliquer ici pour voir d''autres traductions\">message</span> <span class=\"hps atn\" title=\"Cliquer ici pour voir d''autres traductions\"></span><span title=\"Cliquer ici pour voir d''autres traductions\">Welcome</span> <span class=\"hps\" title=\"Cliquer ici pour voir d''autres traductions\">Jules</span><span title=\"Cliquer ici pour voir d''autres traductions\"></span> appears <span class=\"hps\" title=\"Cliquer ici pour voir d''autres traductions\">in</span> <span class=\"hps\" title=\"Cliquer ici pour voir d''autres traductions\">top</span> <span class=\"hps\" title=\"Cliquer ici pour voir d''autres traductions\">left </span></span></li>\n\t</ul>\n</div>\n'), 
 (118, 313, '<p>\n\tClick on the link <strong><span>Manx</span></strong> on the top left of the page</p>\n', '<p>\n\tBack on the <strong><span>summary table</span> </strong>from the list of the<strong><span> Cats </span></strong>catalog.</p>\n'), 
 (80, 161, '<p>\n\t<span class=\"short_text\" id=\"result_box\" lang=\"en\"><span class=\"hps\" title=\"Cliquer ici pour voir d''autres traductions\">Click on the</span> <strong><span><span class=\"hps\" title=\"Cliquer ici pour voir d''autres traductions\">picture</span> <span class=\"hps\" title=\"Cliquer ici pour voir d''autres traductions\">of the dog</span></span></strong></span></p>\n', '<ul>\n\t<li>\n\t\tOpening page<strong> <span>on the dog</span></strong></li>\n</ul>\n<ul>\n\t<li>\n\t\t<span id=\"result_box\" lang=\"en\"><strong><span><span class=\"hps\" title=\"Cliquer ici pour voir d''autres traductions\">Two-column table</span></span></strong> <span class=\"hps\" title=\"Cliquer ici pour voir d''autres traductions\">listing the</span> breeds <span class=\"hps\" title=\"Cliquer ici pour voir d''autres traductions\">of</span> <span class=\"hps\" title=\"Cliquer ici pour voir d''autres traductions\">dogs</span> <span class=\"hps\" title=\"Cliquer ici pour voir d''autres traductions\">in the catalog </span></span></li>\n</ul>\n<p>\n\t<span lang=\"en\"><span class=\"hps\" title=\"Cliquer ici pour voir d''autres traductions\"> - </span></span><span id=\"result_box\" lang=\"en\"><span class=\"hps\" title=\"Cliquer ici pour voir d''autres traductions\">The first</span> <span class=\"hps\" title=\"Cliquer ici pour voir d''autres traductions\">column</span> <span class=\"hps\" title=\"Cliquer ici pour voir d''autres traductions\">lists</span> <span class=\"hps\" title=\"Cliquer ici pour voir d''autres traductions\">the</span> <span class=\"hps\" title=\"Cliquer ici pour voir d''autres traductions\">references of the</span> <span class=\"hps\" title=\"Cliquer ici pour voir d''autres traductions\">products (the species)</span></span></p>\n<p>\n\t<span lang=\"en\"><span class=\"hps\" title=\"Cliquer ici pour voir d''autres traductions\"> - </span></span><span id=\"result_box\" lang=\"en\"><span class=\"hps\" title=\"Cliquer ici pour voir d''autres traductions\">The</span> <span class=\"hps\" title=\"Cliquer ici pour voir d''autres traductions\">second</span> <span class=\"hps\" title=\"Cliquer ici pour voir d''autres traductions\">column the</span> <span class=\"hps\" title=\"Cliquer ici pour voir d''autres traductions\">name</span> <span class=\"hps\" title=\"Cliquer ici pour voir d''autres traductions\">of the</span> <span class=\"hps\" title=\"Cliquer ici pour voir d''autres traductions\">breeds</span> <span class=\"hps\" title=\"Cliquer ici pour voir d''autres traductions\">of</span> <span class=\"hps\" title=\"Cliquer ici pour voir d''autres traductions\">dogs</span></span></p>\n'), 
 (79, 160, '<p>\n\t<u><strong>Pr-requis :</strong></u></p>\n<p>\n\t02_Connection with a user account</p>\n', '<p>\n\tConnection with the user Jules</p>\n'), 
 (100, 260, '<p>\n\tClick on the link<strong><span> Main Menu </span></strong>on the top left of the page</p>\n', '<ul>\n\t<li>\n\t\tBack on the home page of the catalog from the user connected</li>\n\t<li>\n\t\t<span class=\"long_text short_text\" id=\"result_box\" lang=\"en\"><span class=\"hps\" title=\"Cliquer ici pour voir d''autres traductions\">Check that the</span> <span class=\"hps\" title=\"Cliquer ici pour voir d''autres traductions\">message</span> <span class=\"hps atn\" title=\"Cliquer ici pour voir d''autres traductions\"></span><span title=\"Cliquer ici pour voir d''autres traductions\">Welcome</span> <span class=\"hps\" title=\"Cliquer ici pour voir d''autres traductions\">Jules</span><span title=\"Cliquer ici pour voir d''autres traductions\"></span> appears <span class=\"hps\" title=\"Cliquer ici pour voir d''autres traductions\">in</span> <span class=\"hps\" title=\"Cliquer ici pour voir d''autres traductions\">top</span> <span class=\"hps\" title=\"Cliquer ici pour voir d''autres traductions\">left </span></span></li>\n</ul>\n'), 
 (99, 254, '<p>\n\tClick on the link<strong><span> Dalmation</span></strong> on the top left of the page</p>\n', '<p>\n\tBack on the <strong><span>summary table</span> </strong>from the list of the<strong><span> Dogs </span></strong>catalog.</p>\n'), 
 (98, 246, '<p>\n\tClick on the link <strong><span>Dalmation</span></strong> on the top left of the page</p>\n', '<p>\n\t<span id=\"result_box\" lang=\"en\"><span class=\"hps\" title=\"Cliquer ici pour voir d''autres traductions\">Back</span> <span class=\"hps\" title=\"Cliquer ici pour voir d''autres traductions\">on</span> <span class=\"hps\" title=\"Cliquer ici pour voir d''autres traductions\">the</span> <strong><span><span class=\"hps\" title=\"Cliquer ici pour voir d''autres traductions\">summary table</span></span></strong> <span class=\"hps\" title=\"Cliquer ici pour voir d''autres traductions\">from the<strong><span> list</span></strong></span><strong><span> <span class=\"hps\" title=\"Cliquer ici pour voir d''autres traductions\">of</span> <span class=\"hps\" title=\"Cliquer ici pour voir d''autres traductions\">Dalmatians</span> <span class=\"hps\" title=\"Cliquer ici pour voir d''autres traductions\">Catalog</span></span></strong></span></p>\n'), 
 (97, 181, '<p>\n\tClick on the item ID <span><b>EST-9.</b></span></p>\n', '<p>\n\t<span class=\"short_text\" id=\"result_box\" lang=\"en\"><span class=\"hps\" title=\"Cliquer ici pour voir d''autres traductions\">Opening</span> <span class=\"hps\" title=\"Cliquer ici pour voir d''autres traductions\">page</span> <span class=\"hps\" title=\"Cliquer ici pour voir d''autres traductions\">on</span> <span class=\"hps\" title=\"Cliquer ici pour voir d''autres traductions\">the description</span> <span class=\"hps\" title=\"Cliquer ici pour voir d''autres traductions\">of the</span> <span class=\"hps\" title=\"Cliquer ici pour voir d''autres traductions\">dog selected.</span></span></p>\n<p>\n\t<span class=\"short_text\" lang=\"en\"><span class=\"hps\" title=\"Cliquer ici pour voir d''autres traductions\"> - description</span></span></p>\n<p>\n\t<span class=\"short_text\" lang=\"en\"><span class=\"hps\" title=\"Cliquer ici pour voir d''autres traductions\"> - breed</span></span></p>\n<p>\n\t<span class=\"short_text\" lang=\"en\"><span class=\"hps\" title=\"Cliquer ici pour voir d''autres traductions\"> - stcok</span></span></p>\n<p>\n\t<span class=\"short_text\" lang=\"en\"><span class=\"hps\" title=\"Cliquer ici pour voir d''autres traductions\"> - price</span></span></p>\n<p>\n\t<span class=\"short_text\" lang=\"en\"><span class=\"hps\" title=\"Cliquer ici pour voir d''autres traductions\"> - button <strong><span>Add to cart</span></strong></span></span></p>\n'), 
 (96, 179, '<p>\n\t<span class=\"short_text\" id=\"result_box\" lang=\"en\"><span class=\"hps\" title=\"Cliquer ici pour voir d''autres traductions\">Click on the</span> <span class=\"hps\" title=\"Cliquer ici pour voir d''autres traductions\">reference<span> </span></span></span><span><b><a href=\"http://localhost:8080/shop/viewProduct.do?productId=K9-DL-01\">K9-DL-01 </a></b></span><span class=\"short_text\" id=\"result_box\" lang=\"en\"><span class=\"hps\" title=\"Cliquer ici pour voir d''autres traductions\">the</span> <span class=\"hps\" title=\"Cliquer ici pour voir d''autres traductions\">product ID</span> <span class=\"hps\" title=\"Cliquer ici pour voir d''autres traductions\">column</span> (</span>Dalmation)</p>\n<p>\n\t<font><b></b></font></p>\n', '<ul>\n\t<li>\n\t\tOpening page<strong> <span>on Dalmation</span></strong></li>\n</ul>\n<ul>\n\t<li>\n\t\t<span id=\"result_box\" lang=\"en\"><strong><span><span class=\"hps\" title=\"Cliquer ici pour voir d''autres traductions\">Five-column table</span></span></strong> <span class=\"hps\" title=\"Cliquer ici pour voir d''autres traductions\">listing </span></span><span id=\"result_box\" lang=\"en\"><span class=\"hps\" title=\"Cliquer ici pour voir d''autres traductions\">the</span> <span class=\"hps\" title=\"Cliquer ici pour voir d''autres traductions\">number of</span> <span class=\"hps\" title=\"Cliquer ici pour voir d''autres traductions\">dogs</span> <span class=\"hps\" title=\"Cliquer ici pour voir d''autres traductions\">of this breed</span> <span class=\"hps\" title=\"Cliquer ici pour voir d''autres traductions\">in the</span> <span class=\"hps\" title=\"Cliquer ici pour voir d''autres traductions\">catalog</span></span></li>\n</ul>\n<p>\n\t<span lang=\"en\"><span class=\"hps\" title=\"Cliquer ici pour voir d''autres traductions\"> - item ID</span></span></p>\n<p>\n\t<span lang=\"en\"><span class=\"hps\" title=\"Cliquer ici pour voir d''autres traductions\"> - product ID</span></span></p>\n<p>\n\t<span lang=\"en\"><span class=\"hps\" title=\"Cliquer ici pour voir d''autres traductions\"> - description</span></span></p>\n<p>\n\t<span lang=\"en\"><span class=\"hps\" title=\"Cliquer ici pour voir d''autres traductions\"> - list price</span></span></p>\n<p>\n\t<span lang=\"en\"><span class=\"hps\" title=\"Cliquer ici pour voir d''autres traductions\"> - button <strong><span>Add to cart</span></strong></span></span></p>\n<p>\n\t<span lang=\"en\"><span class=\"hps\" title=\"Cliquer ici pour voir d''autres traductions\"> </span></span></p>\n'), 
 (88, 171, '<p>\n\tClick on the link <strong><span>Prev</span></strong>at the bottom left of the table.</p>\n', '<p>\n\t<span id=\"result_box\" lang=\"en\"><span class=\"hps\" title=\"Cliquer ici pour voir d''autres traductions\">Return</span> <span class=\"hps\" title=\"Cliquer ici pour voir d''autres traductions\">to the original table</span> <span class=\"hps\" title=\"Cliquer ici pour voir d''autres traductions\">showing</span> <span class=\"hps\" title=\"Cliquer ici pour voir d''autres traductions\">the</span> <span class=\"hps\" title=\"Cliquer ici pour voir d''autres traductions\">top of the list</span></span></p>\n'), 
 (87, 168, '<p>\n\t<span class=\"short_text\" id=\"result_box\" lang=\"en\"><span class=\"hps\" title=\"Cliquer ici pour voir d''autres traductions\">Click</span> <span class=\"hps\" title=\"Cliquer ici pour voir d''autres traductions\">on the link <strong><span>Next </span></strong></span></span><span class=\"short_text\" id=\"result_box\" lang=\"en\"><span class=\"hps\" title=\"Cliquer ici pour voir d''autres traductions\">at the</span> <span class=\"hps\" title=\"Cliquer ici pour voir d''autres traductions\">bottom</span> <span class=\"hps\" title=\"Cliquer ici pour voir d''autres traductions\">left</span> <span class=\"hps\" title=\"Cliquer ici pour voir d''autres traductions\">of</span> <span class=\"hps\" title=\"Cliquer ici pour voir d''autres traductions\">table</span></span></p>\n', '<p>\n\t<span id=\"result_box\" lang=\"en\"><span class=\"hps\" title=\"Cliquer ici pour voir d''autres traductions\">The</span> <span class=\"hps\" title=\"Cliquer ici pour voir d''autres traductions\">end</span> <span class=\"hps\" title=\"Cliquer ici pour voir d''autres traductions\">of the list</span> <span class=\"hps\" title=\"Cliquer ici pour voir d''autres traductions\">of</span> <span class=\"hps\" title=\"Cliquer ici pour voir d''autres traductions\">species</span> <span class=\"hps\" title=\"Cliquer ici pour voir d''autres traductions\">is</span> <span class=\"hps\" title=\"Cliquer ici pour voir d''autres traductions\">displayed</span> <span class=\"hps\" title=\"Cliquer ici pour voir d''autres traductions\">in</span> <span class=\"hps\" title=\"Cliquer ici pour voir d''autres traductions\">a</span> <span class=\"hps\" title=\"Cliquer ici pour voir d''autres traductions\">table</span> <span class=\"hps\" title=\"Cliquer ici pour voir d''autres traductions\">that</span> <span class=\"hps\" title=\"Cliquer ici pour voir d''autres traductions\">replaces</span> <span class=\"hps\" title=\"Cliquer ici pour voir d''autres traductions\">the</span> <span class=\"hps\" title=\"Cliquer ici pour voir d''autres traductions\">previous table</span> <span class=\"hps\" title=\"Cliquer ici pour voir d''autres traductions\">in the</span> <span class=\"hps\" title=\"Cliquer ici pour voir d''autres traductions\">page.</span></span></p>\n'), 
 (128, 332, '<p>\n\tClick on the button <strong><span>Continue</span></strong></p>\n', '<ul>\n\t<li>\n\t\tOpening a summary order form</li>\n\t<li>\n\t\tThe message <strong><span>Thank you, your order has been submitted </span></strong>appears above the table.</li>\n\t<li>\n\t\t<span id=\"result_box\" lang=\"en\"><span class=\"hps\" title=\"Cliquer ici pour voir d''autres traductions\">Compare</span> <span class=\"hps\" title=\"Cliquer ici pour voir d''autres traductions\">information</span> <span class=\"hps\" title=\"Cliquer ici pour voir d''autres traductions\">with</span> <span class=\"hps\" title=\"Cliquer ici pour voir d''autres traductions\">those</span> <span class=\"hps\" title=\"Cliquer ici pour voir d''autres traductions\">in the attached document <strong><span>order_part2.docx</span></strong></span></span></li>\n</ul>\n'), 
 (127, 331, '<p>\n\tClick on the button <strong><span>Submit</span></strong></p>\n', '<ul>\n\t<li>\n\t\t<span class=\"short_text\" id=\"result_box\" lang=\"en\"><span class=\"hps\" title=\"Cliquer ici pour voir d''autres traductions\">Opening</span> <span class=\"hps\" title=\"Cliquer ici pour voir d''autres traductions\">a</span> <span class=\"hps\" title=\"Cliquer ici pour voir d''autres traductions\">summary form</span> <span class=\"hps\" title=\"Cliquer ici pour voir d''autres traductions\">billing address and shipping address. </span></span></li>\n\t<li>\n\t\t<span id=\"result_box\" lang=\"en\"><span class=\"hps\" title=\"Cliquer ici pour voir d''autres traductions\">Compare</span> <span class=\"hps\" title=\"Cliquer ici pour voir d''autres traductions\">information</span> <span class=\"hps\" title=\"Cliquer ici pour voir d''autres traductions\">with</span> <span class=\"hps\" title=\"Cliquer ici pour voir d''autres traductions\">those</span> <span class=\"hps\" title=\"Cliquer ici pour voir d''autres traductions\">in the attached document <strong><span>order_part1.docx</span></strong></span></span></li>\n</ul>\n'), 
 (126, 329, '<p>\n\tClick on the button <span><strong>Continue</strong></span></p>\n', '<p>\n\tOpening summary table <span class=\"short_text\" id=\"result_box\" lang=\"en\"><span class=\"hps\" title=\"Cliquer ici pour voir d''autres traductions\">whose</span> <span class=\"hps\" title=\"Cliquer ici pour voir d''autres traductions\">fields are</span> <span class=\"hps\" title=\"Cliquer ici pour voir d''autres traductions\">already</span> <span class=\"hps\" title=\"Cliquer ici pour voir d''autres traductions\">filled (table for</span></span> <strong><span>payment details</span></strong> and <span><strong>billing address</strong></span>)</p>\n<p>\n\t<u><strong>payment details :</strong></u></p>\n<ul>\n\t<li>\n\t\tCard Type: select <span>Master Card</span></li>\n\t<li>\n\t\tCard Number : enter<span> 123 3456 7891 1234</span></li>\n\t<li>\n\t\tExpiry Date (MM/YYYY): enter<span> </span><span>valid date</span></li>\n</ul>\n<p>\n\t<u><strong>check information from billing address fields</strong></u></p>\n<ul>\n\t<li>\n\t\tFirst name: Jules</li>\n\t<li>\n\t\tLast name: Martin</li>\n\t<li>\n\t\tAddress 1: 82 rue Saint Hellier</li>\n\t<li>\n\t\tAddress 2: (empty)</li>\n\t<li>\n\t\tCity: paris 12</li>\n\t<li>\n\t\tState: Paris</li>\n\t<li>\n\t\tZip:75012</li>\n\t<li>\n\t\tCountry:75012</li>\n\t<li>\n\t\tShip to different address... : unchecked</li>\n</ul>\n'), 
 (123, 325, '<p>\n\tClick on the button<strong><span> Proceed to checkout</span></strong></p>\n', '<ul>\n\t<li>\n\t\tOpening <strong><span>Checkout Summary</span></strong> table</li>\n\t<li>\n\t\tOne line with the summary of the order :</li>\n</ul>\n<p>\n\t - item ID :<strong><span> EST - 9</span></strong></p>\n<p>\n\t - product ID : <strong><span>K9-DL-01</span></strong></p>\n<p>\n\t<strong><span></span></strong> - description : <strong><span>Spotless Male Puppy Dalmation</span></strong></p>\n<p>\n\t<strong><span> - </span></strong>in Stock? : <span><strong>true</strong></span></p>\n<p>\n\t - Quantity : <strong><span>5</span></strong></p>\n<p>\n\t - List Price : <strong><span>$18.50</span></strong></p>\n<p>\n\t - Total Cost : <span><strong>$92.50</strong></span></p>\n<p>\n\t - Sub Total : <span><strong>$92.50</strong></span></p>'), 
 (122, 324, '<ol>\n\t<li>\n\t\tClean <span><strong>Quantity field</strong></span></li>\n\t<li>\n\t\t<span class=\"short_text\" id=\"result_box\" lang=\"en\"><span class=\"hps\" title=\"Cliquer ici pour voir d''autres traductions\">Enter </span><strong><span><span class=\"hps\" title=\"Cliquer ici pour voir d''autres traductions\">5</span></span></strong> <span class=\"hps\" title=\"Cliquer ici pour voir d''autres traductions\">in</span> <span class=\"hps\" title=\"Cliquer ici pour voir d''autres traductions\">the</span> <span class=\"hps\" title=\"Cliquer ici pour voir d''autres traductions\">field</span></span></li>\n\t<li>\n\t\t<span class=\"short_text\" lang=\"en\"><span class=\"hps\" title=\"Cliquer ici pour voir d''autres traductions\">Click on the <strong><span>Update cart</span></strong> button</span></span></li>\n</ol>\n', '<ul>\n\t<li>\n\t\t<span class=\"short_text\" id=\"result_box\" lang=\"en\"><span class=\"hps\" title=\"Cliquer ici pour voir d''autres traductions\">Check</span> <span class=\"hps\" title=\"Cliquer ici pour voir d''autres traductions\">the value</span> <span class=\"hps\" title=\"Cliquer ici pour voir d''autres traductions\">in the</span> <span class=\"hps\" title=\"Cliquer ici pour voir d''autres traductions\">column</span> <span><strong><span class=\"hps\" title=\"Cliquer ici pour voir d''autres traductions\">Total</span> </strong></span><span class=\"hps\" title=\"Cliquer ici pour voir d''autres traductions\"><span><strong>cost :</strong></span> <strong><span>$92,50 </span></strong></span></span></li>\n\t<li>\n\t\t<span class=\"short_text\" id=\"result_box\" lang=\"en\"><span class=\"hps\" title=\"Cliquer ici pour voir d''autres traductions\">Check</span> <span class=\"hps\" title=\"Cliquer ici pour voir d''autres traductions\">the value <strong><span>Sub Total :</span></strong></span></span><span class=\"short_text\" id=\"result_box\" lang=\"en\"><span class=\"hps\" title=\"Cliquer ici pour voir d''autres traductions\"><strong><span>$92,50 </span></strong></span></span><span class=\"short_text\" id=\"result_box\" lang=\"en\"><span class=\"hps\" title=\"Cliquer ici pour voir d''autres traductions\"><strong><span></span></strong></span> </span></li>\n</ul>\n<p>\n\t<span class=\"short_text\" lang=\"en\"><span class=\"hps\" title=\"Cliquer ici pour voir d''autres traductions\">92, 50 = 5 (quantity) * 18.50(price)</span></span></p>'), 
 (121, 319, '<p>\n\tOn the line with the item <span><strong>EST-9</strong></span>, click on button <strong><span>Add to cart</span></strong></p>\n', '<p>\n\tOpening <strong><span>Shopping Cart table</span></strong></p>\n<p>\n\t<span><em>cf </em></span><span><em><span class=\"short_text\" id=\"result_box\" lang=\"en\"><span class=\"hps\" title=\"Cliquer ici pour voir d''autres traductions\">attachment shopping cart PS.docx</span></span></em></span></p>\n'), 
 (120, 317, '<p>\n\t<u><strong>Prrequis :</strong></u></p>\n<p>\n\t<span class=\"short_text\" id=\"result_box\" lang=\"en\"><span class=\"hps\" title=\"Cliquer ici pour voir d''autres traductions\">Execute</span> <span class=\"hps\" title=\"Cliquer ici pour voir d''autres traductions\">the</span> <span class=\"hps\" title=\"Cliquer ici pour voir d''autres traductions\">first 6</span> <span class=\"hps\" title=\"Cliquer ici pour voir d''autres traductions\">steps</span> <span class=\"hps\" title=\"Cliquer ici pour voir d''autres traductions\">of</span></span> 411_picture research links</p>\n', '<p>\n\t<span class=\"short_text\" id=\"result_box\" lang=\"en\"><span class=\"hps\" title=\"Cliquer ici pour voir d''autres traductions\">Opening</span> <span class=\"hps\" title=\"Cliquer ici pour voir d''autres traductions\">page</span> <span class=\"hps\" title=\"Cliquer ici pour voir d''autres traductions\">on</span> <span class=\"hps\" title=\"Cliquer ici pour voir d''autres traductions\">the description</span> <span class=\"hps\" title=\"Cliquer ici pour voir d''autres traductions\">of the</span> <span class=\"hps\" title=\"Cliquer ici pour voir d''autres traductions\">dog selected.</span></span></p>\n<p>\n\t<span class=\"short_text\" lang=\"en\"><span class=\"hps\" title=\"Cliquer ici pour voir d''autres traductions\"> - description</span></span></p>\n<p>\n\t<span class=\"short_text\" lang=\"en\"><span class=\"hps\" title=\"Cliquer ici pour voir d''autres traductions\"> - breed</span></span></p>\n<p>\n\t<span class=\"short_text\" lang=\"en\"><span class=\"hps\" title=\"Cliquer ici pour voir d''autres traductions\"> - stock</span></span></p>\n<p>\n\t<span class=\"short_text\" lang=\"en\"><span class=\"hps\" title=\"Cliquer ici pour voir d''autres traductions\"> - price</span></span></p>\n<p>\n\t<span class=\"short_text\" lang=\"en\"><span class=\"hps\" title=\"Cliquer ici pour voir d''autres traductions\"> - button <strong><span>Add to cart</span></strong></span></span></p>\n'), 
 (125, 328, '<p>\n\tClick on the button<strong><span> Remove</span></strong></p>\n', '<p>\n\t-</p>\n'), 
 (124, 327, '<p>\n\t<u><strong>Prrequis :</strong></u></p>\n<p>\n\t<span class=\"short_text\" id=\"result_box\" lang=\"en\"><span class=\"hps\" title=\"Cliquer ici pour voir d''autres traductions\">Execute</span> </span>511_purchase after searching through the photo link</p>\n', '<p>\n\t-</p>\n'), 
 (66, 131, '<p>\n\tClick on the link <strong><span>Sign-out</span></strong></p>\n', '<ul>\n\t<li>\n\t\tThe link<strong><span> MyAccount <span class=\"short_text\" lang=\"en\"><span class=\"hps\" title=\"Cliquer ici pour voir d''autres traductions\">disappears.</span></span></span></strong></li>\n\t<li>\n\t\t<span class=\"short_text\" id=\"result_box\" lang=\"en\"><span class=\"hps\" title=\"Cliquer ici pour voir d''autres traductions\">The</span> <span class=\"hps\" title=\"Cliquer ici pour voir d''autres traductions\">link</span> <span class=\"hps\" title=\"Cliquer ici pour voir d''autres traductions\"><strong><span>Sign-out</span></strong> is</span> <span class=\"hps\" title=\"Cliquer ici pour voir d''autres traductions\">replaced</span> <span class=\"hps\" title=\"Cliquer ici pour voir d''autres traductions\">by the</span> <span class=\"hps\" title=\"Cliquer ici pour voir d''autres traductions\">link </span></span><span class=\"short_text\" id=\"result_box\" lang=\"en\"><span class=\"hps\" title=\"Cliquer ici pour voir d''autres traductions\"><strong><span>Sign-in</span></strong></span></span></li>\n</ul>\n');

Insert into TEST_STEP(TEST_STEP_ID, ATTACHMENT_LIST_ID, ACTION, EXPECTED_RESULT) values 
 (65, 130, '<div id=\"tsTableaction-59\">\n\t<div id=\"tsTableaction-54\">\n\t\t<ol>\n\t\t\t<li>\n\t\t\t\t<strong><span>Clean</span></strong> the username textfield</li>\n\t\t\t<li>\n\t\t\t\tEnter : <strong><span>Jules</span></strong></li>\n\t\t\t<li>\n\t\t\t\t<strong><span>Clean</span></strong> the password textfield</li>\n\t\t\t<li>\n\t\t\t\tEnter the new password: <strong><span><span>bestioles12</span></span></strong></li>\n\t\t\t<li>\n\t\t\t\tClick on the <strong><span>Submit</span></strong> button</li>\n\t\t</ol>\n\t</div>\n</div>\n', '<div id=\"tsTableresult-62\">\n\t<div id=\"tsTableresult-50\">\n\t\t<div id=\"tsTableresult-50\">\n\t\t\t<ul>\n\t\t\t\t<li>\n\t\t\t\t\t<span class=\"short_text\" id=\"result_box\" lang=\"en\"><span class=\"hps\" title=\"Cliquer ici pour voir d''autres traductions\">The</span> <strong><span><span class=\"hps\" title=\"Cliquer ici pour voir d''autres traductions\">new</span> <span class=\"hps\" title=\"Cliquer ici pour voir d''autres traductions\">password</span> </span></strong><span class=\"hps\" title=\"Cliquer ici pour voir d''autres traductions\">has</span> <span class=\"hps\" title=\"Cliquer ici pour voir d''autres traductions\">been</span> <span><strong><span class=\"hps\" title=\"Cliquer ici pour voir d''autres traductions\">saved</span></strong></span></span></li>\n\t\t\t\t<li>\n\t\t\t\t\tOpening home page of the catalog</li>\n\t\t\t\t<li>\n\t\t\t\t\tThe link <span><strong>MyAccount </strong></span>appears in top right of the page</li>\n\t\t\t\t<li>\n\t\t\t\t\tThe link <strong><span><span>Sign-out </span></span></strong>appears in top right of the page</li>\n\t\t\t</ul>\n\t\t</div>\n\t</div>\n</div>\n'), 
 (64, 129, '<p>\n\t<span class=\"short_text\" id=\"result_box\" lang=\"en\"><span class=\"hps\" title=\"Cliquer ici pour voir d''autres traductions\">Click</span> <span class=\"hps\" title=\"Cliquer ici pour voir d''autres traductions\">on</span> <span class=\"hps\" title=\"Cliquer ici pour voir d''autres traductions\">the link</span> <strong><span>Sign in</span></strong> <span class=\"hps\" title=\"Cliquer ici pour voir d''autres traductions\">again</span></span></p>\n', '<div id=\"tsTableresult-13\">\n\t<p>\n\t\t<span class=\"short_text\" id=\"result_box\" lang=\"en\"><span class=\"hps\" title=\"Cliquer ici pour voir d''autres traductions\">Opening</span> <span class=\"hps\" title=\"Cliquer ici pour voir d''autres traductions\">screen</span> <span class=\"hps\" title=\"Cliquer ici pour voir d''autres traductions\">user authentication</span> <span class=\"hps\" title=\"Cliquer ici pour voir d''autres traductions\">default.</span></span></p>\n\t<ul>\n\t\t<li>\n\t\t\t<span class=\"short_text\" lang=\"en\"><span class=\"hps\" title=\"Cliquer ici pour voir d''autres traductions\">username text field</span></span> <span class=\"short_text\" id=\"result_box\" lang=\"en\"><span class=\"hps\" title=\"Cliquer ici pour voir d''autres traductions\">is</span> <span class=\"hps\" title=\"Cliquer ici pour voir d''autres traductions\">already</span> <span class=\"hps\" title=\"Cliquer ici pour voir d''autres traductions\">filled </span></span><span class=\"short_text\" id=\"result_box\" lang=\"en\"><span class=\"hps\" title=\"Cliquer ici pour voir d''autres traductions\">by the</span> <span class=\"hps\" title=\"Cliquer ici pour voir d''autres traductions\">name of</span> <span class=\"hps\" title=\"Cliquer ici pour voir d''autres traductions\">the</span> <span class=\"hps\" title=\"Cliquer ici pour voir d''autres traductions\">default user</span></span></li>\n\t\t<li>\n\t\t\tpassword<span class=\"short_text\" lang=\"en\"><span class=\"hps\" title=\"Cliquer ici pour voir d''autres traductions\"> text field</span></span> <span class=\"short_text\" id=\"result_box\" lang=\"en\"><span class=\"hps\" title=\"Cliquer ici pour voir d''autres traductions\">is</span> <span class=\"hps\" title=\"Cliquer ici pour voir d''autres traductions\">already</span> <span class=\"hps\" title=\"Cliquer ici pour voir d''autres traductions\">filled </span></span><span class=\"short_text\" id=\"result_box\" lang=\"en\"><span class=\"hps\" title=\"Cliquer ici pour voir d''autres traductions\">by the</span> <span class=\"hps\" title=\"Cliquer ici pour voir d''autres traductions\">password of</span> <span class=\"hps\" title=\"Cliquer ici pour voir d''autres traductions\">the</span> <span class=\"hps\" title=\"Cliquer ici pour voir d''autres traductions\">default user</span></span></li>\n\t</ul>\n</div>\n'), 
 (63, 128, '<p>\n\tClick on the link<strong><span> Sign-out</span></strong>.</p>\n', '<ul>\n\t<li>\n\t\tThe link<strong><span> MyAccount <span class=\"short_text\" lang=\"en\"><span class=\"hps\" title=\"Cliquer ici pour voir d''autres traductions\">disappears.</span></span></span></strong></li>\n\t<li>\n\t\t<span class=\"short_text\" id=\"result_box\" lang=\"en\"><span class=\"hps\" title=\"Cliquer ici pour voir d''autres traductions\">The</span> <span class=\"hps\" title=\"Cliquer ici pour voir d''autres traductions\">link</span> <span class=\"hps\" title=\"Cliquer ici pour voir d''autres traductions\"><strong><span>Sign-out</span></strong> is</span> <span class=\"hps\" title=\"Cliquer ici pour voir d''autres traductions\">replaced</span> <span class=\"hps\" title=\"Cliquer ici pour voir d''autres traductions\">by the</span> <span class=\"hps\" title=\"Cliquer ici pour voir d''autres traductions\">link </span></span><span class=\"short_text\" id=\"result_box\" lang=\"en\"><span class=\"hps\" title=\"Cliquer ici pour voir d''autres traductions\"><strong><span>Sign-in</span></strong></span></span></li>\n</ul>\n'), 
 (62, 127, '<ol>\n\t<li>\n\t\tEnter the following data in New password textfield : <strong><span>bestioles12</span></strong></li>\n\t<li>\n\t\tEnter the same data in Repeat password textfield : <strong><span>bestioles12</span></strong></li>\n\t<li>\n\t\tClick on <strong><span>Submit </span></strong>button</li>\n</ol>\n', '<div id=\"tsTableresult-50\">\n\t<div id=\"tsTableresult-50\">\n\t\t<ul>\n\t\t\t<li>\n\t\t\t\tOpening home page of the catalog</li>\n\t\t\t<li>\n\t\t\t\tThe link <span><strong>MyAccount </strong></span>appears in top right of the page</li>\n\t\t\t<li>\n\t\t\t\tThe link <strong><span><span>Sign-out </span></span></strong>appears in top right of the page</li>\n\t\t</ul>\n\t</div>\n</div>\n'), 
 (61, 126, '<p>\n\tClick on the link<strong><span> MyAccount</span></strong>.</p>\n', '<ul>\n\t<li>\n\t\t<span id=\"result_box\" lang=\"en\"><span class=\"hps\" title=\"Cliquer ici pour voir d''autres traductions\">Opening</span> <span class=\"hps\" title=\"Cliquer ici pour voir d''autres traductions\">of the registration form</span> <span class=\"hps\" title=\"Cliquer ici pour voir d''autres traductions\">with</span> text<span class=\"hps\" title=\"Cliquer ici pour voir d''autres traductions\">fields</span> <span class=\"hps\" title=\"Cliquer ici pour voir d''autres traductions\">filled.</span></span></li>\n\t<li>\n\t\t<span id=\"result_box\" lang=\"en\"><span class=\"hps\" title=\"Cliquer ici pour voir d''autres traductions\">All</span> <span class=\"hps\" title=\"Cliquer ici pour voir d''autres traductions\">fields</span> <span class=\"hps\" title=\"Cliquer ici pour voir d''autres traductions\">are</span> <span class=\"hps\" title=\"Cliquer ici pour voir d''autres traductions\">editable</span> <span class=\"hps\" title=\"Cliquer ici pour voir d''autres traductions\">except</span> <span class=\"hps\" title=\"Cliquer ici pour voir d''autres traductions\">the</span> <span class=\"hps\" title=\"Cliquer ici pour voir d''autres traductions\">User</span> <span class=\"hps\" title=\"Cliquer ici pour voir d''autres traductions\">ID</span></span></li>\n\t<li>\n\t\t<span id=\"result_box\" lang=\"en\"><span class=\"hps\" title=\"Cliquer ici pour voir d''autres traductions\">The</span> <span class=\"hps\" title=\"Cliquer ici pour voir d''autres traductions\">field</span>s<strong><span> <span class=\"hps\" title=\"Cliquer ici pour voir d''autres traductions\"></span></span></strong></span><strong><span>New password </span></strong>and <strong><span>Repeat password</span></strong> are <span id=\"result_box\" lang=\"en\"><span class=\"hps\" title=\"Cliquer ici pour voir d''autres traductions\">empty.</span></span></li>\n</ul>\n'), 
 (59, 124, '<div id=\"tsTableaction-54\">\n\t<ol>\n\t\t<li>\n\t\t\t<strong><span>Clean</span></strong> the username textfield</li>\n\t\t<li>\n\t\t\tEnter : <strong><span>Jules</span></strong></li>\n\t\t<li>\n\t\t\t<strong><span>Clean</span></strong> the password textfield</li>\n\t\t<li>\n\t\t\tEnter : <strong><span><span>animals12</span></span></strong></li>\n\t\t<li>\n\t\t\tClick on the <strong><span>Submit</span></strong> button</li>\n\t</ol>\n</div>\n', '<div id=\"tsTableresult-54\">\n\t<div id=\"tsTableresult-27\">\n\t\t<ul>\n\t\t\t<li>\n\t\t\t\tOpening the home page of the catalog.</li>\n\t\t\t<li>\n\t\t\t\tThe link <span><strong>MyAccount</strong></span> appears in top right of the page.</li>\n\t\t</ul>\n\t</div>\n</div>\n'), 
 (58, 123, '<p>\n\tClick on <strong><span>Submit</span></strong> button</p>\n', '<div id=\"tsTableresult-27\">\n\t<div id=\"tsTableresult-54\">\n\t\t<div id=\"tsTableresult-27\">\n\t\t\t<div id=\"tsTableresult-62\">\n\t\t\t\t<div id=\"tsTableresult-50\">\n\t\t\t\t\t<div id=\"tsTableresult-50\">\n\t\t\t\t\t\t<ul>\n\t\t\t\t\t\t\t<li>\n\t\t\t\t\t\t\t\tOpening home page of the catalog</li>\n\t\t\t\t\t\t\t<li>\n\t\t\t\t\t\t\t\tThe link <span><strong>MyAccount </strong></span>appears in top right of the page</li>\n\t\t\t\t\t\t\t<li>\n\t\t\t\t\t\t\t\tThe link <strong><span><span>Sign-out </span></span></strong>appears in top right of the page</li>\n\t\t\t\t\t\t</ul>\n\t\t\t\t\t</div>\n\t\t\t\t</div>\n\t\t\t</div>\n\t\t</div>\n\t</div>\n</div>\n'), 
 (57, 122, '<p>\n\tClick on the link<strong><span> Sign in</span></strong></p>\n', '<div id=\"tsTableresult-13\">\n\t<p>\n\t\t<span class=\"short_text\" id=\"result_box\" lang=\"en\"><span class=\"hps\" title=\"Cliquer ici pour voir d''autres traductions\">Opening</span> <span class=\"hps\" title=\"Cliquer ici pour voir d''autres traductions\">screen</span> <span class=\"hps\" title=\"Cliquer ici pour voir d''autres traductions\">user authentication</span> <span class=\"hps\" title=\"Cliquer ici pour voir d''autres traductions\">default.</span></span></p>\n\t<ul>\n\t\t<li>\n\t\t\t<span class=\"short_text\" lang=\"en\"><span class=\"hps\" title=\"Cliquer ici pour voir d''autres traductions\">username text field</span></span> <span class=\"short_text\" id=\"result_box\" lang=\"en\"><span class=\"hps\" title=\"Cliquer ici pour voir d''autres traductions\">is</span> <span class=\"hps\" title=\"Cliquer ici pour voir d''autres traductions\">already</span> <span class=\"hps\" title=\"Cliquer ici pour voir d''autres traductions\">filled </span></span><span class=\"short_text\" id=\"result_box\" lang=\"en\"><span class=\"hps\" title=\"Cliquer ici pour voir d''autres traductions\">by the</span> <span class=\"hps\" title=\"Cliquer ici pour voir d''autres traductions\">name of</span> <span class=\"hps\" title=\"Cliquer ici pour voir d''autres traductions\">the</span> <span class=\"hps\" title=\"Cliquer ici pour voir d''autres traductions\">default user</span></span></li>\n\t\t<li>\n\t\t\tpassword<span class=\"short_text\" lang=\"en\"><span class=\"hps\" title=\"Cliquer ici pour voir d''autres traductions\"> text field</span></span> <span class=\"short_text\" id=\"result_box\" lang=\"en\"><span class=\"hps\" title=\"Cliquer ici pour voir d''autres traductions\">is</span> <span class=\"hps\" title=\"Cliquer ici pour voir d''autres traductions\">already</span> <span class=\"hps\" title=\"Cliquer ici pour voir d''autres traductions\">filled </span></span><span class=\"short_text\" id=\"result_box\" lang=\"en\"><span class=\"hps\" title=\"Cliquer ici pour voir d''autres traductions\">by the</span> <span class=\"hps\" title=\"Cliquer ici pour voir d''autres traductions\">password of</span> <span class=\"hps\" title=\"Cliquer ici pour voir d''autres traductions\">the</span> <span class=\"hps\" title=\"Cliquer ici pour voir d''autres traductions\">default user</span></span></li>\n\t</ul>\n</div>\n'), 
 (56, 121, '<p>\n\t<u><strong>Pr-requis 2 :</strong></u></p>\n<p>\n\t<span id=\"result_box\" lang=\"en\"><span class=\"hps\" title=\"Cliquer ici pour voir d''autres traductions\">A </span><span class=\"hps\" title=\"Cliquer ici pour voir d''autres traductions\">user account</span> <span class=\"hps\" title=\"Cliquer ici pour voir d''autres traductions\">other than</span> <span class=\"hps\" title=\"Cliquer ici pour voir d''autres traductions\">the</span> <span class=\"hps\" title=\"Cliquer ici pour voir d''autres traductions\">default account</span> <span class=\"hps\" title=\"Cliquer ici pour voir d''autres traductions\">has</span> <span class=\"hps\" title=\"Cliquer ici pour voir d''autres traductions\">been</span> <span class=\"hps\" title=\"Cliquer ici pour voir d''autres traductions\">created</span></span></p>\n<p>\n\tcf : 02_Creat an account / 01_Nominal Case</p>\n', '<p>\n\t-</p>\n'), 
 (55, 120, '<p>\n\t<strong><u>Pr-requis 1 :</u></strong></p>\n<p>\n\tURL :</p>\n<p>\n\t<a href=\"http://localhost:8080/\">http://localhost:8080/</a></p>\n', '<p>\n\t-</p>\n'), 
 (134, 357, '<p>\n\tValidate your search by :</p>\n<p>\n\tHitting <span>Enter</span>.</p>\n<p>\n\tOR</p>\n<p>\n\tClicking on the link <span>Search</span>.</p>\n', '<p>\n\tAccess to the <span>Catalogue</span> screen.</p>\n<p>\n\tA table with the results corresponding to the search is displayed.</p>\n'), 
 (133, 356, '<p>\n\tType something in (ex: <span>Birds</span>).</p>\n', '<p>\n\tSomething (ex: <span>Birds</span>) is displayed into the text box.</p>\n'), 
 (132, 355, '<p>\n\t<u><strong>Prrequis :</strong></u></p>\n<p>\n\t-</p>\n', '<p>\n\t-</p>\n'), 
 (1, 3, '<p>\n\tPR</p>\n', '<p>\n\t-</p>\n'), 
 (82, 163, '<p>\n\t<em><u>Successful test :</u></em></p>\n<p>\n\tThe success icon <strong><span>V </span></strong>is diplayed in the Check column.</p>\n', '<p>\n\tThe success icon <strong><span>V </span></strong>is displayed.</p>\n<p>\n\t</p>\n<p>\n\tThe payment is <span>valid</span>.</p>\n'), 
 (81, 162, '<p>\n\t<em><u>Check data : </u></em></p>\n<p>\n\tThe process checks the following data :</p>\n<ol>\n\t<li>\n\t\tThe expiry date <span>has not been reached</span>.</li>\n\t<li>\n\t\tThe card number is <span>valid</span>.</li>\n\t<li>\n\t\tDuring the process, the text Card data checked is displayed.</li>\n</ol>\n', '<ol>\n\t<li>\n\t\tThe expiry date <span>has not been reached</span>.</li>\n\t<li>\n\t\tThe card number is <span>valid</span>.</li>\n\t<li>\n\t\tThe text Card data checked is displayed.</li>\n</ol>\n<p>\n\tAt the end of the process, the test is <span><strong>successful</strong></span>.</p>\n'), 
 (78, 158, '<p>\n\t<em><u>Check payment :</u></em></p>\n<p>\n\tClick on the icon <img alt=\"\" src=\"data:image/pnbase64,iVBORw0KGgoAAAANSUhEUgAAAA8AAAAQCAIAAABGNLJTAAAAb0lEQVQokWP4TwpgQOY0z9pmEduFjLLaVgys6rKJG7Grfvb6A5p5yKqR0dlrj+ij2jaxL7FhKQT1LTsIZzunTqCPS37++n322iMIKuhejaY6rmYBXPbz1x/Yw9sja8rAxvyDZ2/hroSgWw9eIisAAMJM2bWvGq6EAAAAAElFTkSuQmCC\" /> to check one payment.</p>\n<p>\n\t</p>\n<p>\n\t(<u>ex:</u> <em>check the order 1003</em>)</p>\n', '<p>\n\tThe icon is clicked and disappears.</p>\n<p>\n\t</p>\n<p>\n\tThe checking process is initiated.</p>\n'), 
 (77, 155, '<p>\n\t<u><em>Interface Payment list :</em></u></p>\n<p>\n\tOn the Authorisation screen, look for the following items :</p>\n<ol>\n\t<li>\n\t\tA banner with label J<span>PetStore Bank</span></li>\n\t<li>\n\t\tA sub banner with label <span>All payments</span></li>\n\t<li>\n\t\tA table where all payments appears</li>\n\t<li>\n\t\tThe titles for the columns are :</li>\n</ol>\n<ul>\n\t<li>\n\t\tOrder ID</li>\n\t<li>\n\t\tDate</li>\n\t<li>\n\t\tItem ID</li>\n\t<li>\n\t\tTotal Cost</li>\n\t<li>\n\t\tCard number</li>\n\t<li>\n\t\tExpiry date</li>\n\t<li>\n\t\tCheck <span><span>= by default, at the first connection the button + appears in all payments.</span></span></li>\n\t<li>\n\t\tReason<span><span>= by default, at the first connection the reason is empty.</span></span></li>\n</ul>\n', '<p>\n\tAll the items are correctly displayed.</p>\n'), 
 (75, 148, '<p>\n\t<em><u>Pr requisite :</u></em></p>\n<ul>\n\t<li>\n\t\tA valid buy made on <span><u><strong>NX Pet Shop</strong></u></span> (flow from <span><u><strong>NX Pet Shop</strong></u></span> to <span><u><strong>NX Bank</strong></u></span>)</li>\n\t<li>\n\t\tHave passed through the Authorisation screen as a <strong>Banker</strong> with a <span>valid login and password</span>.</li>\n</ul>\n', '<p>\n\t-</p>\n'), 
 (129, 349, '<p>\n\tSe connecter  lappli (url) xxx</p>\n', '<p>\n\tAccs  ladresse OK</p>\n'), 
 (130, 350, '<p>\n\tLogin</p>\n', '<p>\n\tOK</p>\n'), 
 (11, 48, '<p>\n\t<em><u>Validate (and navigation) :</u></em></p>\n<p>\n\tClick on the button VALIDATE.</p>\n', '<p>\n\tThe login and password are right<span>.</span></p>\n<p>\n\t</p>\n<p>\n\tThe user enter the <span>Create user</span> screen.</p>\n'), 
 (10, 47, '<p>\n\t<u><em>Login :</em></u></p>\n<ol>\n\t<li>\n\t\tWrite into the Login text box : <span>Admin</span></li>\n\t<li>\n\t\tWrite into the Password text box : <span>Admin</span></li>\n</ol>\n<p>\n\t<u>Note :</u><em> this is login password is <span>valid</span>.</em></p>\n', '<p>\n\tBoth login and password are displayed.</p>\n'), 
 (8, 45, '<p>\n\t<u><em>Interface Authorisation :</em></u></p>\n<p>\n\tOn the Authorisation screen, look for the following items :</p>\n<ol>\n\t<li>\n\t\tA banner with label <span>JPetStore Back Office</span></li>\n\t<li>\n\t\tA label <span>Please enter your login and password.</span></li>\n\t<li>\n\t\tA text box with label <span>Login :</span></li>\n\t<li>\n\t\tA text box with label <span>Password :</span></li>\n\t<li>\n\t\tA button <span>VALIDATE</span></li>\n</ol>\n', '<p>\n\tAll the items are correctly displayed.</p>\n'), 
 (7, 44, '<p>\n\t<em><u>Connection :</u></em></p>\n<p>\n\tThe user can connect to the web application at the following adress :</p>\n<p>\n\t<span><u>http://localhost:8080/nxpetshopback</u></span></p>\n', '<p>\n\tThe user is connected to <span><strong><u>NX Pet Shop Back Office</u></strong></span>.</p>\n<p>\n\t</p>\n<p>\n\tThe screen Authorisation is displayed.</p>\n'), 
 (6, 43, '<p>\n\t<em><u>Pr requisite :</u></em></p>\n<ul>\n\t<li>\n\t\tAccess to a browser : FF 4 or IE 7.</li>\n\t<li>\n\t\tA <span>valid login and password</span> for a <strong>Admin</strong> profile.</li>\n</ul>\n', '<p>\n\t-</p>\n'), 
 (29, 73, '<p>\n\t<em><u>Validate :</u></em></p>\n<p>\n\tClick on the button <span>VALIDATE</span>.</p>\n', '<p>\n\tThe password <span>doesnt fit</span> the control (limit of <strong><span>12 </span></strong>characters)</p>\n<p>\n\t</p>\n<p>\n\tThe user stays on this screen.</p>\n<p>\n\t</p>\n<p>\n\tBoth login password are erased.</p>\n<p>\n\t</p>\n<p>\n\tAn <span>error message</span> is displayed :</p>\n<p>\n\tSorry, wrong password. Try again with the right one or contact your administrator.</p>\n'), 
 (28, 72, '<p>\n\t<u><em>Login :</em></u></p>\n<ol>\n\t<li>\n\t\tWrite into the Login text box : <span>Validbanker</span></li>\n\t<li>\n\t\tWrite into the Password text box : <span>Password11113</span></li>\n</ol>\n<p>\n\t<u>Note :</u><em> the password is <span>not valid</span>.</em></p>\n', '<p>\n\tBoth login and password are displayed.</p>\n'), 
 (23, 64, '<p>\n\t<em><u>Validate :</u></em></p>\n<p>\n\tClick on the button <span>VALIDATE</span>.</p>\n', '<p>\n\tThe login <span>doesnt fit</span> the control (limit of <strong><span>12 </span></strong>characters)</p>\n<p>\n\t</p>\n<p>\n\tThe user stays on this screen.</p>\n<p>\n\t</p>\n<p>\n\tBoth login password are erased.</p>\n<p>\n\t</p>\n<p>\n\tAn <span>error message</span> is displayed :</p>\n<p>\n\tSorry, wrong login. Try again with the right one or contact your administrator.</p>\n'), 
 (22, 63, '<p>\n\t<u><em>Login :</em></u></p>\n<ol>\n\t<li>\n\t\tWrite into the Login text box : <span>Validbanker13</span></li>\n\t<li>\n\t\tWrite into the Password text box : <span>Password1</span></li>\n</ol>\n<p>\n\t<u>Note :</u><em> the login is <span>not valid</span>.</em></p>\n', '<p>\n\tBoth login and password are displayed.</p>\n'), 
 (21, 62, '<p>\n\t<em><u>Connection :</u></em></p>\n<p>\n\tThe user can connect to the web application at the following adress :</p>\n<p>\n\t<span><u>http://localhost:8080/nxbank</u></span></p>\n', '<p>\n\tThe user is connected to <span><strong><u>NX Bank</u></strong></span>.</p>\n<p>\n\t</p>\n<p>\n\tThe screen Authorisation is displayed.</p>\n'), 
 (20, 61, '<p>\n\t<em><u>Pr requisite :</u></em></p>\n<ul>\n\t<li>\n\t\tAccess to a browser : FF 4 or IE 7.</li>\n\t<li>\n\t\tSeveral <span>valid login and password</span> for a <strong>Banker</strong> profile.</li>\n</ul>\n', '<p>\n\t-</p>\n'), 
 (17, 58, '<p>\n\t<em><u>Connection to a an older FF :</u></em></p>\n<p>\n\tThe user try to connect to the web application on FireFox 3 at the following adress :</p>\n<p>\n\t<span><u>http://localhost:8080/nxbank</u></span></p>\n', '<p>\n\tThe user <span>CANT</span> connected to <span><strong><u>NX Bank</u></strong></span>.</p>\n'), 
 (16, 54, '<p>\n\t<em><u>Connection to a an older FF :</u></em></p>\n<p>\n\tThe user try to connect to the web application on FireFox 3 at the following adress :</p>\n<p>\n\t<span><u>http://localhost:8080/nxbank</u></span></p>\n', '<p>\n\tThe user <span>CANT</span> connected to <span><strong><u>NX Bank</u></strong></span>.</p>\n'), 
 (15, 52, '<p>\n\t<em><u>Connection to a different browser :</u></em></p>\n<p>\n\tThe user try to connect to the web application on Safari at the following adress :</p>\n<p>\n\t<span><u>http://localhost:8080/nxbank</u></span></p>\n', '<p>\n\tThe user <span>CANT</span> connected to <span><strong><u>NX Bank</u></strong></span>.</p>\n'), 
 (14, 51, '<p>\n\t<em><u>Pr requisite :</u></em></p>\n<ul>\n\t<li>\n\t\tAccess to a different browser than the ones allowed : Safari.</li>\n\t<li>\n\t\tAccess to an older version of an allowed browser : FF 3 or IE 6.</li>\n\t<li>\n\t\tA <span>valid login and password</span> for a <strong>Banker</strong> profile.</li>\n</ul>\n', '<p>\n\t-</p>\n'), 
 (43, 88, '<p>\n\t<em><u>Validate :</u></em></p>\n<p>\n\tClick on the button <span>VALIDATE</span>.</p>\n', '<p>\n\tThe password <span>is not </span>valid.</p>\n<p>\n\t</p>\n<p>\n\tThe user stays on this screen.</p>\n<p>\n\t</p>\n<p>\n\tBoth login password are erased.</p>\n<p>\n\t</p>\n<p>\n\tAn <span>error message</span> is displayed :</p>\n<p>\n\tSorry, wrong password. Try again with the right one or contact your administrator.</p>\n'), 
 (42, 87, '<p>\n\t<u><em>Login :</em></u></p>\n<ol>\n\t<li>\n\t\tWrite into the Login text box : <span>Validbanker</span></li>\n\t<li>\n\t\tWrite into the Password text box : <span>Pwd</span></li>\n</ol>\n<p>\n\t<u>Note :</u><em> the password is <span>wrong</span>.</em></p>\n', '<p>\n\tBoth login and password are displayed.</p>\n'), 
 (38, 83, '<p>\n\t<em><u>Validate :</u></em></p>\n<p>\n\tClick on the button <span>VALIDATE</span>.</p>\n', '<p>\n\tThe login <span>is not </span>valid.</p>\n<p>\n\t</p>\n<p>\n\tThe user stays on this screen.</p>\n<p>\n\t</p>\n<p>\n\tBoth login password are erased.</p>\n<p>\n\t</p>\n<p>\n\tAn <span>error message</span> is displayed :</p>\n<p>\n\tSorry, wrong login. Try again with the right one or contact your administrator.</p>\n'), 
 (37, 82, '<p>\n\t<u><em>Login :</em></u></p>\n<ol>\n\t<li>\n\t\tWrite into the Login text box : <span>BankOK</span></li>\n\t<li>\n\t\tWrite into the Password text box : <span>Password1</span></li>\n</ol>\n<p>\n\t<u>Note :</u><em> the login is <span>wrong</span>.</em></p>\n', '<p>\n\tBoth login and password are displayed.</p>\n'), 
 (36, 81, '<p>\n\t<em><u>Connection :</u></em></p>\n<p>\n\tThe user can connect to the web application at the following adress :</p>\n<p>\n\t<span><u>http://localhost:8080/nxbank</u></span></p>\n', '<p>\n\tThe user is connected to <span><strong><u>NX Bank</u></strong></span>.</p>\n<p>\n\t</p>\n<p>\n\tThe screen Authorisation is displayed.</p>\n'), 
 (35, 80, '<p>\n\t<em><u>Pr requisite :</u></em></p>\n<ul>\n\t<li>\n\t\tAccess to a browser : FF 4 or IE 7.</li>\n\t<li>\n\t\tOne <span>valid login and password</span> for a <strong>Banker</strong> profile.</li>\n</ul>\n', '<p>\n\t-</p>\n'), 
 (41, 86, '<p>\n\t<em><u>Validate :</u></em></p>\n<p>\n\tClick on the button <span>VALIDATE</span>.</p>\n', '<p>\n\tThe password <span>is not </span>valid.</p>\n<p>\n\t</p>\n<p>\n\tThe user stays on this screen.</p>\n<p>\n\t</p>\n<p>\n\tBoth login password are erased.</p>\n<p>\n\t</p>\n<p>\n\tAn <span>error message</span> is displayed :</p>\n<p>\n\tSorry, wrong password. Try again with the right one or contact your administrator.</p>\n'), 
 (40, 85, '<p>\n\t<u><em>Login :</em></u></p>\n<ol>\n\t<li>\n\t\tWrite into the Login text box : <span>Validbanker</span></li>\n\t<li>\n\t\tWrite nothing into the Password text box :</li>\n</ol>\n<p>\n\t<u>Note :</u><em> the password is <span>missing</span>.</em></p>\n', '<p>\n\tOnly the login is displayed.</p>\n'), 
 (33, 78, '<p>\n\t<em><u>Validate :</u></em></p>\n<p>\n\tClick on the button <span>VALIDATE</span>.</p>\n', '<p>\n\tThe login <span>is not </span>valid.</p>\n<p>\n\t</p>\n<p>\n\tThe user stays on this screen.</p>\n<p>\n\t</p>\n<p>\n\tBoth login password are erased.</p>\n<p>\n\t</p>\n<p>\n\tAn <span>error message</span> is displayed :</p>\n<p>\n\tSorry, wrong login. Try again with the right one or contact your administrator.</p>\n'), 
 (32, 77, '<p>\n\t<u><em>Login :</em></u></p>\n<ol>\n\t<li>\n\t\tWrite nothing into the Login text box :</li>\n\t<li>\n\t\tWrite into the Password text box : <span>Password1</span></li>\n</ol>\n<p>\n\t<u>Note :</u><em> the login is <span>missing</span>.</em></p>\n', '<p>\n\tOnly the password is displayed.</p>\n'), 
 (31, 76, '<p>\n\t<em><u>Connection :</u></em></p>\n<p>\n\tThe user can connect to the web application at the following adress :</p>\n<p>\n\t<span><u>http://localhost:8080/nxbank</u></span></p>\n', '<p>\n\tThe user is connected to <span><strong><u>NX Bank</u></strong></span>.</p>\n<p>\n\t</p>\n<p>\n\tThe screen Authorisation is displayed.</p>\n'), 
 (30, 75, '<p>\n\t<em><u>Pr requisite :</u></em></p>\n<ul>\n\t<li>\n\t\tAccess to a browser : FF 4 or IE 7.</li>\n\t<li>\n\t\tOne <span>valid login and password</span> for a <strong>Banker</strong> profile.</li>\n</ul>\n', '<p>\n\t-</p>\n'), 
 (47, 92, '<p>\n\t<em><u>Validate :</u></em></p>\n<p>\n\tClick on the button <span>VALIDATE</span>.</p>\n', '<p>\n\tThe login password <span>is not </span>valid for a <strong>Banker</strong> profile.</p>\n<p>\n\t</p>\n<p>\n\tThe user stays on this screen.</p>\n<p>\n\t</p>\n<p>\n\tBoth login password are erased.</p>\n<p>\n\t</p>\n<p>\n\tAn <span>error message</span> is displayed :</p>\n<p>\n\tSorry, wrong profile. Youre not allowed to enter. Please contact your administrator for further informations.</p>\n'), 
 (46, 91, '<p>\n\t<u><em>Login :</em></u></p>\n<ol>\n\t<li>\n\t\tWrite into the Login text box : <span>Validuser</span></li>\n\t<li>\n\t\tWrite into the Password text box : <span>Userpassword</span></li>\n</ol>\n<p>\n\t<u>Note :</u><em> this login password is <span>invalid </span>for a <strong>Banker</strong>.</em></p>\n', '<p>\n\tBoth login and password are displayed.</p>\n');

Insert into TEST_STEP(TEST_STEP_ID, ATTACHMENT_LIST_ID, ACTION, EXPECTED_RESULT) values 
 (45, 90, '<p>\n\t<em><u>Connection :</u></em></p>\n<p>\n\tThe user can connect to the web application at the following adress :</p>\n<p>\n\t<span><u>http://localhost:8080/nxbank</u></span></p>\n', '<p>\n\tThe user is connected to <span><strong><u>NX Bank</u></strong></span>.</p>\n<p>\n\t</p>\n<p>\n\tThe screen Authorisation is displayed.</p>\n'), 
 (44, 89, '<p>\n\t<em><u>Pr requisite :</u></em></p>\n<ul>\n\t<li>\n\t\tAccess to a browser : FF 4 or IE 7.</li>\n\t<li>\n\t\tA <span>valid login and password</span> for a <strong>User</strong> profile.</li>\n</ul>\n', '<p>\n\t-</p>\n'), 
 (95, 178, '<p>\n\t<em><u>Navigation from the screen (2) :</u></em></p>\n<p>\n\tClick on the JPetStore upper banner.</p>\n', '<p>\n\tThe Banker goes to the <span>Authorisation</span> screen.</p>\n<p>\n\t</p>\n<p>\n\t<u>Note :</u> <em>then go back to the <span>List of payment</span> screen by clicking on <span>VALIDATE</span> with the right login / password.</em></p>\n'), 
 (94, 177, '<p>\n\t<em><u>Navigation from the screen (1) :</u></em></p>\n<p>\n\tClick on the parrot icon.</p>\n', '<p>\n\tThe Banker goes to the <span>Authorisation</span> screen.</p>\n<p>\n\t</p>\n<p>\n\t<u>Note : </u><em>then go back to the <span>List of payment</span> screen by clicking on <span>VALIDATE</span> with the right login / password.</em></p>\n'), 
 (93, 176, '<p>\n\t<em><u>Pr requisite :</u></em></p>\n<p>\n\t-</p>\n', '<p>\n\t-</p>\n'), 
 (86, 167, '<p>\n\t<em><u>Failed test :</u></em></p>\n<p>\n\tThe failed icon <span><strong>X</strong></span> is diplayed in the Check column.</p>\n<p>\n\t</p>\n<p>\n\tThe text <span>date expires</span> is diplayed in the Reason column.</p>\n<p>\n\t</p>\n<p>\n\tThe payment is <span>failed</span>.</p>\n', '<p>\n\tThe failed icon <span><strong>X</strong></span> <strong><span> </span></strong>is displayed.</p>\n<p>\n\t</p>\n<p>\n\tThe text <span>date expires</span> is diplayed.</p>\n<p>\n\t</p>\n<p>\n\tThe payment is <span>failed</span>.</p>\n'), 
 (85, 166, '<p>\n\t<em><u>Check data : </u></em></p>\n<p>\n\tThe process checks the following data :</p>\n<ol>\n\t<li>\n\t\tThe expiry date <span>has been reached</span>.</li>\n\t<li>\n\t\tThe card number is <span>valid</span>.</li>\n\t<li>\n\t\tDuring the process, the text Card data checked is displayed.</li>\n</ol>\n', '<ol>\n\t<li>\n\t\tThe expiry date <span>has been reached</span>.</li>\n\t<li>\n\t\tThe card number is <span>valid</span>.</li>\n\t<li>\n\t\tThe text Card data checked is displayed.</li>\n</ol>\n<p>\n\tAt the end of the process, the test is <span><strong>unsuccessful</strong></span>.</p>\n'), 
 (84, 165, '<p>\n\t<em><u>Check payment :</u></em></p>\n<p>\n\tClick on the icon <img alt=\"\" src=\"data:image/pnbase64,iVBORw0KGgoAAAANSUhEUgAAAA8AAAAQCAIAAABGNLJTAAAAb0lEQVQokWP4TwpgQOY0z9pmEduFjLLaVgys6rKJG7Grfvb6A5p5yKqR0dlrj+ij2jaxL7FhKQT1LTsIZzunTqCPS37++n322iMIKuhejaY6rmYBXPbz1x/Yw9sja8rAxvyDZ2/hroSgWw9eIisAAMJM2bWvGq6EAAAAAElFTkSuQmCC\" /> to check one payment.</p>\n<p>\n\t</p>\n<p>\n\t(<u>ex:</u> <em>check the order 1006</em>)</p>\n', '<p>\n\tThe icon is clicked and disappears.</p>\n<p>\n\t</p>\n<p>\n\tThe checking process is initiated.</p>\n'), 
 (83, 164, '<p>\n\t<em><u>Pr requisite :</u></em></p>\n<ul>\n\t<li>\n\t\tA <span>invalid buy</span> (date criteria failed) made on <span><u><strong>NX Pet Shop</strong></u></span> (flow from <span><u><strong>NX Pet Shop</strong></u></span> to <span><u><strong>NX Bank</strong></u></span>)</li>\n\t<li>\n\t\tHave passed through the Authorisation screen as a <strong>Banker</strong> with a <span>valid login and password</span>.</li>\n</ul>\n', '<p>\n\t-</p>\n'), 
 (92, 175, '<p>\n\t<em><u>Failed test :</u></em></p>\n<p>\n\tThe failed icon <span><strong>X</strong></span> is diplayed in the Check column.</p>\n<p>\n\t</p>\n<p>\n\tThe text <span>invalid card number</span> is diplayed in the Reason column.</p>\n<p>\n\t</p>\n<p>\n\tThe payment is <span>failed</span>.</p>\n', '<p>\n\tThe failed icon <span><strong>X</strong></span> <strong><span> </span></strong>is displayed.</p>\n<p>\n\t</p>\n<p>\n\tThe text <span>invalid card number</span> is diplayed.</p>\n<p>\n\t</p>\n<p>\n\tThe payment is <span>failed</span>.</p>\n'), 
 (91, 174, '<p>\n\t<em><u>Check data : </u></em></p>\n<p>\n\tThe process checks the following data :</p>\n<ol>\n\t<li>\n\t\tThe expiry date <span>has not been reached</span>.</li>\n\t<li>\n\t\tThe card number is <span>incorrect</span>.</li>\n\t<li>\n\t\tDuring the process, the text Card data checked is displayed.</li>\n</ol>\n', '<ol>\n\t<li>\n\t\tThe expiry date <span>has not been reached</span>.</li>\n\t<li>\n\t\tThe card number is <span>incorrect</span>.</li>\n\t<li>\n\t\tThe text Card data checked is displayed.</li>\n</ol>\n<p>\n\tAt the end of the process, the test is <span><strong>unsuccessful</strong></span>.</p>\n'), 
 (90, 173, '<p>\n\t<em><u>Check payment :</u></em></p>\n<p>\n\tClick on the icon <img alt=\"\" src=\"data:image/pnbase64,iVBORw0KGgoAAAANSUhEUgAAAA8AAAAQCAIAAABGNLJTAAAAb0lEQVQokWP4TwpgQOY0z9pmEduFjLLaVgys6rKJG7Grfvb6A5p5yKqR0dlrj+ij2jaxL7FhKQT1LTsIZzunTqCPS37++n322iMIKuhejaY6rmYBXPbz1x/Yw9sja8rAxvyDZ2/hroSgWw9eIisAAMJM2bWvGq6EAAAAAElFTkSuQmCC\" /> to check one payment.</p>\n<p>\n\t</p>\n<p>\n\t(<u>ex:</u> <em>check the order 1005</em>)</p>\n', '<p>\n\tThe icon is clicked and disappears.</p>\n<p>\n\t</p>\n<p>\n\tThe checking process is initiated.</p>\n'), 
 (89, 172, '<p>\n\t<em><u>Pr requisite :</u></em></p>\n<ul>\n\t<li>\n\t\tA <span>invalid buy</span> (card number criteria failed) made on <span><u><strong>NX Pet Shop</strong></u></span> (flow from <span><u><strong>NX Pet Shop</strong></u></span> to <span><u><strong>NX Bank</strong></u></span>)</li>\n\t<li>\n\t\tHave passed through the Authorisation screen as a <strong>Banker</strong> with a <span>valid login and password</span>.</li>\n</ul>\n', '<p>\n\t-</p>'), 
 (144, 572, '<p>\n\ttaeteat</p>\n', '<p>\n\tateaetaet</p>\n'), 
 (145, 573, '<p>\n\treyeayzey</p>\n', '<p>\n\tzyzyzy</p>\n'), 
 (148, 576, '<p>\n\tggggg</p>\n', '<p>\n\tssssss</p>\n'), 
 (137, 488, '<p>\n\tSaisir les crittres suivants :</p>\n<p>\n\tChamp 1 : Valeur 1</p>\n<p>\n\tChamp 2 : Valeur 2</p>\n<p>\n\tCliquer sur le bouton valider</p>\n', '<p>\n\tLe rsultat de la recherche saffiche et liste les 3 actes correspondants aux critres saisis.</p>\n'), 
 (135, 486, '<p>\n\tSe connecter  lurl suivante :</p>\n<p>\n\thttp://www.google.fr</p>\n', '<p>\n\tLe navigateur affiche la page daccueil de lapplication</p>\n'), 
 (136, 487, '<p>\n\tCliquer sur le lien Bibliothque de modles</p>\n', '<p>\n\tLcran de recherche de modles dactes saffiche</p>\n'), 
 (138, 491, '<p>\n\tSe connecter  lurl </p>\n', '<p>\n\tLa page daccueil de lapplication saffiche</p>\n'), 
 (140, 491, '<p>\n\tClic sur le lien bibliothque</p>\n', '<p>\n\tLa page de recherche de modle dacte dans la bibliothque saffiche</p>\n'), 
 (143, 541, '<p>\n\tfaire cela</p>\n', '<p>\n\ton doit avoir ceci,ffffff</p>\n'), 
 (142, 540, '<p>\n\tfaire ceci</p>\n', '<p>\n\ton doit avoir cela</p>\n'), 
 (149, 577, '<p>\n\tggggg</p>\n', '<p>\n\tssssss</p>\n'), 
 (147, 575, '<p>\n\ttaeteat</p>\n', '<p>\n\tateaetaet</p>\n'), 
 (146, 574, '<p>\n\treyeayzey</p>\n', '<p>\n\tzyzyzy</p>\n'), 
 (152, 580, '<p>\n\ttaeteat</p>\n', '<p>\n\tateaetaet</p>\n'), 
 (151, 579, '<p>\n\treyeayzey</p>\n', '<p>\n\tzyzyzy</p>\n'), 
 (150, 578, '<p>\n\tggggg</p>\n', '<p>\n\tssssss</p>\n'), 
 (156, 585, '<p>\n\treyeayzey</p>\n', '<p>\n\tzyzyzy</p>\n'), 
 (155, 584, '<p>\n\ttaeteat</p>\n', '<p>\n\tateaetaet</p>\n'), 
 (154, 583, '<p>\n\treyeayzey</p>\n', '<p>\n\tzyzyzy</p>\n'), 
 (153, 582, '<p>\n\ttaeteat</p>\n', '<p>\n\tateaetaet</p>\n'), 
 (139, 491, '<p>\n\tClic sur le lien bibliothque</p>\n', '<p>\n\tLa page de recherche de modle dacte dans la bibliothque saffiche</p>\n'), 
 (141, 491, '<p>\n\tSe connecter  lurl </p>\n', '<p>\n\tLa page daccueil de lapplication saffiche</p>\n');

Insert into EXECUTION_STEP(EXECUTION_STEP_ID, EXPECTED_RESULT, ACTION, EXECUTION_STATUS, LAST_EXECUTED_BY, LAST_EXECUTED_ON, COMMENT, TEST_STEP_ID, CREATED_BY, CREATED_ON, LAST_MODIFIED_BY, LAST_MODIFIED_ON, ATTACHMENT_LIST_ID, ISSUE_LIST_ID) values 
 (1, '<p>\n\t-</p>\n', '<p>\n\tPR</p>\n', 'READY', null, null, null, 1, 'nf', '2011-05-13 10:48:11.0', null, null, 6, 1), 
 (89, '<p>\n\t-</p>\n', '<p>\n\t<strong><u>Pr requis</u> 1 :</strong></p>\n<p>\n\tUrl connection :</p>\n<p>\n\t<a href=\"http://localhost:8080/\">http://localhost:8080/</a></p>\n<p>\n\t</p>\n', 'READY', null, null, null, 51, 'guest_t1', '2011-05-25 08:12:18.0', null, null, 456, 109), 
 (90, '<p>\n\t-</p>\n', '<p>\n\t<u><strong>Pr requis 2</strong></u> :</p>\n<p>\n\t<span id=\"result_box\" lang=\"en\"><span class=\"hps\" title=\"Cliquer ici pour voir d''autres traductions\">A </span><span class=\"hps\" title=\"Cliquer ici pour voir d''autres traductions\">user account</span> <span class=\"hps\" title=\"Cliquer ici pour voir d''autres traductions\">other than</span> <span class=\"hps\" title=\"Cliquer ici pour voir d''autres traductions\">the</span> <span class=\"hps\" title=\"Cliquer ici pour voir d''autres traductions\">default account</span> <span class=\"hps\" title=\"Cliquer ici pour voir d''autres traductions\">has</span> <span class=\"hps\" title=\"Cliquer ici pour voir d''autres traductions\">been</span> <span class=\"hps\" title=\"Cliquer ici pour voir d''autres traductions\">created</span></span></p>\n<p>\n\tcf : 02_Create an account / 01_Nominal Case</p>\n', 'FAILURE', 'guest_t1', '2011-05-25 08:14:22.0', null, 52, 'guest_t1', '2011-05-25 08:12:18.0', 'guest_t1', '2011-05-25 08:14:22.0', 457, 110), 
 (91, '<div id=\"tsTableresult-25\">\n\t<div id=\"tsTableresult-13\">\n\t\t<p>\n\t\t\t<span class=\"short_text\" id=\"result_box\" lang=\"en\"><span class=\"hps\" title=\"Cliquer ici pour voir d''autres traductions\">Opening</span> <span class=\"hps\" title=\"Cliquer ici pour voir d''autres traductions\">screen</span> <span class=\"hps\" title=\"Cliquer ici pour voir d''autres traductions\">user authentication</span> <span class=\"hps\" title=\"Cliquer ici pour voir d''autres traductions\">default.</span></span></p>\n\t\t<ul>\n\t\t\t<li>\n\t\t\t\t<span class=\"short_text\" lang=\"en\"><span class=\"hps\" title=\"Cliquer ici pour voir d''autres traductions\">username text field</span></span> <span class=\"short_text\" id=\"result_box\" lang=\"en\"><span class=\"hps\" title=\"Cliquer ici pour voir d''autres traductions\">is</span> <span class=\"hps\" title=\"Cliquer ici pour voir d''autres traductions\">already</span> <span class=\"hps\" title=\"Cliquer ici pour voir d''autres traductions\">filled</span></span></li>\n\t\t\t<li>\n\t\t\t\tpassword<span class=\"short_text\" lang=\"en\"><span class=\"hps\" title=\"Cliquer ici pour voir d''autres traductions\"> text field</span></span> <span class=\"short_text\" id=\"result_box\" lang=\"en\"><span class=\"hps\" title=\"Cliquer ici pour voir d''autres traductions\">is</span> <span class=\"hps\" title=\"Cliquer ici pour voir d''autres traductions\">already</span> <span class=\"hps\" title=\"Cliquer ici pour voir d''autres traductions\">filled</span></span></li>\n\t\t</ul>\n\t</div>\n</div>\n', '<p>\n\tClick on the link<strong><span> Sign in</span></strong></p>\n', 'SUCCESS', 'guest_t1', '2011-05-25 08:14:25.0', null, 53, 'guest_t1', '2011-05-25 08:12:18.0', 'guest_t1', '2011-05-25 08:14:25.0', 458, 111), 
 (92, '<div id=\"tsTableresult-27\">\n\t<div id=\"tsTableresult-62\">\n\t\t<div id=\"tsTableresult-50\">\n\t\t\t<div id=\"tsTableresult-50\">\n\t\t\t\t<ul>\n\t\t\t\t\t<li>\n\t\t\t\t\t\tOpening home page of the catalog</li>\n\t\t\t\t\t<li>\n\t\t\t\t\t\tThe link <span><strong>MyAccount </strong></span>appears in top right of the page</li>\n\t\t\t\t\t<li>\n\t\t\t\t\t\tThe link <strong><span><span>Sign-out </span></span></strong>appears in top right of the page</li>\n\t\t\t\t\t<li>\n\t\t\t\t\t\tOn the left, read <strong><span>Welcome Jules!</span></strong> in top of the animals list.</li>\n\t\t\t\t</ul>\n\t\t\t</div>\n\t\t</div>\n\t</div>\n</div>\n', '<ol>\n\t<li>\n\t\t<strong><span>Clean</span></strong> the username textfield</li>\n\t<li>\n\t\tEnter : <strong><span>Jules</span></strong></li>\n\t<li>\n\t\t<strong><span>Clean</span></strong> the password textfield</li>\n\t<li>\n\t\tEnter : <strong><span><span>animals12</span></span></strong></li>\n\t<li>\n\t\tClick on the <strong><span>Submit</span></strong> button</li>\n</ol>\n', 'SUCCESS', 'guest_t1', '2011-05-25 08:14:31.0', null, 54, 'guest_t1', '2011-05-25 08:12:18.0', 'guest_t1', '2011-05-25 08:14:31.0', 459, 112), 
 (93, '<p>\n\t-</p>\n', '<p>\n\t<strong><u>Pr requis</u> 1 :</strong></p>\n<p>\n\tUrl connection :</p>\n<p>\n\t<a href=\"http://localhost:8080/\">http://localhost:8080/</a></p>\n<p>\n\t</p>\n', 'SUCCESS', 'guest_t1', '2011-05-26 19:55:35.0', null, 51, 'guest_t1', '2011-05-26 19:53:26.0', 'guest_t1', '2011-05-26 19:55:35.0', 474, 117), 
 (94, '<p>\n\t-</p>\n', '<p>\n\t<u><strong>Pr requis 2</strong></u> :</p>\n<p>\n\t<span id=\"result_box\" lang=\"en\"><span class=\"hps\" title=\"Cliquer ici pour voir d''autres traductions\">A </span><span class=\"hps\" title=\"Cliquer ici pour voir d''autres traductions\">user account</span> <span class=\"hps\" title=\"Cliquer ici pour voir d''autres traductions\">other than</span> <span class=\"hps\" title=\"Cliquer ici pour voir d''autres traductions\">the</span> <span class=\"hps\" title=\"Cliquer ici pour voir d''autres traductions\">default account</span> <span class=\"hps\" title=\"Cliquer ici pour voir d''autres traductions\">has</span> <span class=\"hps\" title=\"Cliquer ici pour voir d''autres traductions\">been</span> <span class=\"hps\" title=\"Cliquer ici pour voir d''autres traductions\">created</span></span></p>\n<p>\n\tcf : 02_Create an account / 01_Nominal Case</p>\n', 'READY', null, null, null, 52, 'guest_t1', '2011-05-26 19:53:26.0', null, null, 475, 118), 
 (95, '<div id=\"tsTableresult-25\">\n\t<div id=\"tsTableresult-13\">\n\t\t<p>\n\t\t\t<span class=\"short_text\" id=\"result_box\" lang=\"en\"><span class=\"hps\" title=\"Cliquer ici pour voir d''autres traductions\">Opening</span> <span class=\"hps\" title=\"Cliquer ici pour voir d''autres traductions\">screen</span> <span class=\"hps\" title=\"Cliquer ici pour voir d''autres traductions\">user authentication</span> <span class=\"hps\" title=\"Cliquer ici pour voir d''autres traductions\">default.</span></span></p>\n\t\t<ul>\n\t\t\t<li>\n\t\t\t\t<span class=\"short_text\" lang=\"en\"><span class=\"hps\" title=\"Cliquer ici pour voir d''autres traductions\">username text field</span></span> <span class=\"short_text\" id=\"result_box\" lang=\"en\"><span class=\"hps\" title=\"Cliquer ici pour voir d''autres traductions\">is</span> <span class=\"hps\" title=\"Cliquer ici pour voir d''autres traductions\">already</span> <span class=\"hps\" title=\"Cliquer ici pour voir d''autres traductions\">filled</span></span></li>\n\t\t\t<li>\n\t\t\t\tpassword<span class=\"short_text\" lang=\"en\"><span class=\"hps\" title=\"Cliquer ici pour voir d''autres traductions\"> text field</span></span> <span class=\"short_text\" id=\"result_box\" lang=\"en\"><span class=\"hps\" title=\"Cliquer ici pour voir d''autres traductions\">is</span> <span class=\"hps\" title=\"Cliquer ici pour voir d''autres traductions\">already</span> <span class=\"hps\" title=\"Cliquer ici pour voir d''autres traductions\">filled</span></span></li>\n\t\t</ul>\n\t</div>\n</div>\n', '<p>\n\tClick on the link<strong><span> Sign in</span></strong></p>\n', 'READY', null, null, null, 53, 'guest_t1', '2011-05-26 19:53:26.0', null, null, 476, 119), 
 (96, '<div id=\"tsTableresult-27\">\n\t<div id=\"tsTableresult-62\">\n\t\t<div id=\"tsTableresult-50\">\n\t\t\t<div id=\"tsTableresult-50\">\n\t\t\t\t<ul>\n\t\t\t\t\t<li>\n\t\t\t\t\t\tOpening home page of the catalog</li>\n\t\t\t\t\t<li>\n\t\t\t\t\t\tThe link <span><strong>MyAccount </strong></span>appears in top right of the page</li>\n\t\t\t\t\t<li>\n\t\t\t\t\t\tThe link <strong><span><span>Sign-out </span></span></strong>appears in top right of the page</li>\n\t\t\t\t\t<li>\n\t\t\t\t\t\tOn the left, read <strong><span>Welcome Jules!</span></strong> in top of the animals list.</li>\n\t\t\t\t</ul>\n\t\t\t</div>\n\t\t</div>\n\t</div>\n</div>\n', '<ol>\n\t<li>\n\t\t<strong><span>Clean</span></strong> the username textfield</li>\n\t<li>\n\t\tEnter : <strong><span>Jules</span></strong></li>\n\t<li>\n\t\t<strong><span>Clean</span></strong> the password textfield</li>\n\t<li>\n\t\tEnter : <strong><span><span>animals12</span></span></strong></li>\n\t<li>\n\t\tClick on the <strong><span>Submit</span></strong> button</li>\n</ol>\n', 'READY', null, null, null, 54, 'guest_t1', '2011-05-26 19:53:26.0', null, null, 477, 120), 
 (97, '<p>\n\t-</p>\n', '<p>\n\t<strong><u>Pr requis</u> 1 :</strong></p>\n<p>\n\tUrl connection :</p>\n<p>\n\t<a href=\"http://localhost:8080/\">http://localhost:8080/</a></p>\n<p>\n\t</p>\n', 'READY', null, null, null, 51, 'guest_t1', '2011-05-26 19:58:11.0', null, null, 479, 122), 
 (98, '<p>\n\t-</p>\n', '<p>\n\t<u><strong>Pr requis 2</strong></u> :</p>\n<p>\n\t<span id=\"result_box\" lang=\"en\"><span class=\"hps\" title=\"Cliquer ici pour voir d''autres traductions\">A </span><span class=\"hps\" title=\"Cliquer ici pour voir d''autres traductions\">user account</span> <span class=\"hps\" title=\"Cliquer ici pour voir d''autres traductions\">other than</span> <span class=\"hps\" title=\"Cliquer ici pour voir d''autres traductions\">the</span> <span class=\"hps\" title=\"Cliquer ici pour voir d''autres traductions\">default account</span> <span class=\"hps\" title=\"Cliquer ici pour voir d''autres traductions\">has</span> <span class=\"hps\" title=\"Cliquer ici pour voir d''autres traductions\">been</span> <span class=\"hps\" title=\"Cliquer ici pour voir d''autres traductions\">created</span></span></p>\n<p>\n\tcf : 02_Create an account / 01_Nominal Case</p>\n', 'READY', null, null, null, 52, 'guest_t1', '2011-05-26 19:58:11.0', null, null, 480, 123), 
 (99, '<div id=\"tsTableresult-25\">\n\t<div id=\"tsTableresult-13\">\n\t\t<p>\n\t\t\t<span class=\"short_text\" id=\"result_box\" lang=\"en\"><span class=\"hps\" title=\"Cliquer ici pour voir d''autres traductions\">Opening</span> <span class=\"hps\" title=\"Cliquer ici pour voir d''autres traductions\">screen</span> <span class=\"hps\" title=\"Cliquer ici pour voir d''autres traductions\">user authentication</span> <span class=\"hps\" title=\"Cliquer ici pour voir d''autres traductions\">default.</span></span></p>\n\t\t<ul>\n\t\t\t<li>\n\t\t\t\t<span class=\"short_text\" lang=\"en\"><span class=\"hps\" title=\"Cliquer ici pour voir d''autres traductions\">username text field</span></span> <span class=\"short_text\" id=\"result_box\" lang=\"en\"><span class=\"hps\" title=\"Cliquer ici pour voir d''autres traductions\">is</span> <span class=\"hps\" title=\"Cliquer ici pour voir d''autres traductions\">already</span> <span class=\"hps\" title=\"Cliquer ici pour voir d''autres traductions\">filled</span></span></li>\n\t\t\t<li>\n\t\t\t\tpassword<span class=\"short_text\" lang=\"en\"><span class=\"hps\" title=\"Cliquer ici pour voir d''autres traductions\"> text field</span></span> <span class=\"short_text\" id=\"result_box\" lang=\"en\"><span class=\"hps\" title=\"Cliquer ici pour voir d''autres traductions\">is</span> <span class=\"hps\" title=\"Cliquer ici pour voir d''autres traductions\">already</span> <span class=\"hps\" title=\"Cliquer ici pour voir d''autres traductions\">filled</span></span></li>\n\t\t</ul>\n\t</div>\n</div>\n', '<p>\n\tClick on the link<strong><span> Sign in</span></strong></p>\n', 'READY', null, null, null, 53, 'guest_t1', '2011-05-26 19:58:11.0', null, null, 481, 124), 
 (100, '<div id=\"tsTableresult-27\">\n\t<div id=\"tsTableresult-62\">\n\t\t<div id=\"tsTableresult-50\">\n\t\t\t<div id=\"tsTableresult-50\">\n\t\t\t\t<ul>\n\t\t\t\t\t<li>\n\t\t\t\t\t\tOpening home page of the catalog</li>\n\t\t\t\t\t<li>\n\t\t\t\t\t\tThe link <span><strong>MyAccount </strong></span>appears in top right of the page</li>\n\t\t\t\t\t<li>\n\t\t\t\t\t\tThe link <strong><span><span>Sign-out </span></span></strong>appears in top right of the page</li>\n\t\t\t\t\t<li>\n\t\t\t\t\t\tOn the left, read <strong><span>Welcome Jules!</span></strong> in top of the animals list.</li>\n\t\t\t\t</ul>\n\t\t\t</div>\n\t\t</div>\n\t</div>\n</div>\n', '<ol>\n\t<li>\n\t\t<strong><span>Clean</span></strong> the username textfield</li>\n\t<li>\n\t\tEnter : <strong><span>Jules</span></strong></li>\n\t<li>\n\t\t<strong><span>Clean</span></strong> the password textfield</li>\n\t<li>\n\t\tEnter : <strong><span><span>animals12</span></span></strong></li>\n\t<li>\n\t\tClick on the <strong><span>Submit</span></strong> button</li>\n</ol>\n', 'READY', null, null, null, 54, 'guest_t1', '2011-05-26 19:58:11.0', null, null, 482, 125), 
 (135, '<p>\n\t-</p>\n', '<p>\n\t<strong><u>Pr requis</u> :</strong></p>\n<p>\n\tUrl connection :</p>\n<p>\n\t<a href=\"http://localhost:8080/\">http://localhost:8080/</a></p>\n', 'SUCCESS', 'guest_tpl', '2011-06-17 16:31:28.0', null, 24, 'guest_tpl', '2011-06-17 16:31:22.0', 'guest_tpl', '2011-06-17 16:31:28.0', 559, 178), 
 (136, '<div id=\"tsTableresult-13\">\n\t<p>\n\t\t<span class=\"short_text\" id=\"result_box\" lang=\"en\"><span class=\"hps\" title=\"Cliquer ici pour voir d''autres traductions\">Opening</span> <span class=\"hps\" title=\"Cliquer ici pour voir d''autres traductions\">screen</span> <span class=\"hps\" title=\"Cliquer ici pour voir d''autres traductions\">user authentication</span> <span class=\"hps\" title=\"Cliquer ici pour voir d''autres traductions\">default.</span></span></p>\n\t<ul>\n\t\t<li>\n\t\t\t<span class=\"short_text\" lang=\"en\"><span class=\"hps\" title=\"Cliquer ici pour voir d''autres traductions\">username text field</span></span> <span class=\"short_text\" id=\"result_box\" lang=\"en\"><span class=\"hps\" title=\"Cliquer ici pour voir d''autres traductions\">is</span> <span class=\"hps\" title=\"Cliquer ici pour voir d''autres traductions\">already</span> <span class=\"hps\" title=\"Cliquer ici pour voir d''autres traductions\">filled</span></span></li>\n\t\t<li>\n\t\t\tpassword<span class=\"short_text\" lang=\"en\"><span class=\"hps\" title=\"Cliquer ici pour voir d''autres traductions\"> text field</span></span> <span class=\"short_text\" id=\"result_box\" lang=\"en\"><span class=\"hps\" title=\"Cliquer ici pour voir d''autres traductions\">is</span> <span class=\"hps\" title=\"Cliquer ici pour voir d''autres traductions\">already</span> <span class=\"hps\" title=\"Cliquer ici pour voir d''autres traductions\">filled</span></span></li>\n\t</ul>\n</div>\n', '<p>\n\tClick on the link <strong><span>Sign In</span></strong></p>\n', 'SUCCESS', 'guest_tpl', '2011-06-17 16:31:29.0', null, 25, 'guest_tpl', '2011-06-17 16:31:22.0', 'guest_tpl', '2011-06-17 16:31:29.0', 560, 179), 
 (137, '<ul>\n\t<li>\n\t\t<span class=\"short_text\" id=\"result_box\" lang=\"en\"><span class=\"hps\" title=\"Cliquer ici pour voir d''autres traductions\">The</span> username text<span class=\"hps\" title=\"Cliquer ici pour voir d''autres traductions\">field</span> <span class=\"hps\" title=\"Cliquer ici pour voir d''autres traductions\">is</span> <span class=\"hps\" title=\"Cliquer ici pour voir d''autres traductions\">filled</span> <span class=\"hps\" title=\"Cliquer ici pour voir d''autres traductions\">by :</span></span><span><span class=\"short_text\" lang=\"en\"><span class=\"hps\" title=\"Cliquer ici pour voir d''autres traductions\"> <span _fck_bookmark=\"1\"></span><span _fck_bookmark=\"1\"></span></span></span><strong>j2ee</strong></span><span _fck_bookmark=\"1\"></span><span _fck_bookmark=\"1\"></span></li>\n\t<li>\n\t\tThe password textfield is filled.</li>\n</ul>\n', '<div id=\"tsTableaction-18\">\n\t<ul>\n\t\t<li>\n\t\t\t<span class=\"short_text\" id=\"result_box\" lang=\"en\"><span class=\"hps\" title=\"Cliquer ici pour voir d''autres traductions\">Verify that</span> <span class=\"hps\" title=\"Cliquer ici pour voir d''autres traductions\">the</span> username text<span class=\"hps\" title=\"Cliquer ici pour voir d''autres traductions\">field</span> <span class=\"hps\" title=\"Cliquer ici pour voir d''autres traductions\">is</span> <span class=\"hps\" title=\"Cliquer ici pour voir d''autres traductions\">filled</span> <span class=\"hps\" title=\"Cliquer ici pour voir d''autres traductions\">by :<strong><span> </span></strong></span></span><strong><span>j2ee</span></strong></li>\n\t\t<li>\n\t\t\t<span class=\"short_text\" id=\"result_box\" lang=\"en\"><span class=\"hps\" title=\"Cliquer ici pour voir d''autres traductions\">Verify that the</span></span> password textfield is filled</li>\n\t</ul>\n</div>\n', 'FAILURE', 'guest_tpl', '2011-06-17 16:31:31.0', null, 26, 'guest_tpl', '2011-06-17 16:31:22.0', 'guest_tpl', '2011-06-17 16:31:31.0', 561, 180), 
 (138, '<div id=\"tsTableresult-54\">\n\t<div id=\"tsTableresult-27\">\n\t\t<div id=\"tsTableresult-62\">\n\t\t\t<div id=\"tsTableresult-50\">\n\t\t\t\t<div id=\"tsTableresult-50\">\n\t\t\t\t\t<ul>\n\t\t\t\t\t\t<li>\n\t\t\t\t\t\t\tOpening home page of the catalog</li>\n\t\t\t\t\t\t<li>\n\t\t\t\t\t\t\tThe link <span><strong>MyAccount </strong></span>appears in top right of the page</li>\n\t\t\t\t\t\t<li>\n\t\t\t\t\t\t\tThe link <strong><span><span>Sign-out </span></span></strong>appears in top right of the page</li>\n\t\t\t\t\t</ul>\n\t\t\t\t</div>\n\t\t\t</div>\n\t\t</div>\n\t</div>\n</div>\n', '<p>\n\tClick on the <strong><span>Submit </span></strong>button</p>\n', 'SUCCESS', 'guest_tpl', '2011-06-17 16:31:37.0', null, 27, 'guest_tpl', '2011-06-17 16:31:22.0', 'guest_tpl', '2011-06-17 16:31:37.0', 562, 181), 
 (139, '<p>\n\t-</p>\n', '<p>\n\t<strong><u>Pr requis</u> :</strong></p>\n<p>\n\tUrl connection :</p>\n<p>\n\t<a href=\"http://localhost:8080/\">http://localhost:8080/</a></p>\n', 'FAILURE', 'guest_tpl', '2011-06-21 08:41:00.0', null, 24, 'guest_tpl', '2011-06-21 08:40:32.0', 'guest_tpl', '2011-06-21 08:41:00.0', 567, 183), 
 (140, '<div id=\"tsTableresult-13\">\n\t<p>\n\t\t<span class=\"short_text\" id=\"result_box\" lang=\"en\"><span class=\"hps\" title=\"Cliquer ici pour voir d''autres traductions\">Opening</span> <span class=\"hps\" title=\"Cliquer ici pour voir d''autres traductions\">screen</span> <span class=\"hps\" title=\"Cliquer ici pour voir d''autres traductions\">user authentication</span> <span class=\"hps\" title=\"Cliquer ici pour voir d''autres traductions\">default.</span></span></p>\n\t<ul>\n\t\t<li>\n\t\t\t<span class=\"short_text\" lang=\"en\"><span class=\"hps\" title=\"Cliquer ici pour voir d''autres traductions\">username text field</span></span> <span class=\"short_text\" id=\"result_box\" lang=\"en\"><span class=\"hps\" title=\"Cliquer ici pour voir d''autres traductions\">is</span> <span class=\"hps\" title=\"Cliquer ici pour voir d''autres traductions\">already</span> <span class=\"hps\" title=\"Cliquer ici pour voir d''autres traductions\">filled</span></span></li>\n\t\t<li>\n\t\t\tpassword<span class=\"short_text\" lang=\"en\"><span class=\"hps\" title=\"Cliquer ici pour voir d''autres traductions\"> text field</span></span> <span class=\"short_text\" id=\"result_box\" lang=\"en\"><span class=\"hps\" title=\"Cliquer ici pour voir d''autres traductions\">is</span> <span class=\"hps\" title=\"Cliquer ici pour voir d''autres traductions\">already</span> <span class=\"hps\" title=\"Cliquer ici pour voir d''autres traductions\">filled</span></span></li>\n\t</ul>\n</div>\n', '<p>\n\tClick on the link <strong><span>Sign In</span></strong></p>\n', 'READY', null, null, null, 25, 'guest_tpl', '2011-06-21 08:40:32.0', null, null, 568, 184), 
 (141, '<ul>\n\t<li>\n\t\t<span class=\"short_text\" id=\"result_box\" lang=\"en\"><span class=\"hps\" title=\"Cliquer ici pour voir d''autres traductions\">The</span> username text<span class=\"hps\" title=\"Cliquer ici pour voir d''autres traductions\">field</span> <span class=\"hps\" title=\"Cliquer ici pour voir d''autres traductions\">is</span> <span class=\"hps\" title=\"Cliquer ici pour voir d''autres traductions\">filled</span> <span class=\"hps\" title=\"Cliquer ici pour voir d''autres traductions\">by :</span></span><span><span class=\"short_text\" lang=\"en\"><span class=\"hps\" title=\"Cliquer ici pour voir d''autres traductions\"> <span _fck_bookmark=\"1\"></span><span _fck_bookmark=\"1\"></span></span></span><strong>j2ee</strong></span><span _fck_bookmark=\"1\"></span><span _fck_bookmark=\"1\"></span></li>\n\t<li>\n\t\tThe password textfield is filled.</li>\n</ul>\n', '<div id=\"tsTableaction-18\">\n\t<ul>\n\t\t<li>\n\t\t\t<span class=\"short_text\" id=\"result_box\" lang=\"en\"><span class=\"hps\" title=\"Cliquer ici pour voir d''autres traductions\">Verify that</span> <span class=\"hps\" title=\"Cliquer ici pour voir d''autres traductions\">the</span> username text<span class=\"hps\" title=\"Cliquer ici pour voir d''autres traductions\">field</span> <span class=\"hps\" title=\"Cliquer ici pour voir d''autres traductions\">is</span> <span class=\"hps\" title=\"Cliquer ici pour voir d''autres traductions\">filled</span> <span class=\"hps\" title=\"Cliquer ici pour voir d''autres traductions\">by :<strong><span> </span></strong></span></span><strong><span>j2ee</span></strong></li>\n\t\t<li>\n\t\t\t<span class=\"short_text\" id=\"result_box\" lang=\"en\"><span class=\"hps\" title=\"Cliquer ici pour voir d''autres traductions\">Verify that the</span></span> password textfield is filled</li>\n\t</ul>\n</div>\n', 'READY', null, null, null, 26, 'guest_tpl', '2011-06-21 08:40:32.0', null, null, 569, 185), 
 (142, '<div id=\"tsTableresult-54\">\n\t<div id=\"tsTableresult-27\">\n\t\t<div id=\"tsTableresult-62\">\n\t\t\t<div id=\"tsTableresult-50\">\n\t\t\t\t<div id=\"tsTableresult-50\">\n\t\t\t\t\t<ul>\n\t\t\t\t\t\t<li>\n\t\t\t\t\t\t\tOpening home page of the catalog</li>\n\t\t\t\t\t\t<li>\n\t\t\t\t\t\t\tThe link <span><strong>MyAccount </strong></span>appears in top right of the page</li>\n\t\t\t\t\t\t<li>\n\t\t\t\t\t\t\tThe link <strong><span><span>Sign-out </span></span></strong>appears in top right of the page</li>\n\t\t\t\t\t</ul>\n\t\t\t\t</div>\n\t\t\t</div>\n\t\t</div>\n\t</div>\n</div>\n', '<p>\n\tClick on the <strong><span>Submit </span></strong>button</p>\n', 'READY', null, null, null, 27, 'guest_tpl', '2011-06-21 08:40:32.0', null, null, 570, 186), 
 (15, '<p>\n\tThe success icon <strong><span>V </span></strong>is displayed.</p>\n<p>\n\t</p>\n<p>\n\tThe payment is <span>valid</span>.</p>\n', '<p>\n\t<em><u>Successful test :</u></em></p>\n<p>\n\tThe success icon <strong><span>V </span></strong>is diplayed in the Check column.</p>\n', 'SUCCESS', 'nf', '2011-05-19 14:21:43.0', '<p>\n\tThe icon is displayed.</p>\n<p>\n\tThe payment is <span>valid</span>.</p>\n', 82, 'nf', '2011-05-19 14:15:24.0', 'nf', '2011-05-19 14:21:43.0', 198, 15), 
 (70, '<p>\n\tThe success icon <strong><span>V </span></strong>is displayed.</p>\n<p>\n\t</p>\n<p>\n\tThe payment is <span>valid</span>.</p>\n', '<p>\n\t<em><u>Successful test :</u></em></p>\n<p>\n\tThe success icon <strong><span>V </span></strong>is diplayed in the Check column.</p>\n', 'SUCCESS', 'nf', '2011-05-19 15:57:22.0', '<p>\n\tThe icon is displayed.</p>\n<p>\n\tThe payment is <span>valid</span>.</p>\n', 82, 'nf', '2011-05-19 15:56:02.0', 'nf', '2011-05-19 15:57:22.0', 270, 70), 
 (78, '<p>\n\tThe success icon <strong><span>V </span></strong>is displayed.</p>\n<p>\n\t</p>\n<p>\n\tThe payment is <span>valid</span>.</p>\n', '<p>\n\t<em><u>Successful test :</u></em></p>\n<p>\n\tThe success icon <strong><span>V </span></strong>is diplayed in the Check column.</p>\n', 'READY', null, null, null, 82, 'nf', '2011-05-19 16:01:27.0', null, null, 281, 78), 
 (14, '<ol>\n\t<li>\n\t\tThe expiry date <span>has not been reached</span>.</li>\n\t<li>\n\t\tThe card number is <span>valid</span>.</li>\n\t<li>\n\t\tThe text Card data checked is displayed.</li>\n</ol>\n<p>\n\tAt the end of the process, the test is <span><strong>successful</strong></span>.</p>\n', '<p>\n\t<em><u>Check data : </u></em></p>\n<p>\n\tThe process checks the following data :</p>\n<ol>\n\t<li>\n\t\tThe expiry date <span>has not been reached</span>.</li>\n\t<li>\n\t\tThe card number is <span>valid</span>.</li>\n\t<li>\n\t\tDuring the process, the text Card data checked is displayed.</li>\n</ol>\n', 'SUCCESS', 'nf', '2011-05-19 14:20:36.0', '<p>\n\tThe process is <span><strong>successful</strong></span>.</p>\n', 81, 'nf', '2011-05-19 14:15:24.0', 'nf', '2011-05-19 14:20:36.0', 197, 14), 
 (69, '<ol>\n\t<li>\n\t\tThe expiry date <span>has not been reached</span>.</li>\n\t<li>\n\t\tThe card number is <span>valid</span>.</li>\n\t<li>\n\t\tThe text Card data checked is displayed.</li>\n</ol>\n<p>\n\tAt the end of the process, the test is <span><strong>successful</strong></span>.</p>\n', '<p>\n\t<em><u>Check data : </u></em></p>\n<p>\n\tThe process checks the following data :</p>\n<ol>\n\t<li>\n\t\tThe expiry date <span>has not been reached</span>.</li>\n\t<li>\n\t\tThe card number is <span>valid</span>.</li>\n\t<li>\n\t\tDuring the process, the text Card data checked is displayed.</li>\n</ol>\n', 'SUCCESS', 'nf', '2011-05-19 15:57:05.0', null, 81, 'nf', '2011-05-19 15:56:02.0', 'nf', '2011-05-19 15:57:05.0', 269, 69), 
 (77, '<ol>\n\t<li>\n\t\tThe expiry date <span>has not been reached</span>.</li>\n\t<li>\n\t\tThe card number is <span>valid</span>.</li>\n\t<li>\n\t\tThe text Card data checked is displayed.</li>\n</ol>\n<p>\n\tAt the end of the process, the test is <span><strong>successful</strong></span>.</p>\n', '<p>\n\t<em><u>Check data : </u></em></p>\n<p>\n\tThe process checks the following data :</p>\n<ol>\n\t<li>\n\t\tThe expiry date <span>has not been reached</span>.</li>\n\t<li>\n\t\tThe card number is <span>valid</span>.</li>\n\t<li>\n\t\tDuring the process, the text Card data checked is displayed.</li>\n</ol>\n', 'READY', null, null, null, 81, 'nf', '2011-05-19 16:01:27.0', null, null, 280, 77), 
 (13, '<p>\n\tThe icon is clicked and disappears.</p>\n<p>\n\t</p>\n<p>\n\tThe checking process is initiated.</p>\n', '<p>\n\t<em><u>Check payment :</u></em></p>\n<p>\n\tClick on the icon <img alt=\"\" src=\"data:image/pnbase64,iVBORw0KGgoAAAANSUhEUgAAAA8AAAAQCAIAAABGNLJTAAAAb0lEQVQokWP4TwpgQOY0z9pmEduFjLLaVgys6rKJG7Grfvb6A5p5yKqR0dlrj+ij2jaxL7FhKQT1LTsIZzunTqCPS37++n322iMIKuhejaY6rmYBXPbz1x/Yw9sja8rAxvyDZ2/hroSgWw9eIisAAMJM2bWvGq6EAAAAAElFTkSuQmCC\" /> to check one payment.</p>\n<p>\n\t</p>\n<p>\n\t(<u>ex:</u> <em>check the order 1003</em>)</p>\n', 'SUCCESS', 'nf', '2011-05-19 14:20:03.0', '<p>\n\tThe icon disappears and the process is initiated.</p>\n', 78, 'nf', '2011-05-19 14:15:24.0', 'nf', '2011-05-19 14:20:03.0', 196, 13), 
 (68, '<p>\n\tThe icon is clicked and disappears.</p>\n<p>\n\t</p>\n<p>\n\tThe checking process is initiated.</p>\n', '<p>\n\t<em><u>Check payment :</u></em></p>\n<p>\n\tClick on the icon <img alt=\"\" src=\"data:image/pnbase64,iVBORw0KGgoAAAANSUhEUgAAAA8AAAAQCAIAAABGNLJTAAAAb0lEQVQokWP4TwpgQOY0z9pmEduFjLLaVgys6rKJG7Grfvb6A5p5yKqR0dlrj+ij2jaxL7FhKQT1LTsIZzunTqCPS37++n322iMIKuhejaY6rmYBXPbz1x/Yw9sja8rAxvyDZ2/hroSgWw9eIisAAMJM2bWvGq6EAAAAAElFTkSuQmCC\" /> to check one payment.</p>\n<p>\n\t</p>\n<p>\n\t(<u>ex:</u> <em>check the order 1003</em>)</p>\n', 'SUCCESS', 'nf', '2011-05-19 15:56:55.0', '<p>\n\tThe icon disappears and the process is initiated.</p>\n', 78, 'nf', '2011-05-19 15:56:02.0', 'nf', '2011-05-19 15:56:55.0', 268, 68), 
 (76, '<p>\n\tThe icon is clicked and disappears.</p>\n<p>\n\t</p>\n<p>\n\tThe checking process is initiated.</p>\n', '<p>\n\t<em><u>Check payment :</u></em></p>\n<p>\n\tClick on the icon <img alt=\"\" src=\"data:image/pnbase64,iVBORw0KGgoAAAANSUhEUgAAAA8AAAAQCAIAAABGNLJTAAAAb0lEQVQokWP4TwpgQOY0z9pmEduFjLLaVgys6rKJG7Grfvb6A5p5yKqR0dlrj+ij2jaxL7FhKQT1LTsIZzunTqCPS37++n322iMIKuhejaY6rmYBXPbz1x/Yw9sja8rAxvyDZ2/hroSgWw9eIisAAMJM2bWvGq6EAAAAAElFTkSuQmCC\" /> to check one payment.</p>\n<p>\n\t</p>\n<p>\n\t(<u>ex:</u> <em>check the order 1003</em>)</p>\n', 'READY', null, null, null, 78, 'nf', '2011-05-19 16:01:27.0', null, null, 279, 76), 
 (12, '<p>\n\tAll the items are correctly displayed.</p>\n', '<p>\n\t<u><em>Interface Payment list :</em></u></p>\n<p>\n\tOn the Authorisation screen, look for the following items :</p>\n<ol>\n\t<li>\n\t\tA banner with label J<span>PetStore Bank</span></li>\n\t<li>\n\t\tA sub banner with label <span>All payments</span></li>\n\t<li>\n\t\tA table where all payments appears</li>\n\t<li>\n\t\tThe titles for the columns are :</li>\n</ol>\n<ul>\n\t<li>\n\t\tOrder ID</li>\n\t<li>\n\t\tDate</li>\n\t<li>\n\t\tItem ID</li>\n\t<li>\n\t\tTotal Cost</li>\n\t<li>\n\t\tCard number</li>\n\t<li>\n\t\tExpiry date</li>\n\t<li>\n\t\tCheck <span><span>= by default, at the first connection the button + appears in all payments.</span></span></li>\n\t<li>\n\t\tReason<span><span>= by default, at the first connection the reason is empty.</span></span></li>\n</ul>\n', 'SUCCESS', 'nf', '2011-05-19 14:19:00.0', '<p>\n\tAll the items are correctly displayed.</p>\n', 77, 'nf', '2011-05-19 14:15:24.0', 'nf', '2011-05-19 14:19:00.0', 195, 12), 
 (67, '<p>\n\tAll the items are correctly displayed.</p>\n', '<p>\n\t<u><em>Interface Payment list :</em></u></p>\n<p>\n\tOn the Authorisation screen, look for the following items :</p>\n<ol>\n\t<li>\n\t\tA banner with label J<span>PetStore Bank</span></li>\n\t<li>\n\t\tA sub banner with label <span>All payments</span></li>\n\t<li>\n\t\tA table where all payments appears</li>\n\t<li>\n\t\tThe titles for the columns are :</li>\n</ol>\n<ul>\n\t<li>\n\t\tOrder ID</li>\n\t<li>\n\t\tDate</li>\n\t<li>\n\t\tItem ID</li>\n\t<li>\n\t\tTotal Cost</li>\n\t<li>\n\t\tCard number</li>\n\t<li>\n\t\tExpiry date</li>\n\t<li>\n\t\tCheck <span><span>= by default, at the first connection the button + appears in all payments.</span></span></li>\n\t<li>\n\t\tReason<span><span>= by default, at the first connection the reason is empty.</span></span></li>\n</ul>\n', 'SUCCESS', 'nf', '2011-05-19 15:56:40.0', null, 77, 'nf', '2011-05-19 15:56:02.0', 'nf', '2011-05-19 15:56:40.0', 267, 67), 
 (75, '<p>\n\tAll the items are correctly displayed.</p>\n', '<p>\n\t<u><em>Interface Payment list :</em></u></p>\n<p>\n\tOn the Authorisation screen, look for the following items :</p>\n<ol>\n\t<li>\n\t\tA banner with label J<span>PetStore Bank</span></li>\n\t<li>\n\t\tA sub banner with label <span>All payments</span></li>\n\t<li>\n\t\tA table where all payments appears</li>\n\t<li>\n\t\tThe titles for the columns are :</li>\n</ol>\n<ul>\n\t<li>\n\t\tOrder ID</li>\n\t<li>\n\t\tDate</li>\n\t<li>\n\t\tItem ID</li>\n\t<li>\n\t\tTotal Cost</li>\n\t<li>\n\t\tCard number</li>\n\t<li>\n\t\tExpiry date</li>\n\t<li>\n\t\tCheck <span><span>= by default, at the first connection the button + appears in all payments.</span></span></li>\n\t<li>\n\t\tReason<span><span>= by default, at the first connection the reason is empty.</span></span></li>\n</ul>\n', 'READY', null, null, null, 77, 'nf', '2011-05-19 16:01:27.0', null, null, 278, 75), 
 (11, '<p>\n\t-</p>\n', '<p>\n\t<em><u>Pr requisite :</u></em></p>\n<ul>\n\t<li>\n\t\tA valid buy made on <span><u><strong>NX Pet Shop</strong></u></span> (flow from <span><u><strong>NX Pet Shop</strong></u></span> to <span><u><strong>NX Bank</strong></u></span>)</li>\n\t<li>\n\t\tHave passed through the Authorisation screen as a <strong>Banker</strong> with a <span>valid login and password</span>.</li>\n</ul>\n', 'SUCCESS', 'nf', '2011-05-19 14:18:07.0', '<p>\n\tComing from test<span><u><strong> 01_Banker connects</strong></u></span>.</p>\n', 75, 'nf', '2011-05-19 14:15:24.0', 'nf', '2011-05-19 14:18:07.0', 194, 11), 
 (66, '<p>\n\t-</p>\n', '<p>\n\t<em><u>Pr requisite :</u></em></p>\n<ul>\n\t<li>\n\t\tA valid buy made on <span><u><strong>NX Pet Shop</strong></u></span> (flow from <span><u><strong>NX Pet Shop</strong></u></span> to <span><u><strong>NX Bank</strong></u></span>)</li>\n\t<li>\n\t\tHave passed through the Authorisation screen as a <strong>Banker</strong> with a <span>valid login and password</span>.</li>\n</ul>\n', 'SUCCESS', 'nf', '2011-05-19 15:56:27.0', '<p>\n\tComing from test<span><u><strong> 01_Banker connects</strong></u></span>.</p>\n', 75, 'nf', '2011-05-19 15:56:02.0', 'nf', '2011-05-19 15:56:27.0', 266, 66), 
 (74, '<p>\n\t-</p>\n', '<p>\n\t<em><u>Pr requisite :</u></em></p>\n<ul>\n\t<li>\n\t\tA valid buy made on <span><u><strong>NX Pet Shop</strong></u></span> (flow from <span><u><strong>NX Pet Shop</strong></u></span> to <span><u><strong>NX Bank</strong></u></span>)</li>\n\t<li>\n\t\tHave passed through the Authorisation screen as a <strong>Banker</strong> with a <span>valid login and password</span>.</li>\n</ul>\n', 'READY', null, null, null, 75, 'nf', '2011-05-19 16:01:27.0', null, null, 277, 74), 
 (2, '<p>\n\t-</p>\n', '<p>\n\t<em><u>Pr requisite :</u></em></p>\n<ul>\n\t<li>\n\t\tAccess to a browser : FF 4 or IE 7.</li>\n\t<li>\n\t\tA <span>valid login and password</span> for a <strong>Banker</strong> profile.</li>\n</ul>\n', 'SUCCESS', 'nf', '2011-05-19 14:06:10.0', '<p>\n\t-</p>\n', 6, 'nf', '2011-05-19 14:05:56.0', 'nf', '2011-05-19 14:06:25.0', 183, 2), 
 (3, '<p>\n\tThe user is connected to <span><strong><u>NX Bank</u></strong></span>.</p>\n<p>\n\t</p>\n<p>\n\tThe screen Authorisation is displayed.</p>\n', '<p>\n\t<em><u>Connection :</u></em></p>\n<p>\n\tThe user can connect to the web application at the following adress :</p>\n<p>\n\t<span><u>http://localhost:8080/nxbank</u></span></p>\n', 'SUCCESS', 'nf', '2011-05-19 14:08:17.0', '<p>\n\tConnection to <span><u><strong>NX Bank</strong></u></span> Authorisation screen.</p>\n', 7, 'nf', '2011-05-19 14:05:56.0', 'nf', '2011-05-19 14:08:17.0', 184, 3), 
 (4, '<p>\n\tAll the items are correctly displayed.</p>\n', '<p>\n\t<u><em>Interface Authorisation :</em></u></p>\n<p>\n\tOn the Authorisation screen, look for the following items :</p>\n<ol>\n\t<li>\n\t\tA banner with label <span>JPetStore Bank</span></li>\n\t<li>\n\t\tA label <span>Please enter your login and password.</span></li>\n\t<li>\n\t\tA text box with label <span>Login :</span></li>\n\t<li>\n\t\tA text box with label <span>Password :</span></li>\n\t<li>\n\t\tA button <span>VALIDATE</span></li>\n</ol>\n', 'SUCCESS', 'nf', '2011-05-19 14:11:17.0', '<p>\n\tAll the items are correctly displayed.</p>\n', 8, 'nf', '2011-05-19 14:05:56.0', 'nf', '2011-05-19 14:11:17.0', 185, 4), 
 (5, '<p>\n\tBoth login and password are displayed.</p>\n', '<p>\n\t<u><em>Login :</em></u></p>\n<ol>\n\t<li>\n\t\tWrite into the Login text box : <span>Validbanker</span></li>\n\t<li>\n\t\tWrite into the Password text box : <span>Password1</span></li>\n</ol>\n<p>\n\t<u>Note :</u><em> this is login password is <span>valid</span>.</em></p>\n', 'SUCCESS', 'nf', '2011-05-19 14:11:31.0', '<p>\n\tBoth login and password are displayed.</p>\n', 10, 'nf', '2011-05-19 14:05:56.0', 'nf', '2011-05-19 14:11:31.0', 186, 5), 
 (6, '<p>\n\tThe login and password are right<span>.</span></p>\n<p>\n\t</p>\n<p>\n\tThe user enter the <span>Payment list</span> screen.</p>\n', '<p>\n\t<em><u>Validate (and navigation) :</u></em></p>\n<p>\n\tClick on the button VALIDATE.</p>\n', 'SUCCESS', 'nf', '2011-05-19 14:15:20.0', '<p>\n\tEntering the <span>Payment list</span> screen.</p>\n<p>\n\tGo to the test <span><strong><u>07_Banker checks payements successful</u></strong></span></p>\n', 11, 'nf', '2011-05-19 14:05:56.0', 'nf', '2011-05-19 14:15:20.0', 187, 6), 
 (7, '<p>\n\t-</p>\n', '<p>\n\t<em><u>Pr requisite :</u></em></p>\n<ul>\n\t<li>\n\t\tAccess to a different browser than the ones allowed : Safari.</li>\n\t<li>\n\t\tAccess to an older version of an allowed browser : FF 3 or IE 6.</li>\n\t<li>\n\t\tA <span>valid login and password</span> for a <strong>Banker</strong> profile.</li>\n</ul>\n', 'BLOQUED', 'nf', '2011-05-19 14:30:28.0', '<p>\n\tThis test cant be launched :</p>\n<p>\n\tthe pre requisites are not fullfilled.</p>\n<p>\n\t= <span><strong>ACTION </strong></span>: if the environnment is available, this case should be executed again in IT_1.</p>\n<p>\n\tif not, in IT_2.</p>\n', 14, 'nf', '2011-05-19 14:12:44.0', 'nf', '2011-05-19 14:32:48.0', 189, 7), 
 (8, '<p>\n\tThe user <span>CANT</span> connected to <span><strong><u>NX Bank</u></strong></span>.</p>\n', '<p>\n\t<em><u>Connection to a different browser :</u></em></p>\n<p>\n\tThe user try to connect to the web application on Safari at the following adress :</p>\n<p>\n\t<span><u>http://localhost:8080/nxbank</u></span></p>\n', 'BLOQUED', 'nf', '2011-05-19 14:33:21.0', null, 15, 'nf', '2011-05-19 14:12:44.0', 'nf', '2011-05-19 14:33:21.0', 190, 8), 
 (9, '<p>\n\tThe user <span>CANT</span> connected to <span><strong><u>NX Bank</u></strong></span>.</p>\n', '<p>\n\t<em><u>Connection to a an older FF :</u></em></p>\n<p>\n\tThe user try to connect to the web application on FireFox 3 at the following adress :</p>\n<p>\n\t<span><u>http://localhost:8080/nxbank</u></span></p>\n', 'BLOQUED', 'nf', '2011-05-19 14:33:24.0', null, 16, 'nf', '2011-05-19 14:12:44.0', 'nf', '2011-05-19 14:33:24.0', 191, 9), 
 (10, '<p>\n\tThe user <span>CANT</span> connected to <span><strong><u>NX Bank</u></strong></span>.</p>\n', '<p>\n\t<em><u>Connection to a an older FF :</u></em></p>\n<p>\n\tThe user try to connect to the web application on FireFox 3 at the following adress :</p>\n<p>\n\t<span><u>http://localhost:8080/nxbank</u></span></p>\n', 'BLOQUED', 'nf', '2011-05-19 14:33:27.0', null, 17, 'nf', '2011-05-19 14:12:44.0', 'nf', '2011-05-19 14:33:27.0', 192, 10), 
 (16, '<p>\n\t-</p>\n', '<p>\n\t<em><u>Pr requisite :</u></em></p>\n<ul>\n\t<li>\n\t\tAccess to a browser : FF 4 or IE 7.</li>\n\t<li>\n\t\tA <span>valid login and password</span> for a <strong>User</strong> profile.</li>\n</ul>\n', 'SUCCESS', 'nf', '2011-05-19 14:22:36.0', '<p>\n\tTested with FF4.</p>\n', 44, 'nf', '2011-05-19 14:22:01.0', 'nf', '2011-05-19 14:22:36.0', 200, 16), 
 (17, '<p>\n\tThe user is connected to <span><strong><u>NX Bank</u></strong></span>.</p>\n<p>\n\t</p>\n<p>\n\tThe screen Authorisation is displayed.</p>\n', '<p>\n\t<em><u>Connection :</u></em></p>\n<p>\n\tThe user can connect to the web application at the following adress :</p>\n<p>\n\t<span><u>http://localhost:8080/nxbank</u></span></p>\n', 'SUCCESS', 'nf', '2011-05-19 14:22:58.0', '<p>\n\tThe user is connected to <span><strong><u>NX Bank</u></strong></span>.</p>\n', 45, 'nf', '2011-05-19 14:22:01.0', 'nf', '2011-05-19 14:22:58.0', 201, 17), 
 (18, '<p>\n\tBoth login and password are displayed.</p>\n', '<p>\n\t<u><em>Login :</em></u></p>\n<ol>\n\t<li>\n\t\tWrite into the Login text box : <span>Validuser</span></li>\n\t<li>\n\t\tWrite into the Password text box : <span>Userpassword</span></li>\n</ol>\n<p>\n\t<u>Note :</u><em> this login password is <span>invalid </span>for a <strong>Banker</strong>.</em></p>\n', 'SUCCESS', 'nf', '2011-05-19 14:26:42.0', '<p>\n\tThe <strong>User</strong> login password is displayed.</p>\n', 46, 'nf', '2011-05-19 14:22:01.0', 'nf', '2011-05-19 14:26:42.0', 202, 18), 
 (19, '<p>\n\tThe login password <span>is not </span>valid for a <strong>Banker</strong> profile.</p>\n<p>\n\t</p>\n<p>\n\tThe user stays on this screen.</p>\n<p>\n\t</p>\n<p>\n\tBoth login password are erased.</p>\n<p>\n\t</p>\n<p>\n\tAn <span>error message</span> is displayed :</p>\n<p>\n\tSorry, wrong profile. Youre not allowed to enter. Please contact your administrator for further informations.</p>\n', '<p>\n\t<em><u>Validate :</u></em></p>\n<p>\n\tClick on the button <span>VALIDATE</span>.</p>\n', 'FAILURE', 'nf', '2011-05-19 14:28:48.0', '<ol>\n\t<li>\n\t\tBoth login password are erased.</li>\n\t<li>\n\t\tThe user stays on this screen.</li>\n\t<li>\n\t\tThe following <span>error message</span> is displayed :</li>\n</ol>\n<ul>\n\t<li>\n\t\tYoure not allowed to enter. Please contact your administrator for further informations.</li>\n</ul>\n<p>\n\t= <strong><span>ISSUE </span></strong>: wrong message. I should have this message instead :</p>\n<ul>\n\t<li>\n\t\tSorry, wrong profile. Youre not allowed to enter. Please contact your administrator for further informations.</li>\n</ul>', 47, 'nf', '2011-05-19 14:22:01.0', 'nf', '2011-05-19 14:28:48.0', 203, 19), 
 (20, '<p>\n\t-</p>\n', '<p>\n\t<em><u>Pr requisite :</u></em></p>\n<ul>\n\t<li>\n\t\tAccess to a different browser than the ones allowed : Safari.</li>\n\t<li>\n\t\tAccess to an older version of an allowed browser : FF 3 or IE 6.</li>\n\t<li>\n\t\tA <span>valid login and password</span> for a <strong>Banker</strong> profile.</li>\n</ul>\n', 'SUCCESS', 'nf', '2011-05-19 14:34:31.0', '<p>\n\tAn environment is available for testing Safari and the older version of FF/IE.</p>\n', 14, 'nf', '2011-05-19 14:33:45.0', 'nf', '2011-05-19 14:34:31.0', 205, 20);

Insert into EXECUTION_STEP(EXECUTION_STEP_ID, EXPECTED_RESULT, ACTION, EXECUTION_STATUS, LAST_EXECUTED_BY, LAST_EXECUTED_ON, COMMENT, TEST_STEP_ID, CREATED_BY, CREATED_ON, LAST_MODIFIED_BY, LAST_MODIFIED_ON, ATTACHMENT_LIST_ID, ISSUE_LIST_ID) values 
 (21, '<p>\n\tThe user <span>CANT</span> connected to <span><strong><u>NX Bank</u></strong></span>.</p>\n', '<p>\n\t<em><u>Connection to a different browser :</u></em></p>\n<p>\n\tThe user try to connect to the web application on Safari at the following adress :</p>\n<p>\n\t<span><u>http://localhost:8080/nxbank</u></span></p>\n', 'SUCCESS', 'nf', '2011-05-19 14:35:02.0', '<p>\n\tThe user <span>CANT</span> connected to <span><strong><u>NX Bank</u></strong></span>.</p>\n', 15, 'nf', '2011-05-19 14:33:45.0', 'nf', '2011-05-19 14:35:02.0', 206, 21), 
 (22, '<p>\n\tThe user <span>CANT</span> connected to <span><strong><u>NX Bank</u></strong></span>.</p>\n', '<p>\n\t<em><u>Connection to a an older FF :</u></em></p>\n<p>\n\tThe user try to connect to the web application on FireFox 3 at the following adress :</p>\n<p>\n\t<span><u>http://localhost:8080/nxbank</u></span></p>\n', 'FAILURE', 'nf', '2011-05-19 14:35:21.0', '<p>\n\tThe user connects to <span><strong><u>NX Bank</u></strong></span>.</p>\n', 16, 'nf', '2011-05-19 14:33:45.0', 'nf', '2011-05-19 14:35:21.0', 207, 22), 
 (23, '<p>\n\tThe user <span>CANT</span> connected to <span><strong><u>NX Bank</u></strong></span>.</p>\n', '<p>\n\t<em><u>Connection to a an older FF :</u></em></p>\n<p>\n\tThe user try to connect to the web application on FireFox 3 at the following adress :</p>\n<p>\n\t<span><u>http://localhost:8080/nxbank</u></span></p>\n', 'FAILURE', 'nf', '2011-05-19 14:35:37.0', '<p>\n\tThe user connect to <span><strong><u>NX Bank</u></strong></span>.</p>\n', 17, 'nf', '2011-05-19 14:33:45.0', 'nf', '2011-05-19 14:35:37.0', 208, 23), 
 (24, '<p>\n\t-</p>\n', '<p>\n\t<em><u>Pr requisite :</u></em></p>\n<ul>\n\t<li>\n\t\tAccess to a browser : FF 4 or IE 7.</li>\n\t<li>\n\t\tSeveral <span>valid login and password</span> for a <strong>Banker</strong> profile.</li>\n</ul>\n', 'SUCCESS', 'nf', '2011-05-19 14:38:04.0', '<p>\n\tThe pre requisite are fullfilled.</p>\n', 20, 'nf', '2011-05-19 14:37:28.0', 'nf', '2011-05-19 14:38:04.0', 210, 24), 
 (25, '<p>\n\tThe user is connected to <span><strong><u>NX Bank</u></strong></span>.</p>\n<p>\n\t</p>\n<p>\n\tThe screen Authorisation is displayed.</p>\n', '<p>\n\t<em><u>Connection :</u></em></p>\n<p>\n\tThe user can connect to the web application at the following adress :</p>\n<p>\n\t<span><u>http://localhost:8080/nxbank</u></span></p>\n', 'SUCCESS', 'nf', '2011-05-19 14:38:17.0', '<p>\n\tThe user is connected to <span><strong><u>NX Bank</u></strong></span>.</p>\n', 21, 'nf', '2011-05-19 14:37:28.0', 'nf', '2011-05-19 14:38:17.0', 211, 25), 
 (26, '<p>\n\tBoth login and password are displayed.</p>\n', '<p>\n\t<u><em>Login :</em></u></p>\n<ol>\n\t<li>\n\t\tWrite into the Login text box : <span>Validbanker13</span></li>\n\t<li>\n\t\tWrite into the Password text box : <span>Password1</span></li>\n</ol>\n<p>\n\t<u>Note :</u><em> the login is <span>not valid</span>.</em></p>\n', 'SUCCESS', 'nf', '2011-05-19 14:38:53.0', '<p>\n\tBoth <span><em>invalid</em> </span>login and password are displayed.</p>\n', 22, 'nf', '2011-05-19 14:37:28.0', 'nf', '2011-05-19 14:38:53.0', 212, 26), 
 (27, '<p>\n\tThe login <span>doesnt fit</span> the control (limit of <strong><span>12 </span></strong>characters)</p>\n<p>\n\t</p>\n<p>\n\tThe user stays on this screen.</p>\n<p>\n\t</p>\n<p>\n\tBoth login password are erased.</p>\n<p>\n\t</p>\n<p>\n\tAn <span>error message</span> is displayed :</p>\n<p>\n\tSorry, wrong login. Try again with the right one or contact your administrator.</p>\n', '<p>\n\t<em><u>Validate :</u></em></p>\n<p>\n\tClick on the button <span>VALIDATE</span>.</p>\n', 'SUCCESS', 'nf', '2011-05-19 14:41:16.0', '<ol>\n\t<li>\n\t\tBoth login password are erased.</li>\n\t<li>\n\t\tThe user stays on this screen.</li>\n\t<li>\n\t\tAn <span>error message</span> is displayed :</li>\n</ol>\n<ul>\n\t<li>\n\t\tSorry, wrong login. Try again with the right one or contact your administrator.</li>\n</ul>\n<p>\n\t= <span>SUGGESTION </span>: limit the login text field to twelve characters to prevent this case.</p>\n', 23, 'nf', '2011-05-19 14:37:28.0', 'nf', '2011-05-19 14:42:02.0', 213, 27), 
 (28, '<p>\n\tBoth login and password are displayed.</p>\n', '<p>\n\t<u><em>Login :</em></u></p>\n<ol>\n\t<li>\n\t\tWrite into the Login text box : <span>Validbanker</span></li>\n\t<li>\n\t\tWrite into the Password text box : <span>Password11113</span></li>\n</ol>\n<p>\n\t<u>Note :</u><em> the password is <span>not valid</span>.</em></p>\n', 'SUCCESS', 'nf', '2011-05-19 14:41:36.0', '<p>\n\tBoth <span><em>invalid</em> </span>login and password are displayed.</p>\n', 28, 'nf', '2011-05-19 14:37:28.0', 'nf', '2011-05-19 14:41:36.0', 214, 28), 
 (29, '<p>\n\tThe password <span>doesnt fit</span> the control (limit of <strong><span>12 </span></strong>characters)</p>\n<p>\n\t</p>\n<p>\n\tThe user stays on this screen.</p>\n<p>\n\t</p>\n<p>\n\tBoth login password are erased.</p>\n<p>\n\t</p>\n<p>\n\tAn <span>error message</span> is displayed :</p>\n<p>\n\tSorry, wrong password. Try again with the right one or contact your administrator.</p>\n', '<p>\n\t<em><u>Validate :</u></em></p>\n<p>\n\tClick on the button <span>VALIDATE</span>.</p>\n', 'SUCCESS', 'nf', '2011-05-19 14:42:19.0', '<ol>\n\t<li>\n\t\tBoth login password are erased.</li>\n\t<li>\n\t\tThe user stays on this screen.</li>\n\t<li>\n\t\tAn <span>error message</span> is displayed :</li>\n</ol>\n<ul>\n\t<li>\n\t\tSorry, wrong login. Try again with the right one or contact your administrator.</li>\n</ul>\n<p>\n\t= <span>SUGGESTION </span>: limit the password text field to twelve characters to prevent this case.</p>\n', 29, 'nf', '2011-05-19 14:37:28.0', 'nf', '2011-05-19 14:42:19.0', 215, 29), 
 (30, '<p>\n\t-</p>\n', '<p>\n\t<em><u>Pr requisite :</u></em></p>\n<ul>\n\t<li>\n\t\tAccess to a browser : FF 4 or IE 7.</li>\n\t<li>\n\t\tOne <span>valid login and password</span> for a <strong>Banker</strong> profile.</li>\n</ul>\n', 'SUCCESS', 'nf', '2011-05-19 14:45:23.0', '<p>\n\t-</p>\n', 35, 'nf', '2011-05-19 14:44:39.0', 'nf', '2011-05-19 14:45:23.0', 217, 30), 
 (31, '<p>\n\tThe user is connected to <span><strong><u>NX Bank</u></strong></span>.</p>\n<p>\n\t</p>\n<p>\n\tThe screen Authorisation is displayed.</p>\n', '<p>\n\t<em><u>Connection :</u></em></p>\n<p>\n\tThe user can connect to the web application at the following adress :</p>\n<p>\n\t<span><u>http://localhost:8080/nxbank</u></span></p>\n', 'SUCCESS', 'nf', '2011-05-19 14:45:36.0', '<p>\n\tThe user is connected to <span><strong><u>NX Bank</u></strong></span>.</p>\n', 36, 'nf', '2011-05-19 14:44:39.0', 'nf', '2011-05-19 14:45:36.0', 218, 31), 
 (32, '<p>\n\tBoth login and password are displayed.</p>\n', '<p>\n\t<u><em>Login :</em></u></p>\n<ol>\n\t<li>\n\t\tWrite into the Login text box : <span>BankOK</span></li>\n\t<li>\n\t\tWrite into the Password text box : <span>Password1</span></li>\n</ol>\n<p>\n\t<u>Note :</u><em> the login is <span>wrong</span>.</em></p>\n', 'SUCCESS', 'nf', '2011-05-19 14:45:42.0', null, 37, 'nf', '2011-05-19 14:44:39.0', 'nf', '2011-05-19 14:45:42.0', 219, 32), 
 (33, '<p>\n\tThe login <span>is not </span>valid.</p>\n<p>\n\t</p>\n<p>\n\tThe user stays on this screen.</p>\n<p>\n\t</p>\n<p>\n\tBoth login password are erased.</p>\n<p>\n\t</p>\n<p>\n\tAn <span>error message</span> is displayed :</p>\n<p>\n\tSorry, wrong login. Try again with the right one or contact your administrator.</p>\n', '<p>\n\t<em><u>Validate :</u></em></p>\n<p>\n\tClick on the button <span>VALIDATE</span>.</p>\n', 'SUCCESS', 'nf', '2011-05-19 14:46:36.0', '<ol>\n\t<li>\n\t\t<p>\n\t\t\tThe user stays on this screen.</p>\n\t</li>\n\t<li>\n\t\t<p>\n\t\t\tBoth login password are erased.</p>\n\t</li>\n\t<li>\n\t\t<p>\n\t\t\tThe <span>error message</span> is displayed :</p>\n\t</li>\n</ol>\n<ul>\n\t<li>\n\t\t<p>\n\t\t\tSorry, wrong login. Try again with the right one or contact your administrator.</p>\n\t</li>\n</ul>\n', 38, 'nf', '2011-05-19 14:44:39.0', 'nf', '2011-05-19 14:46:36.0', 220, 33), 
 (34, '<p>\n\tBoth login and password are displayed.</p>\n', '<p>\n\t<u><em>Login :</em></u></p>\n<ol>\n\t<li>\n\t\tWrite into the Login text box : <span>Validbanker</span></li>\n\t<li>\n\t\tWrite into the Password text box : <span>Pwd</span></li>\n</ol>\n<p>\n\t<u>Note :</u><em> the password is <span>wrong</span>.</em></p>\n', 'SUCCESS', 'nf', '2011-05-19 14:46:43.0', null, 42, 'nf', '2011-05-19 14:44:39.0', 'nf', '2011-05-19 14:46:43.0', 221, 34), 
 (35, '<p>\n\tThe password <span>is not </span>valid.</p>\n<p>\n\t</p>\n<p>\n\tThe user stays on this screen.</p>\n<p>\n\t</p>\n<p>\n\tBoth login password are erased.</p>\n<p>\n\t</p>\n<p>\n\tAn <span>error message</span> is displayed :</p>\n<p>\n\tSorry, wrong password. Try again with the right one or contact your administrator.</p>\n', '<p>\n\t<em><u>Validate :</u></em></p>\n<p>\n\tClick on the button <span>VALIDATE</span>.</p>\n', 'SUCCESS', 'nf', '2011-05-19 14:47:17.0', '<ol>\n\t<li>\n\t\t<p>\n\t\t\tThe user stays on this screen.</p>\n\t</li>\n\t<li>\n\t\t<p>\n\t\t\tBoth login password are erased.</p>\n\t</li>\n\t<li>\n\t\t<p>\n\t\t\tThe <span>error message</span> is displayed :</p>\n\t</li>\n</ol>\n<ul>\n\t<li>\n\t\t<p>\n\t\t\tSorry, wrong password. Try again with the right one or contact your administrator.</p>\n\t</li>\n</ul>\n', 43, 'nf', '2011-05-19 14:44:39.0', 'nf', '2011-05-19 14:47:17.0', 222, 35), 
 (36, '<p>\n\t-</p>\n', '<p>\n\t<em><u>Pr requisite :</u></em></p>\n<ul>\n\t<li>\n\t\tAccess to a browser : FF 4 or IE 7.</li>\n\t<li>\n\t\tOne <span>valid login and password</span> for a <strong>Banker</strong> profile.</li>\n</ul>\n', 'SUCCESS', 'nf', '2011-05-19 14:50:14.0', '<p>\n\tOK</p>\n', 30, 'nf', '2011-05-19 14:47:33.0', 'nf', '2011-05-19 14:50:14.0', 224, 36), 
 (37, '<p>\n\tThe user is connected to <span><strong><u>NX Bank</u></strong></span>.</p>\n<p>\n\t</p>\n<p>\n\tThe screen Authorisation is displayed.</p>\n', '<p>\n\t<em><u>Connection :</u></em></p>\n<p>\n\tThe user can connect to the web application at the following adress :</p>\n<p>\n\t<span><u>http://localhost:8080/nxbank</u></span></p>\n', 'SUCCESS', 'nf', '2011-05-19 14:50:22.0', '<p>\n\tThe user is connected to <span><strong><u>NX Bank</u></strong></span>.</p>\n', 31, 'nf', '2011-05-19 14:47:33.0', 'nf', '2011-05-19 14:50:22.0', 225, 37), 
 (38, '<p>\n\tOnly the password is displayed.</p>\n', '<p>\n\t<u><em>Login :</em></u></p>\n<ol>\n\t<li>\n\t\tWrite nothing into the Login text box :</li>\n\t<li>\n\t\tWrite into the Password text box : <span>Password1</span></li>\n</ol>\n<p>\n\t<u>Note :</u><em> the login is <span>missing</span>.</em></p>\n', 'SUCCESS', 'nf', '2011-05-19 14:50:33.0', '<p>\n\tOnly the password is displayed.</p>\n', 32, 'nf', '2011-05-19 14:47:33.0', 'nf', '2011-05-19 14:50:33.0', 226, 38), 
 (39, '<p>\n\tThe login <span>is not </span>valid.</p>\n<p>\n\t</p>\n<p>\n\tThe user stays on this screen.</p>\n<p>\n\t</p>\n<p>\n\tBoth login password are erased.</p>\n<p>\n\t</p>\n<p>\n\tAn <span>error message</span> is displayed :</p>\n<p>\n\tSorry, wrong login. Try again with the right one or contact your administrator.</p>\n', '<p>\n\t<em><u>Validate :</u></em></p>\n<p>\n\tClick on the button <span>VALIDATE</span>.</p>\n', 'SUCCESS', 'nf', '2011-05-19 14:50:55.0', '<ol>\n\t<li>\n\t\t<p>\n\t\t\tThe user stays on this screen.</p>\n\t</li>\n\t<li>\n\t\t<p>\n\t\t\tBoth login password are erased.</p>\n\t</li>\n\t<li>\n\t\t<p>\n\t\t\tThe <span>error message</span> is displayed :</p>\n\t</li>\n</ol>\n<ul>\n\t<li>\n\t\t<p>\n\t\t\tSorry, wrong login. Try again with the right one or contact your administrator.</p>\n\t</li>\n</ul>\n', 33, 'nf', '2011-05-19 14:47:33.0', 'nf', '2011-05-19 14:50:55.0', 227, 39), 
 (40, '<p>\n\tOnly the login is displayed.</p>\n', '<p>\n\t<u><em>Login :</em></u></p>\n<ol>\n\t<li>\n\t\tWrite into the Login text box : <span>Validbanker</span></li>\n\t<li>\n\t\tWrite nothing into the Password text box :</li>\n</ol>\n<p>\n\t<u>Note :</u><em> the password is <span>missing</span>.</em></p>\n', 'SUCCESS', 'nf', '2011-05-19 14:51:08.0', '<p>\n\tOnly the login is displayed.</p>\n', 40, 'nf', '2011-05-19 14:47:33.0', 'nf', '2011-05-19 14:51:08.0', 228, 40), 
 (41, '<p>\n\tThe password <span>is not </span>valid.</p>\n<p>\n\t</p>\n<p>\n\tThe user stays on this screen.</p>\n<p>\n\t</p>\n<p>\n\tBoth login password are erased.</p>\n<p>\n\t</p>\n<p>\n\tAn <span>error message</span> is displayed :</p>\n<p>\n\tSorry, wrong password. Try again with the right one or contact your administrator.</p>\n', '<p>\n\t<em><u>Validate :</u></em></p>\n<p>\n\tClick on the button <span>VALIDATE</span>.</p>\n', 'SUCCESS', 'nf', '2011-05-19 14:51:52.0', '<ol>\n\t<li>\n\t\t<p>\n\t\t\tThe user stays on this screen.</p>\n\t</li>\n\t<li>\n\t\t<p>\n\t\t\tBoth login password are erased.</p>\n\t</li>\n\t<li>\n\t\t<p>\n\t\t\tThe <span>error message</span> is displayed :</p>\n\t</li>\n</ol>\n<ul>\n\t<li>\n\t\t<p>\n\t\t\tSorry, wrong password. Try again with the right one or contact your administrator.</p>\n\t</li>\n</ul>\n', 41, 'nf', '2011-05-19 14:47:33.0', 'nf', '2011-05-19 14:51:52.0', 229, 41), 
 (42, '<p>\n\t-</p>\n', '<p>\n\t<em><u>Pr requisite :</u></em></p>\n<ul>\n\t<li>\n\t\tA <span>invalid buy</span> (date criteria failed) made on <span><u><strong>NX Pet Shop</strong></u></span> (flow from <span><u><strong>NX Pet Shop</strong></u></span> to <span><u><strong>NX Bank</strong></u></span>)</li>\n\t<li>\n\t\tHave passed through the Authorisation screen as a <strong>Banker</strong> with a <span>valid login and password</span>.</li>\n</ul>\n', 'SUCCESS', 'nf', '2011-05-19 14:56:37.0', '<p>\n\tBoth pre requisites are fullfilled.</p>\n', 83, 'nf', '2011-05-19 14:51:59.0', 'nf', '2011-05-19 14:56:37.0', 231, 42), 
 (43, '<p>\n\tThe icon is clicked and disappears.</p>\n<p>\n\t</p>\n<p>\n\tThe checking process is initiated.</p>\n', '<p>\n\t<em><u>Check payment :</u></em></p>\n<p>\n\tClick on the icon <img alt=\"\" src=\"data:image/pnbase64,iVBORw0KGgoAAAANSUhEUgAAAA8AAAAQCAIAAABGNLJTAAAAb0lEQVQokWP4TwpgQOY0z9pmEduFjLLaVgys6rKJG7Grfvb6A5p5yKqR0dlrj+ij2jaxL7FhKQT1LTsIZzunTqCPS37++n322iMIKuhejaY6rmYBXPbz1x/Yw9sja8rAxvyDZ2/hroSgWw9eIisAAMJM2bWvGq6EAAAAAElFTkSuQmCC\" /> to check one payment.</p>\n<p>\n\t</p>\n<p>\n\t(<u>ex:</u> <em>check the order 1006</em>)</p>\n', 'SUCCESS', 'nf', '2011-05-19 14:57:36.0', '<p>\n\tThe icon disappears and the process is initiated.</p>\n', 84, 'nf', '2011-05-19 14:51:59.0', 'nf', '2011-05-19 14:57:36.0', 232, 43), 
 (44, '<ol>\n\t<li>\n\t\tThe expiry date <span>has been reached</span>.</li>\n\t<li>\n\t\tThe card number is <span>valid</span>.</li>\n\t<li>\n\t\tThe text Card data checked is displayed.</li>\n</ol>\n<p>\n\tAt the end of the process, the test is <span><strong>unsuccessful</strong></span>.</p>\n', '<p>\n\t<em><u>Check data : </u></em></p>\n<p>\n\tThe process checks the following data :</p>\n<ol>\n\t<li>\n\t\tThe expiry date <span>has been reached</span>.</li>\n\t<li>\n\t\tThe card number is <span>valid</span>.</li>\n\t<li>\n\t\tDuring the process, the text Card data checked is displayed.</li>\n</ol>\n', 'SUCCESS', 'nf', '2011-05-19 14:58:16.0', '<div class=\"ui-accordion-content ui-helper-reset ui-widget-content ui-corner-bottom ui-accordion-content-active\">\n\t<div id=\"execution-expected-result\">\n\t\t<ol>\n\t\t\t<li>\n\t\t\t\tThe expiry date <span>has been reached</span>. <span><strong>= OK</strong></span></li>\n\t\t\t<li>\n\t\t\t\tThe card number is <span>valid</span>. <span><strong>= OK</strong></span></li>\n\t\t\t<li>\n\t\t\t\tThe text Card data checked is displayed. <span><strong>= OK</strong></span></li>\n\t\t</ol>\n\t\t<p>\n\t\t\tAt the end of the process, the test is <span><strong>unsuccessful</strong></span>. <span><strong>= OK</strong></span></p>\n\t</div>\n</div>\n', 85, 'nf', '2011-05-19 14:51:59.0', 'nf', '2011-05-19 14:58:16.0', 233, 44), 
 (45, '<p>\n\tThe failed icon <span><strong>X</strong></span> <strong><span> </span></strong>is displayed.</p>\n<p>\n\t</p>\n<p>\n\tThe text <span>date expires</span> is diplayed.</p>\n<p>\n\t</p>\n<p>\n\tThe payment is <span>failed</span>.</p>\n', '<p>\n\t<em><u>Failed test :</u></em></p>\n<p>\n\tThe failed icon <span><strong>X</strong></span> is diplayed in the Check column.</p>\n<p>\n\t</p>\n<p>\n\tThe text <span>date expires</span> is diplayed in the Reason column.</p>\n<p>\n\t</p>\n<p>\n\tThe payment is <span>failed</span>.</p>\n', 'SUCCESS', 'nf', '2011-05-19 15:00:13.0', '<ol>\n\t<li>\n\t\tThe icon is displayed. <span><strong>= OK</strong></span></li>\n\t<li>\n\t\tThe text is displayed. <span><strong>= OK</strong></span></li>\n\t<li>\n\t\tThe payment is failed. <span><strong>= OK</strong></span></li>\n</ol>\n', 86, 'nf', '2011-05-19 14:51:59.0', 'nf', '2011-05-19 15:00:13.0', 234, 45), 
 (46, '<p>\n\t-</p>\n', '<p>\n\t<em><u>Pr requisite :</u></em></p>\n<p>\n\t-</p>\n', 'SUCCESS', 'nf', '2011-05-19 15:00:33.0', '<p>\n\t-</p>\n', 93, 'nf', '2011-05-19 15:00:25.0', 'nf', '2011-05-19 15:57:55.0', 236, 46), 
 (47, '<p>\n\tThe Banker goes to the <span>Authorisation</span> screen.</p>\n<p>\n\t</p>\n<p>\n\t<u>Note : </u><em>then go back to the <span>List of payment</span> screen by clicking on <span>VALIDATE</span> with the right login / password.</em></p>\n', '<p>\n\t<em><u>Navigation from the screen (1) :</u></em></p>\n<p>\n\tClick on the parrot icon.</p>\n', 'FAILURE', 'nf', '2011-05-19 15:01:42.0', '<p>\n\tClicking on the parrot doesnt send the user to the Authorisation screen. <span><strong>= KO</strong></span></p>\n', 94, 'nf', '2011-05-19 15:00:25.0', 'nf', '2011-05-19 15:01:42.0', 237, 47), 
 (48, '<p>\n\tThe Banker goes to the <span>Authorisation</span> screen.</p>\n<p>\n\t</p>\n<p>\n\t<u>Note :</u> <em>then go back to the <span>List of payment</span> screen by clicking on <span>VALIDATE</span> with the right login / password.</em></p>\n', '<p>\n\t<em><u>Navigation from the screen (2) :</u></em></p>\n<p>\n\tClick on the JPetStore upper banner.</p>\n', 'SUCCESS', 'nf', '2011-05-19 15:01:55.0', '<p>\n\t<span><strong>= OK</strong></span></p>\n', 95, 'nf', '2011-05-19 15:00:25.0', 'nf', '2011-05-19 15:58:56.0', 238, 48), 
 (49, '<p>\n\t-</p>', '<p>\n\t<em><u>Pr requisite :</u></em></p>\n<ul>\n\t<li>\n\t\tA <span>invalid buy</span> (card number criteria failed) made on <span><u><strong>NX Pet Shop</strong></u></span> (flow from <span><u><strong>NX Pet Shop</strong></u></span> to <span><u><strong>NX Bank</strong></u></span>)</li>\n\t<li>\n\t\tHave passed through the Authorisation screen as a <strong>Banker</strong> with a <span>valid login and password</span>.</li>\n</ul>\n', 'SUCCESS', 'nf', '2011-05-19 15:02:35.0', '<p>\n\tThe pre requisite are fullfilled.</p>\n', 89, 'nf', '2011-05-19 15:02:16.0', 'nf', '2011-05-19 15:02:35.0', 240, 49), 
 (50, '<p>\n\tThe icon is clicked and disappears.</p>\n<p>\n\t</p>\n<p>\n\tThe checking process is initiated.</p>\n', '<p>\n\t<em><u>Check payment :</u></em></p>\n<p>\n\tClick on the icon <img alt=\"\" src=\"data:image/pnbase64,iVBORw0KGgoAAAANSUhEUgAAAA8AAAAQCAIAAABGNLJTAAAAb0lEQVQokWP4TwpgQOY0z9pmEduFjLLaVgys6rKJG7Grfvb6A5p5yKqR0dlrj+ij2jaxL7FhKQT1LTsIZzunTqCPS37++n322iMIKuhejaY6rmYBXPbz1x/Yw9sja8rAxvyDZ2/hroSgWw9eIisAAMJM2bWvGq6EAAAAAElFTkSuQmCC\" /> to check one payment.</p>\n<p>\n\t</p>\n<p>\n\t(<u>ex:</u> <em>check the order 1005</em>)</p>\n', 'SUCCESS', 'nf', '2011-05-19 15:03:15.0', '<div class=\"ui-accordion-content ui-helper-reset ui-widget-content ui-corner-bottom ui-accordion-content-active\">\n\t<div id=\"execution-expected-result\">\n\t\t<ol>\n\t\t\t<li>\n\t\t\t\tThe icon disappears.<strong><span> = OK</span></strong></li>\n\t\t\t<li>\n\t\t\t\tThe process is initiated. <strong><span>= OK</span></strong></li>\n\t\t</ol>\n\t</div>\n</div>\n', 90, 'nf', '2011-05-19 15:02:16.0', 'nf', '2011-05-19 15:03:15.0', 241, 50), 
 (51, '<ol>\n\t<li>\n\t\tThe expiry date <span>has not been reached</span>.</li>\n\t<li>\n\t\tThe card number is <span>incorrect</span>.</li>\n\t<li>\n\t\tThe text Card data checked is displayed.</li>\n</ol>\n<p>\n\tAt the end of the process, the test is <span><strong>unsuccessful</strong></span>.</p>\n', '<p>\n\t<em><u>Check data : </u></em></p>\n<p>\n\tThe process checks the following data :</p>\n<ol>\n\t<li>\n\t\tThe expiry date <span>has not been reached</span>.</li>\n\t<li>\n\t\tThe card number is <span>incorrect</span>.</li>\n\t<li>\n\t\tDuring the process, the text Card data checked is displayed.</li>\n</ol>\n', 'SUCCESS', 'nf', '2011-05-19 15:04:56.0', '<p>\n\t</p>\n<ol>\n\t<li>\n\t\tThe expiry date <span>has not been reached</span>. <span><strong>= OK</strong></span></li>\n\t<li>\n\t\tThe card number is <span>incorrect</span>. <span><strong>= OK</strong></span></li>\n\t<li>\n\t\tThe text Card data checked is displayed. <span><strong>= OK</strong></span></li>\n\t<li>\n\t\tAt the end of the process, the test is <span><strong>unsuccessful</strong></span>. <span><strong>= OK</strong></span></li>\n</ol>\n', 91, 'nf', '2011-05-19 15:02:16.0', 'nf', '2011-05-19 15:04:56.0', 242, 51), 
 (52, '<p>\n\tThe failed icon <span><strong>X</strong></span> <strong><span> </span></strong>is displayed.</p>\n<p>\n\t</p>\n<p>\n\tThe text <span>invalid card number</span> is diplayed.</p>\n<p>\n\t</p>\n<p>\n\tThe payment is <span>failed</span>.</p>\n', '<p>\n\t<em><u>Failed test :</u></em></p>\n<p>\n\tThe failed icon <span><strong>X</strong></span> is diplayed in the Check column.</p>\n<p>\n\t</p>\n<p>\n\tThe text <span>invalid card number</span> is diplayed in the Reason column.</p>\n<p>\n\t</p>\n<p>\n\tThe payment is <span>failed</span>.</p>\n', 'SUCCESS', 'nf', '2011-05-19 15:05:54.0', '<ol>\n\t<li>\n\t\t<p>\n\t\t\tThe icon is displayed. <span><strong>= OK</strong></span></p>\n\t</li>\n\t<li>\n\t\t<p>\n\t\t\tThe text <span>invalid card number</span> is diplayed. <span><strong>= OK</strong></span></p>\n\t</li>\n\t<li>\n\t\t<p>\n\t\t\tThe payment is <span>failed. </span><span><strong>= OK</strong></span></p>\n\t</li>\n</ol>\n', 92, 'nf', '2011-05-19 15:02:16.0', 'nf', '2011-05-19 15:05:54.0', 243, 52), 
 (53, '<p>\n\t-</p>\n', '<p>\n\t<em><u>Pr requisite :</u></em></p>\n<ul>\n\t<li>\n\t\tAccess to a browser : FF 4 or IE 7.</li>\n\t<li>\n\t\tA <span>valid login and password</span> for a <strong>Banker</strong> profile.</li>\n</ul>\n', 'SUCCESS', 'nf', '2011-05-19 15:50:02.0', null, 6, 'nf', '2011-05-19 15:39:28.0', 'nf', '2011-05-19 15:50:02.0', 247, 53), 
 (54, '<p>\n\tThe user is connected to <span><strong><u>NX Bank</u></strong></span>.</p>\n<p>\n\t</p>\n<p>\n\tThe screen Authorisation is displayed.</p>\n', '<p>\n\t<em><u>Connection :</u></em></p>\n<p>\n\tThe user can connect to the web application at the following adress :</p>\n<p>\n\t<span><u>http://localhost:8080/nxbank</u></span></p>\n', 'SUCCESS', 'nf', '2011-05-19 15:50:16.0', '<p>\n\tConnection to <span><u><strong>NX Bank</strong></u></span> Authorisation screen.</p>\n', 7, 'nf', '2011-05-19 15:39:28.0', 'nf', '2011-05-19 15:50:16.0', 248, 54), 
 (55, '<p>\n\tAll the items are correctly displayed.</p>\n', '<p>\n\t<u><em>Interface Authorisation :</em></u></p>\n<p>\n\tOn the Authorisation screen, look for the following items :</p>\n<ol>\n\t<li>\n\t\tA banner with label <span>JPetStore Bank</span></li>\n\t<li>\n\t\tA label <span>Please enter your login and password.</span></li>\n\t<li>\n\t\tA text box with label <span>Login :</span></li>\n\t<li>\n\t\tA text box with label <span>Password :</span></li>\n\t<li>\n\t\tA button <span>VALIDATE</span></li>\n</ol>\n', 'SUCCESS', 'nf', '2011-05-19 15:50:25.0', '<p>\n\tAll the items are correctly displayed.</p>\n', 8, 'nf', '2011-05-19 15:39:28.0', 'nf', '2011-05-19 15:50:37.0', 249, 55), 
 (56, '<p>\n\tBoth login and password are displayed.</p>\n', '<p>\n\t<u><em>Login :</em></u></p>\n<ol>\n\t<li>\n\t\tWrite into the Login text box : <span>Validbanker</span></li>\n\t<li>\n\t\tWrite into the Password text box : <span>Password1</span></li>\n</ol>\n<p>\n\t<u>Note :</u><em> this is login password is <span>valid</span>.</em></p>\n', 'SUCCESS', 'nf', '2011-05-19 15:50:52.0', '<p>\n\tBoth login and password are displayed.</p>\n', 10, 'nf', '2011-05-19 15:39:28.0', 'nf', '2011-05-19 15:50:52.0', 250, 56), 
 (57, '<p>\n\tThe login and password are right<span>.</span></p>\n<p>\n\t</p>\n<p>\n\tThe user enter the <span>Payment list</span> screen.</p>\n', '<p>\n\t<em><u>Validate (and navigation) :</u></em></p>\n<p>\n\tClick on the button VALIDATE.</p>\n', 'SUCCESS', 'nf', '2011-05-19 15:51:06.0', '<p>\n\tEntering the <span>Payment list</span> screen.</p>\n<p>\n\tGo to the test <span><strong><u>07_Banker checks payements successful</u></strong></span></p>\n', 11, 'nf', '2011-05-19 15:39:28.0', 'nf', '2011-05-19 15:51:06.0', 251, 57), 
 (58, '<p>\n\t-</p>\n', '<p>\n\t<em><u>Pr requisite :</u></em></p>\n<ul>\n\t<li>\n\t\tAccess to a browser : FF 4 or IE 7.</li>\n\t<li>\n\t\tA <span>valid login and password</span> for a <strong>User</strong> profile.</li>\n</ul>\n', 'SUCCESS', 'nf', '2011-05-19 15:52:02.0', '<p>\n\tTested with FF4.</p>\n', 44, 'nf', '2011-05-19 15:51:54.0', 'nf', '2011-05-19 15:52:02.0', 255, 58), 
 (59, '<p>\n\tThe user is connected to <span><strong><u>NX Bank</u></strong></span>.</p>\n<p>\n\t</p>\n<p>\n\tThe screen Authorisation is displayed.</p>\n', '<p>\n\t<em><u>Connection :</u></em></p>\n<p>\n\tThe user can connect to the web application at the following adress :</p>\n<p>\n\t<span><u>http://localhost:8080/nxbank</u></span></p>\n', 'SUCCESS', 'nf', '2011-05-19 15:52:14.0', '<p>\n\tThe user is connected to <span><strong><u>NX Bank</u></strong></span>.</p>\n', 45, 'nf', '2011-05-19 15:51:54.0', 'nf', '2011-05-19 15:52:14.0', 256, 59), 
 (60, '<p>\n\tBoth login and password are displayed.</p>\n', '<p>\n\t<u><em>Login :</em></u></p>\n<ol>\n\t<li>\n\t\tWrite into the Login text box : <span>Validuser</span></li>\n\t<li>\n\t\tWrite into the Password text box : <span>Userpassword</span></li>\n</ol>\n<p>\n\t<u>Note :</u><em> this login password is <span>invalid </span>for a <strong>Banker</strong>.</em></p>\n', 'SUCCESS', 'nf', '2011-05-19 15:52:44.0', '<p>\n\tThe <strong>User</strong> login password is displayed.</p>\n', 46, 'nf', '2011-05-19 15:51:54.0', 'nf', '2011-05-19 15:52:44.0', 257, 60), 
 (61, '<p>\n\tThe login password <span>is not </span>valid for a <strong>Banker</strong> profile.</p>\n<p>\n\t</p>\n<p>\n\tThe user stays on this screen.</p>\n<p>\n\t</p>\n<p>\n\tBoth login password are erased.</p>\n<p>\n\t</p>\n<p>\n\tAn <span>error message</span> is displayed :</p>\n<p>\n\tSorry, wrong profile. Youre not allowed to enter. Please contact your administrator for further informations.</p>\n', '<p>\n\t<em><u>Validate :</u></em></p>\n<p>\n\tClick on the button <span>VALIDATE</span>.</p>\n', 'SUCCESS', 'nf', '2011-05-19 15:53:11.0', '<ol>\n\t<li>\n\t\tBoth login password are erased.</li>\n\t<li>\n\t\tThe user stays on this screen.</li>\n\t<li>\n\t\tThe following <span>error message</span> is displayed :</li>\n</ol>\n<ul>\n\t<li>\n\t\tSorry, wrong profile. Youre not allowed to enter. Please contact your administrator for further informations.</li>\n</ul>\n', 47, 'nf', '2011-05-19 15:51:54.0', 'nf', '2011-05-19 15:53:11.0', 258, 61), 
 (62, '<p>\n\t-</p>\n', '<p>\n\t<em><u>Pr requisite :</u></em></p>\n<ul>\n\t<li>\n\t\tAccess to a different browser than the ones allowed : Safari.</li>\n\t<li>\n\t\tAccess to an older version of an allowed browser : FF 3 or IE 6.</li>\n\t<li>\n\t\tA <span>valid login and password</span> for a <strong>Banker</strong> profile.</li>\n</ul>\n', 'SUCCESS', 'nf', '2011-05-19 15:54:09.0', '<p>\n\tAn environment is available for testing Safari and the older version of FF/IE.</p>\n', 14, 'nf', '2011-05-19 15:54:01.0', 'nf', '2011-05-19 15:54:09.0', 261, 62), 
 (63, '<p>\n\tThe user <span>CANT</span> connected to <span><strong><u>NX Bank</u></strong></span>.</p>\n', '<p>\n\t<em><u>Connection to a different browser :</u></em></p>\n<p>\n\tThe user try to connect to the web application on Safari at the following adress :</p>\n<p>\n\t<span><u>http://localhost:8080/nxbank</u></span></p>\n', 'SUCCESS', 'nf', '2011-05-19 15:54:21.0', '<p>\n\tThe user <span>CANT</span> connected to <span><strong><u>NX Bank</u></strong></span>.</p>\n', 15, 'nf', '2011-05-19 15:54:01.0', 'nf', '2011-05-19 15:54:21.0', 262, 63), 
 (64, '<p>\n\tThe user <span>CANT</span> connected to <span><strong><u>NX Bank</u></strong></span>.</p>\n', '<p>\n\t<em><u>Connection to a an older FF :</u></em></p>\n<p>\n\tThe user try to connect to the web application on FireFox 3 at the following adress :</p>\n<p>\n\t<span><u>http://localhost:8080/nxbank</u></span></p>\n', 'SUCCESS', 'nf', '2011-05-19 15:54:34.0', '<p>\n\tThe user <span>CANT</span> connected to <span><strong><u>NX Bank</u></strong></span>.</p>\n', 16, 'nf', '2011-05-19 15:54:01.0', 'nf', '2011-05-19 15:55:19.0', 263, 64), 
 (65, '<p>\n\tThe user <span>CANT</span> connected to <span><strong><u>NX Bank</u></strong></span>.</p>\n', '<p>\n\t<em><u>Connection to a an older FF :</u></em></p>\n<p>\n\tThe user try to connect to the web application on FireFox 3 at the following adress :</p>\n<p>\n\t<span><u>http://localhost:8080/nxbank</u></span></p>\n', 'FAILURE', 'nf', '2011-05-19 15:54:48.0', '<p>\n\tThe user connects to <span><strong><u>NX Bank</u></strong></span>.</p>\n', 17, 'nf', '2011-05-19 15:54:01.0', 'nf', '2011-05-19 15:55:12.0', 264, 65), 
 (71, '<p>\n\t-</p>\n', '<p>\n\t<em><u>Pr requisite :</u></em></p>\n<p>\n\t-</p>\n', 'SUCCESS', 'nf', '2011-05-19 15:58:03.0', '<p>\n\t-</p>\n', 93, 'nf', '2011-05-19 15:57:33.0', 'nf', '2011-05-19 15:58:03.0', 272, 71), 
 (72, '<p>\n\tThe Banker goes to the <span>Authorisation</span> screen.</p>\n<p>\n\t</p>\n<p>\n\t<u>Note : </u><em>then go back to the <span>List of payment</span> screen by clicking on <span>VALIDATE</span> with the right login / password.</em></p>\n', '<p>\n\t<em><u>Navigation from the screen (1) :</u></em></p>\n<p>\n\tClick on the parrot icon.</p>\n', 'SUCCESS', 'nf', '2011-05-19 15:58:31.0', '<p>\n\tClicking on the parrot doesn send the user to the Authorisation screen. <span><strong>= OK</strong></span></p>\n', 94, 'nf', '2011-05-19 15:57:33.0', 'nf', '2011-05-19 15:58:31.0', 273, 72), 
 (73, '<p>\n\tThe Banker goes to the <span>Authorisation</span> screen.</p>\n<p>\n\t</p>\n<p>\n\t<u>Note :</u> <em>then go back to the <span>List of payment</span> screen by clicking on <span>VALIDATE</span> with the right login / password.</em></p>\n', '<p>\n\t<em><u>Navigation from the screen (2) :</u></em></p>\n<p>\n\tClick on the JPetStore upper banner.</p>\n', 'SUCCESS', 'nf', '2011-05-19 15:59:13.0', null, 95, 'nf', '2011-05-19 15:57:33.0', 'nf', '2011-05-19 15:59:13.0', 274, 73), 
 (79, '<p>\n\t-</p>\n', '<p>\n\t<em><u>Pr requisite :</u></em></p>\n<ul>\n\t<li>\n\t\tAccess to a different browser than the ones allowed : Safari.</li>\n\t<li>\n\t\tAccess to an older version of an allowed browser : FF 3 or IE 6.</li>\n\t<li>\n\t\tA <span>valid login and password</span> for a <strong>Banker</strong> profile.</li>\n</ul>\n', 'READY', null, null, null, 14, 'guest_tpl', '2011-05-20 18:25:03.0', null, null, 336, 97), 
 (80, '<p>\n\tThe user <span>CANT</span> connected to <span><strong><u>NX Bank</u></strong></span>.</p>\n', '<p>\n\t<em><u>Connection to a different browser :</u></em></p>\n<p>\n\tThe user try to connect to the web application on Safari at the following adress :</p>\n<p>\n\t<span><u>http://localhost:8080/nxbank</u></span></p>\n', 'READY', null, null, null, 15, 'guest_tpl', '2011-05-20 18:25:03.0', null, null, 337, 98);

Insert into EXECUTION_STEP(EXECUTION_STEP_ID, EXPECTED_RESULT, ACTION, EXECUTION_STATUS, LAST_EXECUTED_BY, LAST_EXECUTED_ON, COMMENT, TEST_STEP_ID, CREATED_BY, CREATED_ON, LAST_MODIFIED_BY, LAST_MODIFIED_ON, ATTACHMENT_LIST_ID, ISSUE_LIST_ID) values 
 (81, '<p>\n\tThe user <span>CANT</span> connected to <span><strong><u>NX Bank</u></strong></span>.</p>\n', '<p>\n\t<em><u>Connection to a an older FF :</u></em></p>\n<p>\n\tThe user try to connect to the web application on FireFox 3 at the following adress :</p>\n<p>\n\t<span><u>http://localhost:8080/nxbank</u></span></p>\n', 'READY', null, null, null, 16, 'guest_tpl', '2011-05-20 18:25:03.0', null, null, 338, 99), 
 (82, '<p>\n\tThe user <span>CANT</span> connected to <span><strong><u>NX Bank</u></strong></span>.</p>\n', '<p>\n\t<em><u>Connection to a an older FF :</u></em></p>\n<p>\n\tThe user try to connect to the web application on FireFox 3 at the following adress :</p>\n<p>\n\t<span><u>http://localhost:8080/nxbank</u></span></p>\n', 'READY', null, null, null, 17, 'guest_tpl', '2011-05-20 18:25:03.0', null, null, 339, 100), 
 (83, '<p>\n\t-</p>\n', '<p>\n\t<em><u>Pr requisite :</u></em></p>\n<ul>\n\t<li>\n\t\tAccess to a browser : FF 4 or IE 7.</li>\n\t<li>\n\t\tSeveral <span>valid login and password</span> for a <strong>Banker</strong> profile.</li>\n</ul>\n', 'READY', null, null, null, 20, 'guest_tpl', '2011-05-20 18:26:11.0', null, null, 341, 102), 
 (84, '<p>\n\tThe user is connected to <span><strong><u>NX Bank</u></strong></span>.</p>\n<p>\n\t</p>\n<p>\n\tThe screen Authorisation is displayed.</p>\n', '<p>\n\t<em><u>Connection :</u></em></p>\n<p>\n\tThe user can connect to the web application at the following adress :</p>\n<p>\n\t<span><u>http://localhost:8080/nxbank</u></span></p>\n', 'READY', null, null, null, 21, 'guest_tpl', '2011-05-20 18:26:11.0', null, null, 342, 103), 
 (85, '<p>\n\tBoth login and password are displayed.</p>\n', '<p>\n\t<u><em>Login :</em></u></p>\n<ol>\n\t<li>\n\t\tWrite into the Login text box : <span>Validbanker13</span></li>\n\t<li>\n\t\tWrite into the Password text box : <span>Password1</span></li>\n</ol>\n<p>\n\t<u>Note :</u><em> the login is <span>not valid</span>.</em></p>\n', 'READY', null, null, null, 22, 'guest_tpl', '2011-05-20 18:26:11.0', null, null, 343, 104), 
 (86, '<p>\n\tThe login <span>doesnt fit</span> the control (limit of <strong><span>12 </span></strong>characters)</p>\n<p>\n\t</p>\n<p>\n\tThe user stays on this screen.</p>\n<p>\n\t</p>\n<p>\n\tBoth login password are erased.</p>\n<p>\n\t</p>\n<p>\n\tAn <span>error message</span> is displayed :</p>\n<p>\n\tSorry, wrong login. Try again with the right one or contact your administrator.</p>\n', '<p>\n\t<em><u>Validate :</u></em></p>\n<p>\n\tClick on the button <span>VALIDATE</span>.</p>\n', 'READY', null, null, null, 23, 'guest_tpl', '2011-05-20 18:26:11.0', null, null, 344, 105), 
 (87, '<p>\n\tBoth login and password are displayed.</p>\n', '<p>\n\t<u><em>Login :</em></u></p>\n<ol>\n\t<li>\n\t\tWrite into the Login text box : <span>Validbanker</span></li>\n\t<li>\n\t\tWrite into the Password text box : <span>Password11113</span></li>\n</ol>\n<p>\n\t<u>Note :</u><em> the password is <span>not valid</span>.</em></p>\n', 'READY', null, null, null, 28, 'guest_tpl', '2011-05-20 18:26:11.0', null, null, 345, 106), 
 (88, '<p>\n\tThe password <span>doesnt fit</span> the control (limit of <strong><span>12 </span></strong>characters)</p>\n<p>\n\t</p>\n<p>\n\tThe user stays on this screen.</p>\n<p>\n\t</p>\n<p>\n\tBoth login password are erased.</p>\n<p>\n\t</p>\n<p>\n\tAn <span>error message</span> is displayed :</p>\n<p>\n\tSorry, wrong password. Try again with the right one or contact your administrator.</p>\n', '<p>\n\t<em><u>Validate :</u></em></p>\n<p>\n\tClick on the button <span>VALIDATE</span>.</p>\n', 'READY', null, null, null, 29, 'guest_tpl', '2011-05-20 18:26:11.0', null, null, 346, 107), 
 (101, '<p>\n\tLcran de recherche de modles dactes saffiche</p>\n', '<p>\n\tCliquer sur le lien Bibliothque de modles</p>\n', 'SUCCESS', 'guest_tpl', '2011-05-31 09:16:42.0', null, 136, 'guest_tpl', '2011-05-31 08:40:05.0', 'guest_tpl', '2011-05-31 09:16:42.0', 502, 128), 
 (102, '<p>\n\tLe rsultat de la recherche saffiche et liste les 3 actes correspondants aux critres saisis.</p>\n', '<p>\n\tSaisir les crittres suivants :</p>\n<p>\n\tChamp 1 : Valeur 1</p>\n<p>\n\tChamp 2 : Valeur 2</p>\n<p>\n\tCliquer sur le bouton valider</p>\n', 'SUCCESS', 'guest_tpl', '2011-05-31 09:16:51.0', null, 137, 'guest_tpl', '2011-05-31 08:40:05.0', 'guest_tpl', '2011-05-31 09:16:51.0', 503, 129), 
 (103, '<p>\n\tLe navigateur affiche la page daccueil de lapplication</p>\n', '<p>\n\tSe connecter  lurl suivante :</p>\n<p>\n\thttp://www.google.fr</p>\n', 'FAILURE', 'guest_tpl', '2011-05-31 09:17:23.0', null, 135, 'guest_tpl', '2011-05-31 08:40:05.0', 'guest_tpl', '2011-05-31 09:17:23.0', 504, 130), 
 (104, '<p>\n\tLcran de recherche de modles dactes saffiche</p>\n', '<p>\n\tCliquer sur le lien Bibliothque de modles</p>\n', 'SUCCESS', 'guest_tpl', '2011-05-31 09:35:01.0', null, 136, 'guest_tpl', '2011-05-31 09:34:43.0', 'guest_tpl', '2011-05-31 09:35:01.0', 507, 132), 
 (105, '<p>\n\tLe rsultat de la recherche saffiche et liste les 3 actes correspondants aux critres saisis.</p>\n', '<p>\n\tSaisir les crittres suivants :</p>\n<p>\n\tChamp 1 : Valeur 1</p>\n<p>\n\tChamp 2 : Valeur 2</p>\n<p>\n\tCliquer sur le bouton valider</p>\n', 'SUCCESS', 'guest_tpl', '2011-05-31 09:35:04.0', null, 137, 'guest_tpl', '2011-05-31 09:34:43.0', 'guest_tpl', '2011-05-31 09:35:04.0', 508, 133), 
 (106, '<p>\n\tLe navigateur affiche la page daccueil de lapplication</p>\n', '<p>\n\tSe connecter  lurl suivante :</p>\n<p>\n\thttp://www.google.fr</p>\n', 'SUCCESS', 'guest_tpl', '2011-05-31 09:35:11.0', null, 135, 'guest_tpl', '2011-05-31 09:34:43.0', 'guest_tpl', '2011-05-31 09:35:11.0', 509, 134), 
 (107, '<p>\n\tLcran de recherche de modles dactes saffiche</p>\n', '<p>\n\tCliquer sur le lien Bibliothque de modles</p>\n', 'FAILURE', 'guest_tpl', '2011-05-31 09:38:03.0', null, 136, 'guest_tpl', '2011-05-31 09:37:54.0', 'guest_tpl', '2011-05-31 09:38:03.0', 511, 136), 
 (108, '<p>\n\tLe rsultat de la recherche saffiche et liste les 3 actes correspondants aux critres saisis.</p>\n', '<p>\n\tSaisir les crittres suivants :</p>\n<p>\n\tChamp 1 : Valeur 1</p>\n<p>\n\tChamp 2 : Valeur 2</p>\n<p>\n\tCliquer sur le bouton valider</p>\n', 'READY', null, null, null, 137, 'guest_tpl', '2011-05-31 09:37:54.0', null, null, 512, 137), 
 (109, '<p>\n\tLe navigateur affiche la page daccueil de lapplication</p>\n', '<p>\n\tSe connecter  lurl suivante :</p>\n<p>\n\thttp://www.google.fr</p>\n', 'READY', null, null, null, 135, 'guest_tpl', '2011-05-31 09:37:54.0', null, null, 513, 138), 
 (110, '<p>\n\tLcran de recherche de modles dactes saffiche</p>\n', '<p>\n\tCliquer sur le lien Bibliothque de modles</p>\n', 'SUCCESS', 'guest_tpl', '2011-05-31 09:51:11.0', null, 136, 'guest_tpl', '2011-05-31 09:50:53.0', 'guest_tpl', '2011-05-31 09:51:11.0', 516, 140), 
 (111, '<p>\n\tLe rsultat de la recherche saffiche et liste les 3 actes correspondants aux critres saisis.</p>\n', '<p>\n\tSaisir les crittres suivants :</p>\n<p>\n\tChamp 1 : Valeur 1</p>\n<p>\n\tChamp 2 : Valeur 2</p>\n<p>\n\tCliquer sur le bouton valider</p>\n', 'SUCCESS', 'guest_tpl', '2011-05-31 09:51:14.0', null, 137, 'guest_tpl', '2011-05-31 09:50:53.0', 'guest_tpl', '2011-05-31 09:51:14.0', 517, 141), 
 (112, '<p>\n\tLe navigateur affiche la page daccueil de lapplication</p>\n', '<p>\n\tSe connecter  lurl suivante :</p>\n<p>\n\thttp://www.google.fr</p>\n', 'FAILURE', 'guest_tpl', '2011-05-31 09:51:18.0', null, 135, 'guest_tpl', '2011-05-31 09:50:53.0', 'guest_tpl', '2011-05-31 09:51:18.0', 518, 142), 
 (113, '<p>\n\tLcran de recherche de modles dactes saffiche</p>\n', '<p>\n\tCliquer sur le lien Bibliothque de modles</p>\n', 'SUCCESS', 'guest_tpl', '2011-05-31 12:06:39.0', null, 136, 'guest_tpl', '2011-05-31 12:06:26.0', 'guest_tpl', '2011-05-31 12:06:39.0', 521, 144), 
 (114, '<p>\n\tLe rsultat de la recherche saffiche et liste les 3 actes correspondants aux critres saisis.</p>\n', '<p>\n\tSaisir les crittres suivants :</p>\n<p>\n\tChamp 1 : Valeur 1</p>\n<p>\n\tChamp 2 : Valeur 2</p>\n<p>\n\tCliquer sur le bouton valider</p>\n', 'SUCCESS', 'guest_tpl', '2011-05-31 12:06:42.0', null, 137, 'guest_tpl', '2011-05-31 12:06:26.0', 'guest_tpl', '2011-05-31 12:06:42.0', 522, 145), 
 (115, '<p>\n\tLe navigateur affiche la page daccueil de lapplication</p>\n', '<p>\n\tSe connecter  lurl suivante :</p>\n<p>\n\thttp://www.google.fr</p>\n', 'SUCCESS', 'guest_tpl', '2011-05-31 12:06:44.0', null, 135, 'guest_tpl', '2011-05-31 12:06:26.0', 'guest_tpl', '2011-05-31 12:06:44.0', 523, 146), 
 (116, '<p>\n\tLa page daccueil de lapplication saffiche</p>\n', '<p>\n\tSe connecter  lurl </p>\n', 'SUCCESS', 'guest_tpl', '2011-05-31 12:07:30.0', null, 138, 'guest_tpl', '2011-05-31 12:07:21.0', 'guest_tpl', '2011-05-31 12:07:30.0', 525, 148), 
 (117, '<p>\n\tLa page de recherche de modle dacte dans la bibliothque saffiche</p>\n', '<p>\n\tClic sur le lien bibliothque</p>\n', 'FAILURE', 'guest_tpl', '2011-05-31 12:07:33.0', null, 139, 'guest_tpl', '2011-05-31 12:07:21.0', 'guest_tpl', '2011-05-31 12:07:33.0', 526, 149), 
 (118, '<p>\n\tLe navigateur affiche la page daccueil de lapplication</p>\n', '<p>\n\tSe connecter  lurl suivante :</p>\n<p>\n\thttp://www.google.fr</p>\n', 'READY', null, null, null, 135, 'guest_tpl', '2011-05-31 12:07:56.0', null, null, 528, 151), 
 (119, '<p>\n\tLcran de recherche de modles dactes saffiche</p>\n', '<p>\n\tCliquer sur le lien Bibliothque de modles</p>\n', 'READY', null, null, null, 136, 'guest_tpl', '2011-05-31 12:07:56.0', null, null, 529, 152), 
 (120, '<p>\n\tLe rsultat de la recherche saffiche et liste les 3 actes correspondants aux critres saisis.</p>\n', '<p>\n\tSaisir les crittres suivants :</p>\n<p>\n\tChamp 1 : Valeur 1</p>\n<p>\n\tChamp 2 : Valeur 2</p>\n<p>\n\tCliquer sur le bouton valider</p>\n', 'READY', null, null, null, 137, 'guest_tpl', '2011-05-31 12:07:56.0', null, null, 530, 153), 
 (121, '<p>\n\tLcran de recherche de modles dactes saffiche</p>\n', '<p>\n\tCliquer sur le lien Bibliothque de modles</p>\n', 'SUCCESS', 'guest_tpl', '2011-06-01 12:34:31.0', null, 136, 'guest_tpl', '2011-06-01 12:34:20.0', 'guest_tpl', '2011-06-01 12:34:31.0', 535, 157), 
 (122, '<p>\n\tLe rsultat de la recherche saffiche et liste les 3 actes correspondants aux critres saisis.</p>\n', '<p>\n\tSaisir les crittres suivants :</p>\n<p>\n\tChamp 1 : Valeur 1</p>\n<p>\n\tChamp 2 : Valeur 2</p>\n<p>\n\tCliquer sur le bouton valider</p>\n', 'SUCCESS', 'guest_tpl', '2011-06-01 12:34:43.0', null, 137, 'guest_tpl', '2011-06-01 12:34:20.0', 'guest_tpl', '2011-06-01 12:34:43.0', 536, 158), 
 (123, '<p>\n\tLe navigateur affiche la page daccueil de lapplication</p>\n', '<p>\n\tSe connecter  lurl suivante :</p>\n<p>\n\thttp://www.google.fr</p>\n', 'SUCCESS', 'guest_tpl', '2011-06-01 12:36:26.0', null, 135, 'guest_tpl', '2011-06-01 12:34:20.0', 'guest_tpl', '2011-06-01 12:36:26.0', 537, 159), 
 (124, '<p>\n\tLcran de recherche de modles dactes saffiche</p>\n', '<p>\n\tCliquer sur le lien Bibliothque de modles</p>\n', 'READY', null, null, null, 136, 'guest_tpl', '2011-06-14 11:20:09.0', null, null, 542, 161), 
 (125, '<p>\n\tLe rsultat de la recherche saffiche et liste les 3 actes correspondants aux critres saisis.</p>\n', '<p>\n\tSaisir les crittres suivants :</p>\n<p>\n\tChamp 1 : Valeur 1</p>\n<p>\n\tChamp 2 : Valeur 2</p>\n<p>\n\tCliquer sur le bouton valider</p>\n', 'READY', null, null, null, 137, 'guest_tpl', '2011-06-14 11:20:09.0', null, null, 543, 162), 
 (126, '<p>\n\tLe navigateur affiche la page daccueil de lapplication</p>\n', '<p>\n\tSe connecter  lurl suivante :</p>\n<p>\n\thttp://www.google.fr</p>\n', 'READY', null, null, null, 135, 'guest_tpl', '2011-06-14 11:20:09.0', null, null, 544, 163), 
 (127, '<p>\n\tLcran de recherche de modles dactes saffiche</p>\n', '<p>\n\tCliquer sur le lien Bibliothque de modles</p>\n', 'READY', null, null, null, 136, 'guest_tpl', '2011-06-15 05:52:14.0', null, null, 546, 165), 
 (128, '<p>\n\tLe rsultat de la recherche saffiche et liste les 3 actes correspondants aux critres saisis.</p>\n', '<p>\n\tSaisir les crittres suivants :</p>\n<p>\n\tChamp 1 : Valeur 1</p>\n<p>\n\tChamp 2 : Valeur 2</p>\n<p>\n\tCliquer sur le bouton valider</p>\n', 'READY', null, null, null, 137, 'guest_tpl', '2011-06-15 05:52:14.0', null, null, 547, 166), 
 (129, '<p>\n\tLe navigateur affiche la page daccueil de lapplication</p>\n', '<p>\n\tSe connecter  lurl suivante :</p>\n<p>\n\thttp://www.google.fr</p>\n', 'READY', null, null, null, 135, 'guest_tpl', '2011-06-15 05:52:14.0', null, null, 548, 167), 
 (130, '<p>\n\tLcran de recherche de modles dactes saffiche</p>\n', '<p>\n\tCliquer sur le lien Bibliothque de modles</p>\n', 'READY', null, null, null, 136, 'guest_tpl', '2011-06-15 11:14:15.0', null, null, 550, 169), 
 (131, '<p>\n\tLe rsultat de la recherche saffiche et liste les 3 actes correspondants aux critres saisis.</p>\n', '<p>\n\tSaisir les crittres suivants :</p>\n<p>\n\tChamp 1 : Valeur 1</p>\n<p>\n\tChamp 2 : Valeur 2</p>\n<p>\n\tCliquer sur le bouton valider</p>\n', 'SUCCESS', 'guest_tpl', '2011-06-15 11:14:46.0', null, 137, 'guest_tpl', '2011-06-15 11:14:15.0', 'guest_tpl', '2011-06-15 11:14:46.0', 551, 170), 
 (132, '<p>\n\tLe navigateur affiche la page daccueil de lapplication</p>\n', '<p>\n\tSe connecter  lurl suivante :</p>\n<p>\n\thttp://www.google.fr</p>\n', 'READY', null, null, null, 135, 'guest_tpl', '2011-06-15 11:14:15.0', null, null, 552, 171), 
 (133, '<p>\n\tAccs  ladresse OK</p>\n', '<p>\n\tSe connecter  lappli (url) xxx</p>\n', 'SUCCESS', 'guest_tpl', '2011-06-17 15:56:46.0', null, 129, 'guest_tpl', '2011-06-17 15:56:12.0', 'guest_tpl', '2011-06-17 15:56:46.0', 556, 175), 
 (134, '<p>\n\tOK</p>\n', '<p>\n\tLogin</p>\n', 'SUCCESS', 'guest_tpl', '2011-06-17 15:57:11.0', null, 130, 'guest_tpl', '2011-06-17 15:56:12.0', 'guest_tpl', '2011-06-17 15:57:11.0', 557, 176);

Insert into CAMPAIGN_LIBRARY(CL_ID, PROJECT_ID) values 
 (1, null), 
 (2, null), 
 (3, null), 
 (4, null), 
 (5, null);

Insert into REQUIREMENT_LIBRARY(RL_ID, PROJECT_ID) values 
 (1, null), 
 (2, null), 
 (3, null), 
 (4, null), 
 (5, null);

Insert into TEST_CASE_LIBRARY(TCL_ID, PROJECT_ID) values 
 (1, null), 
 (2, null), 
 (3, null), 
 (4, null), 
 (5, null);

Insert into PROJECT(PROJECT_ID, NAME, DESCRIPTION, LABEL, ACTIVE, CREATED_BY, CREATED_ON, LAST_MODIFIED_BY, LAST_MODIFIED_ON, CL_ID, TCL_ID, RL_ID) values 
 (1, 'Online Pet Store', '<p>\n\tApplication de gestion dun Pet Shop.</p>\n', null, true, 'admin', '2011-05-13 10:19:31.0', null, null, 1, 1, 1), 
 (2, 'Online Pet Store Bank', '<p>\n\tApplication de gestion des paiements pour NX Pet Shop.</p>\n', null, true, 'admin', '2011-05-17 09:45:47.0', null, null, 2, 2, 2), 
 (3, 'Online Pet Store Back Office', '<p>\n\tApplication dadministration pour NX Pet Shop.</p>\n', null, true, 'admin', '2011-05-17 09:46:34.0', null, null, 3, 3, 3), 
 (4, 'Sandbox #1', '', null, true, 'henix_admin', '2011-05-20 18:12:00.0', null, null, 4, 4, 4), 
 (5, 'Sandbox #2', '', null, true, 'henix_admin', '2011-05-20 18:12:10.0', null, null, 5, 5, 5);

Insert into PROJECT_FILTER_ENTRY(PROJECT_ID, FILTER_ID) values 
 (1, 4), 
 (1, 5), 
 (1, 6), 
 (1, 7), 
 (1, 8), 
 (1, 9), 
 (1, 10), 
 (2, 4), 
 (2, 5), 
 (2, 7), 
 (2, 8), 
 (2, 10), 
 (3, 4), 
 (3, 5), 
 (3, 7), 
 (3, 8), 
 (3, 9), 
 (3, 10), 
 (4, 4), 
 (4, 8), 
 (4, 9), 
 (4, 10), 
 (5, 4), 
 (5, 6), 
 (5, 8), 
 (5, 9), 
 (5, 10);

Insert into REQUIREMENT_LIBRARY_NODE(RLN_ID, DELETED_ON, DESCRIPTION, NAME, CREATED_BY, CREATED_ON, LAST_MODIFIED_BY, LAST_MODIFIED_ON, PROJECT_ID) values 
 (1, '2011-05-13 15:14:55.0', '<p>\n\tbiaia</p>\n', 'bubu', 'nf', '2011-05-13 10:26:38.0', null, null, 1), 
 (2, '2011-05-13 15:14:55.0', '', 'baba', 'admin', '2011-05-13 13:53:30.0', null, null, 1), 
 (3, '2011-05-13 15:14:55.0', '<p>\n\tdbdqbf</p>\n', 'bqqb', 'admin', '2011-05-13 14:04:58.0', null, null, 1), 
 (4, '2011-05-24 14:49:13.0', '', 'NXB 1.0', 'nf', '2011-05-17 11:42:21.0', null, null, 2), 
 (5, '2011-05-17 11:44:28.0', '', '01_Req_Access', 'nf', '2011-05-17 11:42:56.0', null, null, 2), 
 (6, '2011-05-17 11:44:39.0', '', '02_Req_Verify a payement', 'nf', '2011-05-17 11:43:12.0', null, null, 2), 
 (7, '2011-05-24 14:49:37.0', '', 'NXPS 1.0', 'nf', '2011-05-17 11:43:25.0', null, null, 1), 
 (8, '2011-05-24 14:49:13.0', '', 'Major feature', 'nf', '2011-05-17 11:43:50.0', null, null, 2), 
 (9, '2011-05-17 13:52:09.0', '', '01_Req_Access', 'nf', '2011-05-17 11:44:25.0', null, null, 2), 
 (10, '2011-05-17 13:52:09.0', '', '02_Req_Verify a payement', 'nf', '2011-05-17 11:44:37.0', null, null, 2), 
 (11, '2011-05-24 14:49:37.0', '', 'Major feature', 'nf', '2011-05-17 11:45:00.0', null, null, 1), 
 (12, '2011-05-24 14:49:37.0', '', 'Minor feature', 'nf', '2011-05-17 11:45:07.0', null, null, 1), 
 (13, '2011-05-24 14:49:52.0', '', 'NXPSB', 'nf', '2011-05-17 12:43:16.0', null, null, 3), 
 (14, '2011-05-24 14:49:52.0', '', 'Major feature', 'nf', '2011-05-17 12:43:26.0', null, null, 3), 
 (15, '2011-05-19 16:10:01.0', '', 'Minor feature', 'nf', '2011-05-17 12:43:34.0', null, null, 3), 
 (16, '2011-05-17 13:53:06.0', '', '01_Access', 'nf', '2011-05-17 12:45:18.0', null, null, 1), 
 (17, '2011-05-17 13:53:06.0', '', '02_Create an account', 'nf', '2011-05-17 12:45:32.0', null, null, 1), 
 (18, '2011-05-17 13:53:06.0', '', '03_Modifiy an account', 'nf', '2011-05-17 12:45:53.0', null, null, 1), 
 (19, '2011-05-17 13:53:06.0', '', '04_Search into the catalog', 'nf', '2011-05-17 12:46:05.0', null, null, 1), 
 (20, '2011-05-17 13:53:06.0', '', '05_Manage the basket', 'nf', '2011-05-17 12:46:15.0', null, null, 1), 
 (21, '2011-05-17 13:53:09.0', '', '01_Free search', 'nf', '2011-05-17 12:46:23.0', null, null, 1), 
 (22, '2011-05-17 13:53:20.0', '', '01_Access', 'nf', '2011-05-17 12:47:00.0', null, null, 3), 
 (23, '2011-05-17 13:53:20.0', '', '02_Create an account', 'nf', '2011-05-17 12:48:00.0', null, null, 3), 
 (24, '2011-05-17 13:53:20.0', '', '03_Create a catalogue', 'nf', '2011-05-17 12:48:17.0', null, null, 3), 
 (25, '2011-05-17 13:53:24.0', '', '01_Manage and ccount', 'nf', '2011-05-17 12:49:17.0', null, null, 3), 
 (26, '2011-05-17 13:53:24.0', '', '02_Manage a catalogue', 'nf', '2011-05-17 12:49:32.0', null, null, 3), 
 (27, '2011-05-17 13:53:24.0', '', '03_Import into a catalogue', 'anonymousUser', '2011-05-17 13:20:00.0', null, null, 3), 
 (28, '2011-05-17 13:52:09.0', '', '01_Nominal case', 'anonymousUser', '2011-05-17 13:28:52.0', null, null, 2), 
 (29, '2011-05-17 13:52:09.0', '', '01_Nominal case', 'anonymousUser', '2011-05-17 13:28:55.0', null, null, 2), 
 (30, '2011-05-17 13:48:50.0', '', '01_Nominal case', 'anonymousUser', '2011-05-17 13:28:58.0', null, null, 1), 
 (31, '2011-05-17 13:53:06.0', '', '01_Nominal case', 'anonymousUser', '2011-05-17 13:29:01.0', null, null, 1), 
 (32, '2011-05-17 13:53:06.0', '', '01_Nominal case', 'anonymousUser', '2011-05-17 13:29:04.0', null, null, 1), 
 (33, '2011-05-17 13:53:06.0', '', '01_Nominal case', 'anonymousUser', '2011-05-17 13:29:07.0', null, null, 1), 
 (34, '2011-05-17 13:53:06.0', '', '01_Nominal case', 'anonymousUser', '2011-05-17 13:29:10.0', null, null, 1), 
 (35, '2011-05-17 13:53:09.0', '', '01_Nominal case', 'anonymousUser', '2011-05-17 13:29:15.0', null, null, 1), 
 (36, '2011-05-17 13:53:20.0', '', '01_Nominal case', 'anonymousUser', '2011-05-17 13:29:20.0', null, null, 3), 
 (37, '2011-05-17 13:53:20.0', '', '01_Nominal case', 'anonymousUser', '2011-05-17 13:29:23.0', null, null, 3), 
 (38, '2011-05-17 13:53:20.0', '', '01_Nominal case', 'anonymousUser', '2011-05-17 13:29:26.0', null, null, 3), 
 (39, '2011-05-17 13:53:24.0', '', '01_Nominal case', 'anonymousUser', '2011-05-17 13:29:31.0', null, null, 3), 
 (40, '2011-05-17 13:53:24.0', '', '01_Nominal case', 'anonymousUser', '2011-05-17 13:29:34.0', null, null, 3), 
 (41, '2011-05-17 13:53:24.0', '', '01_Nominal case', 'anonymousUser', '2011-05-17 13:29:38.0', null, null, 3), 
 (42, '2011-05-17 13:52:09.0', '', '02_Other case', 'anonymousUser', '2011-05-17 13:29:55.0', null, null, 2), 
 (43, '2011-05-17 13:52:09.0', '', '02_Other case', 'anonymousUser', '2011-05-17 13:29:58.0', null, null, 2), 
 (44, '2011-05-17 13:48:50.0', '', '02_Other case', 'anonymousUser', '2011-05-17 13:30:02.0', null, null, 1), 
 (45, '2011-05-17 13:53:06.0', '', '02_Other case', 'anonymousUser', '2011-05-17 13:30:05.0', null, null, 1), 
 (46, '2011-05-17 13:53:06.0', '', '02_Other case', 'anonymousUser', '2011-05-17 13:30:08.0', null, null, 1), 
 (47, '2011-05-17 13:53:06.0', '', '02_Other case', 'anonymousUser', '2011-05-17 13:30:12.0', null, null, 1), 
 (48, '2011-05-17 13:53:06.0', '', '02_Other case', 'anonymousUser', '2011-05-17 13:30:16.0', null, null, 1), 
 (49, '2011-05-17 13:53:09.0', '', '02_Other case', 'anonymousUser', '2011-05-17 13:30:20.0', null, null, 1), 
 (50, '2011-05-17 13:53:20.0', '', '02_Other case', 'anonymousUser', '2011-05-17 13:30:25.0', null, null, 3);

Insert into REQUIREMENT_LIBRARY_NODE(RLN_ID, DELETED_ON, DESCRIPTION, NAME, CREATED_BY, CREATED_ON, LAST_MODIFIED_BY, LAST_MODIFIED_ON, PROJECT_ID) values 
 (51, '2011-05-17 13:53:20.0', '', '02_Other case', 'anonymousUser', '2011-05-17 13:30:28.0', null, null, 3), 
 (52, '2011-05-17 13:53:20.0', '', '02_Other case', 'anonymousUser', '2011-05-17 13:30:32.0', null, null, 3), 
 (53, '2011-05-17 13:53:24.0', '', '02_Other case', 'anonymousUser', '2011-05-17 13:30:37.0', null, null, 3), 
 (54, '2011-05-17 13:53:24.0', '', '02_Other case', 'anonymousUser', '2011-05-17 13:30:41.0', null, null, 3), 
 (55, '2011-05-17 13:53:24.0', '', '02_Other case', 'anonymousUser', '2011-05-17 13:30:44.0', null, null, 3), 
 (56, '2011-05-24 14:49:37.0', '', '1_Access', 'anonymousUser', '2011-05-17 13:54:13.0', 'nf', '2011-05-23 15:24:09.0', 1), 
 (57, '2011-05-17 13:55:13.0', '', 'Access', 'anonymousUser', '2011-05-17 13:54:32.0', null, null, 1), 
 (58, '2011-05-17 14:18:47.0', '', 'Access', 'nf', '2011-05-17 13:55:26.0', null, null, 1), 
 (59, '2011-05-17 15:07:22.0', '', 'Browsers', 'nf', '2011-05-17 14:18:33.0', 'nf', '2011-05-17 14:19:27.0', 1), 
 (60, '2011-05-24 14:49:13.0', '', '01_Access', 'nf', '2011-05-17 15:08:22.0', 'nf', '2011-05-23 15:24:04.0', 2), 
 (61, '2011-05-24 14:49:13.0', '', '02_Verify a payment', 'nf', '2011-05-17 15:08:31.0', null, null, 2), 
 (62, '2011-05-24 14:49:13.0', '<p>\n\t<span><strong><u>NX Bank</u></strong></span> should be accessible through :</p>\n<ul>\n\t<li>\n\t\tFirefox 4.0.x</li>\n\t<li>\n\t\tInternet Explorer 7.0.x</li>\n</ul>\n<p>\n\tOther browser or older versions are <span>NOT</span> allowed.</p>\n', 'Browser', 'nf', '2011-05-17 15:12:44.0', 'nf', '2011-05-24 12:32:25.0', 2), 
 (63, '2011-05-24 14:49:13.0', '<p>\n\tOnly a user with a <strong>banker</strong> profile can access to <span><strong><u>NX Bank</u></strong></span>.</p>\n<p>\n\t</p>\n<p>\n\t<u>Note :</u> <em>Check the admin to figure how to declare a profile.</em></p>\n', 'Authorisation', 'nf', '2011-05-17 15:28:16.0', 'nf', '2011-05-24 12:32:21.0', 2), 
 (64, '2011-05-24 14:49:13.0', '<p>\n\tA <strong>banker</strong> must enter his login and password then click on <span>VALIDATE</span> to enter <span _fck_bookmark=\"1\"></span><u><strong><span><span><span _fck_bookmark=\"1\"></span></span></span></strong></u><span><span _fck_bookmark=\"1\"></span><span _fck_bookmark=\"1\"> </span><strong><u>NX Bank</u></strong></span>.</p>\n', 'Navigation', 'nf', '2011-05-17 15:30:28.0', 'nf', '2011-05-24 12:32:45.0', 2), 
 (65, '2011-05-24 14:49:13.0', '<p>\n\tThe graphic interface of this screen is composed by <em><span>five</span></em><strong> (5) </strong>elements :</p>\n<ol>\n\t<li>\n\t\tA banner with label <span>JPetStore Bank</span></li>\n\t<li>\n\t\tA label <span>Please enter your login and password.</span></li>\n\t<li>\n\t\tA text box with label <span>Login :</span></li>\n\t<li>\n\t\tA text box with label <span>Password :</span></li>\n\t<li>\n\t\tA button <span>VALIDATE</span></li>\n</ol>\n', 'Interface', 'nf', '2011-05-17 15:47:27.0', 'nf', '2011-05-24 12:32:41.0', 2), 
 (66, '2011-05-17 16:52:33.0', '', 'Navigation', 'nf', '2011-05-17 15:54:54.0', null, null, 2), 
 (67, '2011-05-24 14:49:37.0', '<p>\n\t<span class=\"short_text\" id=\"result_box\" lang=\"en\"><span class=\"hps\" title=\"Cliquer ici pour voir d''autres traductions\">A</span> <span class=\"hps\" title=\"Cliquer ici pour voir d''autres traductions\">click</span> <span class=\"hps\" title=\"Cliquer ici pour voir d''autres traductions\">on</span> <span class=\"hps\" title=\"Cliquer ici pour voir d''autres traductions\">the</span> <span>REGISTER</span> <span class=\"hps\" title=\"Cliquer ici pour voir d''autres traductions\">button</span> <span class=\"hps\" title=\"Cliquer ici pour voir d''autres traductions\">will open</span> <span class=\"hps\" title=\"Cliquer ici pour voir d''autres traductions\">a</span> <span class=\"hps\" title=\"Cliquer ici pour voir d''autres traductions\">form page.</span></span></p>\n', 'Opening a page form', 'anonymousUser', '2011-05-17 16:05:05.0', 'nf', '2011-05-24 12:35:22.0', 1), 
 (68, '2011-05-24 14:49:13.0', '<p>\n\tWhen click on <span>VALIDATE</span> :</p>\n<p>\n\t</p>\n<p>\n\tA wrong / incomplete / too long login or password should display the following <span>error messages</span> :</p>\n<ul>\n\t<li>\n\t\t<u>Wrong - login :</u> Sorry, wrong login. Try again with the right one or contact your administrator.</li>\n\t<li>\n\t\t<u>Wrong password :</u> Sorry, wrong password. Try again with the right one or contact your administrator.</li>\n</ul>\n', 'Wrong Login Password', 'nf', '2011-05-17 16:53:06.0', 'nf', '2011-05-24 12:32:50.0', 2), 
 (69, '2011-05-24 14:49:13.0', '<p>\n\tWhen click on <span>VALIDATE</span> :</p>\n<p>\n\t</p>\n<p>\n\tA missing login or password should display the following <span>error messages</span> :</p>\n<ul>\n\t<li>\n\t\t<u>Missing login :</u> Sorry, wrong login. Try again with the right one or contact your administrator.</li>\n\t<li>\n\t\t<u>Missing password :</u> Sorry, wrong password. Try again with the right one or contact your administrator.</li>\n</ul>\n', 'Incomplete Login Password', 'nf', '2011-05-17 16:56:44.0', 'nf', '2011-05-24 12:32:37.0', 2), 
 (70, '2011-05-24 14:49:13.0', '<p>\n\tBoth text boxes are limited to <strong><em>twelve </em>(12)</strong> characters.</p>\n', 'Controls', 'nf', '2011-05-17 17:01:00.0', 'nf', '2011-05-24 12:32:32.0', 2), 
 (71, '2011-05-24 14:49:13.0', '<p>\n\tWhen click on <span>VALIDATE</span> :</p>\n<p>\n\t</p>\n<p>\n\tA <strong>Non Banker</strong> profile (all other than <strong>Banker</strong>) should display the following <span>error message</span> :</p>\n<ul>\n\t<li>\n\t\t<u>Non banker :</u> Sorry, wrong profile. Youre not allowed to enter. Please contact your administrator for further informations.</li>\n</ul>\n', 'Wrong profile', 'nf', '2011-05-17 17:14:37.0', 'nf', '2011-05-24 12:32:54.0', 2), 
 (72, '2011-05-24 14:49:37.0', '<p>\n\t<span id=\"result_box\" lang=\"en\"><span class=\"hps\" title=\"Cliquer ici pour voir d''autres traductions\"><span>MyAccount</span></span> link <span class=\"hps\" title=\"Cliquer ici pour voir d''autres traductions\">is not</span> <span class=\"hps\" title=\"Cliquer ici pour voir d''autres traductions\">accessible</span> <span class=\"hps\" title=\"Cliquer ici pour voir d''autres traductions\">directly</span> <span class=\"hps\" title=\"Cliquer ici pour voir d''autres traductions\">from</span> <span class=\"hps\" title=\"Cliquer ici pour voir d''autres traductions\">the homepage</span></span></p>\n', 'MyAccount Link', 'id', '2011-05-18 09:12:27.0', 'nf', '2011-05-24 12:35:06.0', 1), 
 (73, '2011-05-18 15:30:17.0', '<div class=\"ui-accordion-content ui-helper-reset ui-widget-content ui-corner-bottom ui-accordion-content-active\">\n\t<div id=\"requirement-description\">\n\t\t<p>\n\t\t\tThe graphic interface of this screen is composed by <em><span>five</span></em><strong> (5) </strong>elements :</p>\n\t\t<ol>\n\t\t\t<li>\n\t\t\t\tA banner with label <span>JPetStore Bank</span></li>\n\t\t\t<li>\n\t\t\t\tA sub banner with label <span>All payments</span></li>\n\t\t\t<li>\n\t\t\t\tA text <span>Card data checked</span> may appears during the time needed for a payment check.</li>\n\t\t\t<li>\n\t\t\t\tA table where all payments appears</li>\n\t\t\t<li>\n\t\t\t\tThe titles for the columns are :</li>\n\t\t</ol>\n\t\t<ul>\n\t\t\t<li>\n\t\t\t\tOrder ID</li>\n\t\t\t<li>\n\t\t\t\tDate</li>\n\t\t\t<li>\n\t\t\t\tItem ID</li>\n\t\t\t<li>\n\t\t\t\tTotal Cost</li>\n\t\t\t<li>\n\t\t\t\tCard number</li>\n\t\t\t<li>\n\t\t\t\tExpiry date</li>\n\t\t\t<li>\n\t\t\t\tCheck =<span> by default, at the first connection the button <strong>+</strong> appears in all payments.</span></li>\n\t\t\t<li>\n\t\t\t\tReason</li>\n\t\t</ul>\n\t</div>\n</div>\n', 'Interface', 'nf', '2011-05-18 14:11:55.0', 'anonymousUser', '2011-05-18 15:30:05.0', 2), 
 (74, '2011-05-18 15:33:09.0', '<p>\n\tTo get back to the Authorisation screen, click on :</p>\n<ul>\n\t<li>\n\t\tthe parrot icon.</li>\n\t<li>\n\t\tthe JPetStore in the upper banner.</li>\n</ul>\n', 'Navigation', 'nf', '2011-05-18 14:12:11.0', 'anonymousUser', '2011-05-18 15:08:49.0', 2), 
 (75, '2011-05-18 15:27:10.0', '<p>\n\tThis module is designed to :</p>\n<ol>\n\t<li>\n\t\t<span><strong>list all the payments</strong></span> made for the NX Pet Shop.</li>\n\t<li>\n\t\tcheck if a <span _fck_bookmark=\"1\"></span><span><strong>card number</strong></span><span _fck_bookmark=\"1\"></span> is <span><strong>valid</strong></span>.<span _fck_bookmark=\"1\"></span></li>\n\t<li>\n\t\tcheck if the <span><strong>expire date</strong></span> of a card has been <span><strong>reached</strong></span>.</li>\n</ol>\n', 'Goal', 'anonymousUser', '2011-05-18 15:01:59.0', 'anonymousUser', '2011-05-18 15:05:40.0', 2), 
 (76, '2011-05-18 15:34:15.0', '<p>\n\tEach payment made and confirmed feeds the database.</p>\n<p>\n\t</p>\n<p>\n\tThis feature reads these datas.</p>\n', 'Flow', 'anonymousUser', '2011-05-18 15:23:12.0', 'anonymousUser', '2011-05-18 15:23:23.0', 2), 
 (77, '2011-05-18 15:34:31.0', '<p>\n\tThis module is designed to :</p>\n<ul>\n\t<li>\n\t\tCheck if the <span><strong>expire date</strong></span> of a card has been <span><strong>reached</strong></span>.</li>\n</ul>\n', 'Check date', 'anonymousUser', '2011-05-18 15:24:02.0', 'anonymousUser', '2011-05-18 15:27:04.0', 2), 
 (78, '2011-05-18 15:34:51.0', '<p>\n\tThis module is designed to :</p>\n<ul>\n\t<li>\n\t\tCheck if a <span><strong>card number</strong></span> is <span><strong>valid</strong></span>.</li>\n</ul>\n', 'Check number', 'anonymousUser', '2011-05-18 15:24:12.0', 'anonymousUser', '2011-05-18 15:26:59.0', 2), 
 (79, '2011-05-18 15:33:30.0', '<p>\n\tThis module is designed to :</p>\n<ul>\n\t<li>\n\t\t<span><strong>List all the payments</strong></span> made for the NX Pet Shop.</li>\n</ul>\n', 'List all payments', 'anonymousUser', '2011-05-18 15:24:20.0', 'anonymousUser', '2011-05-18 15:25:32.0', 2), 
 (80, '2011-05-18 15:33:53.0', '<p>\n\tThe <strong>Banker</strong> initiates a check by clicking on the <span><span><strong>+</strong></span></span> button.</p>\n', 'Initiate a check', 'anonymousUser', '2011-05-18 15:29:22.0', 'anonymousUser', '2011-05-18 15:29:31.0', 2), 
 (81, '2011-05-18 15:31:01.0', '<div class=\"ui-accordion-content ui-helper-reset ui-widget-content ui-corner-bottom ui-accordion-content-active\">\n\t<div id=\"requirement-description\">\n\t\t<p>\n\t\t\tThe graphic interface of this screen is composed by <em><span>five</span></em><strong> (5) </strong>elements :</p>\n\t\t<ol>\n\t\t\t<li>\n\t\t\t\tA banner with label <span>JPetStore Bank</span></li>\n\t\t\t<li>\n\t\t\t\tA sub banner with label <span>All payments</span></li>\n\t\t\t<li>\n\t\t\t\tA text <span>Card data checked</span> may appears during the time needed for a payment check.</li>\n\t\t\t<li>\n\t\t\t\tA table where all payments appears</li>\n\t\t\t<li>\n\t\t\t\tThe titles for the columns are :</li>\n\t\t</ol>\n\t\t<ul>\n\t\t\t<li>\n\t\t\t\tOrder ID</li>\n\t\t\t<li>\n\t\t\t\tDate</li>\n\t\t\t<li>\n\t\t\t\tItem ID</li>\n\t\t\t<li>\n\t\t\t\tTotal Cost</li>\n\t\t\t<li>\n\t\t\t\tCard number</li>\n\t\t\t<li>\n\t\t\t\tExpiry date</li>\n\t\t\t<li>\n\t\t\t\tCheck =<span> by default, at the first connection the button <strong>+</strong> appears in all payments.</span></li>\n\t\t\t<li>\n\t\t\t\tReason</li>\n\t\t</ul>\n\t</div>\n</div>\n', 'Interface', 'anonymousUser', '2011-05-18 15:30:29.0', null, null, 2), 
 (82, '2011-05-24 14:49:13.0', '<p>\n\tThe graphic interface of this screen is composed by <strong><em>five </em>(5)</strong> elements :</p>\n<ol>\n\t<li>\n\t\t A banner with label J<span>PetStore Bank</span></li>\n\t<li>\n\t\t A sub banner with label <span>All payments</span></li>\n\t<li>\n\t\t A text <span>Card data checked</span> may appears during the time needed for a payment check.</li>\n\t<li>\n\t\t A table where all payments appears</li>\n\t<li>\n\t\t The titles for the columns are :</li>\n</ol>\n<ul>\n\t<li>\n\t\tOrder ID</li>\n\t<li>\n\t\tDate</li>\n\t<li>\n\t\tItem ID</li>\n\t<li>\n\t\tTotal Cost</li>\n\t<li>\n\t\tCard number</li>\n\t<li>\n\t\tExpiry date</li>\n\t<li>\n\t\tCheck <span><span>= by default, at the first connection the button + appears in all payments.</span></span></li>\n\t<li>\n\t\tReason <span><span>= by default, at the first connection the reason is empty.</span></span></li>\n</ul>\n', 'Interface', 'nf', '2011-05-18 15:31:43.0', 'nf', '2011-05-24 12:33:59.0', 2), 
 (83, '2011-05-24 14:49:13.0', '<p>\n\tTo get back to the Authorisation screen, click on :</p>\n<ul>\n\t<li>\n\t\tthe parrot icon.</li>\n\t<li>\n\t\tthe JPetStore in the upper banner.</li>\n</ul>\n', 'Navigation', 'nf', '2011-05-18 15:33:17.0', 'nf', '2011-05-24 12:34:09.0', 2), 
 (84, '2011-05-24 14:49:13.0', '<p>\n\tThis module is designed to :</p>\n<ul>\n\t<li>\n\t\t<span><strong>List all the payments</strong></span> made for the NX Pet Shop.</li>\n</ul>\n', 'List all payments', 'nf', '2011-05-18 15:33:38.0', 'nf', '2011-05-24 12:34:04.0', 2), 
 (85, '2011-05-24 14:49:13.0', '<p>\n\tThe <strong>Banker</strong> initiates a check by clicking on the <span><span><strong>+</strong></span></span> button.</p>\n', 'Initiate a check', 'nf', '2011-05-18 15:34:01.0', 'nf', '2011-05-24 12:33:55.0', 2), 
 (86, '2011-05-24 14:49:13.0', '<p>\n\tEach payment made and confirmed feeds the database.</p>\n<p>\n\t</p>\n<p>\n\tThis feature reads these datas.</p>\n<p>\n\t</p>\n<p>\n\t<u>Note :</u> <em>For more details, check the requirements of NX Pet Shop :</em></p>\n<p>\n\t</p>\n<p>\n\t<span><em>05_Manage the basket / Flow to NS Bank</em></span></p>\n', 'Flow from NX Pet Shop', 'nf', '2011-05-18 15:34:22.0', 'nf', '2011-05-24 12:33:50.0', 2), 
 (87, '2011-05-24 14:49:13.0', '<p>\n\tThis module is designed to :</p>\n<ul>\n\t<li>\n\t\tCheck if the <span><strong>expire date</strong></span> of a card has been <span><strong>reached</strong></span>.</li>\n</ul>\n<p>\n\tIf it fails, this icon appears :</p>\n<ul>\n\t<li>\n\t\t<strong><span>X</span></strong> for failed check.</li>\n</ul>\n<p>\n\tand a text is displayed in the reason column :</p>\n<ul>\n\t<li>\n\t\t<u>Date fails :</u> <span>date expires</span></li>\n</ul>\n', 'Check date', 'nf', '2011-05-18 15:34:38.0', 'nf', '2011-05-24 12:33:11.0', 2), 
 (88, '2011-05-24 14:49:13.0', '<p>\n\tThis module is designed to :</p>\n<ul>\n\t<li>\n\t\tCheck if a <span><strong>card number</strong></span> is <span><strong>valid</strong></span>.</li>\n</ul>\n<p>\n\tIf it fails, this icon appears :</p>\n<ul>\n\t<li>\n\t\t<strong><span>X</span></strong> for failed check.</li>\n</ul>\n<p>\n\tand a text is displayed in the reason column :</p>\n<ul>\n\t<li>\n\t\t<u>Card number fails :</u> <span>invalid card number</span></li>\n</ul>\n', 'Check number', 'nf', '2011-05-18 15:34:59.0', 'nf', '2011-05-24 12:33:19.0', 2), 
 (89, '2011-05-24 14:49:13.0', '<p>\n\tThe check result do several things :</p>\n<ul>\n\t<li>\n\t\tThe <span><span><strong>+</strong></span></span> button disappears.</li>\n</ul>\n<p>\n\tAnd it is replaced by an icon, depending on the result of the check success or failed :</p>\n<ul>\n\t<li>\n\t\t<strong><span>V</span></strong> for successful check.</li>\n\t<li>\n\t\t<strong><span>X</span></strong> for failed check.</li>\n</ul>\n<p>\n\tIf it passes both date and card number, it is considered success.</p>\n<p>\n\t</p>\n<p>\n\tIf the check fails on either date or card number, it is considered failed.</p>\n<p>\n\t</p>\n<p>\n\tThen, depending on the criteria, a text is displayed in the reason column :</p>\n<ul>\n\t<li>\n\t\t<u>Date fails :</u> <span>date expires</span></li>\n\t<li>\n\t\t<u>Card number fails :</u> <span>invalid card number</span></li>\n</ul>\n', 'Check result', 'nf', '2011-05-18 15:49:15.0', 'nf', '2011-05-24 12:33:37.0', 2), 
 (90, '2011-05-18 16:52:47.0', '<table border=\"0\" cellpadding=\"0\" cellspacing=\"0\" width=\"700\">\n\t<colgroup>\n\t\t<col />\n\t\t<col />\n\t\t<col />\n\t\t<col />\n\t\t<col />\n\t\t<col />\n\t\t<col />\n\t\t<col />\n\t</colgroup>\n\t<tbody>\n\t\t<tr height=\"20\">\n\t\t\t<td height=\"20\">\n\t\t\t\t<strong><span>ORDER ID</span></strong></td>\n\t\t\t<td>\n\t\t\t\t<strong><span>DATE</span></strong></td>\n\t\t\t<td>\n\t\t\t\t<strong><span>ITEM ID</span></strong></td>\n\t\t\t<td>\n\t\t\t\t<strong><span>TOTAL COST</span></strong></td>\n\t\t\t<td>\n\t\t\t\t<strong><span>CARD NUMBER</span></strong></td>\n\t\t\t<td>\n\t\t\t\t<strong><span>EXPIRY DATE</span></strong></td>\n\t\t\t<td>\n\t\t\t\t<strong><span>CHECK</span></strong></td>\n\t\t\t<td>\n\t\t\t\t<strong><span>REASON</span></strong></td>\n\t\t</tr>\n\t\t<tr height=\"25\">\n\t\t\t<td height=\"25\">\n\t\t\t\t1003</td>\n\t\t\t<td>\n\t\t\t\t18/05/2011 12:00</td>\n\t\t\t<td>\n\t\t\t\tEST-4</td>\n\t\t\t<td>\n\t\t\t\t$ 18,50</td>\n\t\t\t<td>\n\t\t\t\t99999999999999</td>\n\t\t\t<td>\n\t\t\t\tmars-11</td>\n\t\t\t<td>\n\t\t\t\t+</td>\n\t\t\t<td>\n\t\t\t\t</td>\n\t\t</tr>\n\t\t<tr height=\"20\">\n\t\t\t<td height=\"20\">\n\t\t\t\t1005</td>\n\t\t\t<td>\n\t\t\t\t17/05/2011 12:00</td>\n\t\t\t<td>\n\t\t\t\tEST-6</td>\n\t\t\t<td>\n\t\t\t\t$ 52</td>\n\t\t\t<td>\n\t\t\t\t<span>100000000000007</span></td>\n\t\t\t<td>\n\t\t\t\tfvr.-11</td>\n\t\t\t<td>\n\t\t\t\tX</td>\n\t\t\t<td>\n\t\t\t\tinvalid card number</td>\n\t\t</tr>\n\t\t<tr height=\"20\">\n\t\t\t<td height=\"20\">\n\t\t\t\t1006</td>\n\t\t\t<td>\n\t\t\t\t<span>16/05/2011 12:00</span></td>\n\t\t\t<td>\n\t\t\t\tEST-7</td>\n\t\t\t<td>\n\t\t\t\t$ 16</td>\n\t\t\t<td>\n\t\t\t\t99999999999996</td>\n\t\t\t<td>\n\t\t\t\t<span>sept.-10</span></td>\n\t\t\t<td>\n\t\t\t\tX</td>\n\t\t\t<td>\n\t\t\t\tdate expires</td>\n\t\t</tr>\n\t\t<tr height=\"20\">\n\t\t\t<td height=\"20\">\n\t\t\t\t<span>1007</span></td>\n\t\t\t<td>\n\t\t\t\t<span>19/05/2011 12:00</span></td>\n\t\t\t<td>\n\t\t\t\t<span>EST-8</span></td>\n\t\t\t<td>\n\t\t\t\t<span>$ 184</span></td>\n\t\t\t<td>\n\t\t\t\t<span>99999999999995</span></td>\n\t\t\t<td>\n\t\t\t\t<span>janv.-11</span></td>\n\t\t\t<td>\n\t\t\t\t<span></span></td>\n\t\t\t<td>\n\t\t\t\t<span>-</span></td>\n\t\t</tr>\n\t</tbody>\n</table>', 'Column formats', 'anonymousUser', '2011-05-18 16:46:04.0', 'anonymousUser', '2011-05-18 16:51:20.0', 2), 
 (91, '2011-05-24 14:49:13.0', '<table border=\"0\" cellpadding=\"0\" cellspacing=\"0\" width=\"700\">\n\t<colgroup>\n\t\t<col />\n\t\t<col />\n\t\t<col />\n\t\t<col />\n\t\t<col />\n\t\t<col />\n\t\t<col />\n\t\t<col />\n\t</colgroup>\n\t<tbody>\n\t\t<tr height=\"20\">\n\t\t\t<td height=\"20\">\n\t\t\t\t<strong><span>ORDER ID</span></strong></td>\n\t\t\t<td>\n\t\t\t\t<strong><span>DATE</span></strong></td>\n\t\t\t<td>\n\t\t\t\t<strong><span>ITEM ID</span></strong></td>\n\t\t\t<td>\n\t\t\t\t<strong><span>TOTAL COST</span></strong></td>\n\t\t\t<td>\n\t\t\t\t<strong><span>CARD NUMBER</span></strong></td>\n\t\t\t<td>\n\t\t\t\t<strong><span>EXPIRY DATE</span></strong></td>\n\t\t\t<td>\n\t\t\t\t<strong><span>CHECK</span></strong></td>\n\t\t\t<td>\n\t\t\t\t<strong><span>REASON</span></strong></td>\n\t\t</tr>\n\t\t<tr height=\"25\">\n\t\t\t<td height=\"25\">\n\t\t\t\t1003</td>\n\t\t\t<td>\n\t\t\t\t18/05/2011 12:00</td>\n\t\t\t<td>\n\t\t\t\tEST-4</td>\n\t\t\t<td>\n\t\t\t\t$ 18,50</td>\n\t\t\t<td>\n\t\t\t\t99999999999999</td>\n\t\t\t<td>\n\t\t\t\tmars-11</td>\n\t\t\t<td>\n\t\t\t\t+</td>\n\t\t\t<td>\n\t\t\t\t</td>\n\t\t</tr>\n\t\t<tr height=\"20\">\n\t\t\t<td height=\"20\">\n\t\t\t\t1005</td>\n\t\t\t<td>\n\t\t\t\t17/05/2011 12:00</td>\n\t\t\t<td>\n\t\t\t\tEST-6</td>\n\t\t\t<td>\n\t\t\t\t$ 52</td>\n\t\t\t<td>\n\t\t\t\t<u><strong><span>100000000000007</span></strong></u></td>\n\t\t\t<td>\n\t\t\t\tfvr.-11</td>\n\t\t\t<td>\n\t\t\t\tX</td>\n\t\t\t<td>\n\t\t\t\t<span><u><strong>invalid card number</strong></u></span></td>\n\t\t</tr>\n\t\t<tr height=\"20\">\n\t\t\t<td height=\"20\">\n\t\t\t\t1006</td>\n\t\t\t<td>\n\t\t\t\t<u><strong><span>16/05/2011 12:00</span></strong></u></td>\n\t\t\t<td>\n\t\t\t\tEST-7</td>\n\t\t\t<td>\n\t\t\t\t$ 16</td>\n\t\t\t<td>\n\t\t\t\t99999999999996</td>\n\t\t\t<td>\n\t\t\t\t<u><strong><span>sept.-10</span></strong></u></td>\n\t\t\t<td>\n\t\t\t\tX</td>\n\t\t\t<td>\n\t\t\t\t<u><strong><span>date expires</span></strong></u></td>\n\t\t</tr>\n\t\t<tr height=\"20\">\n\t\t\t<td height=\"20\">\n\t\t\t\t<u><strong><span>1007</span></strong></u></td>\n\t\t\t<td>\n\t\t\t\t<u><strong><span>19/05/2011 12:00</span></strong></u></td>\n\t\t\t<td>\n\t\t\t\t<u><strong><span>EST-8</span></strong></u></td>\n\t\t\t<td>\n\t\t\t\t<u><strong><span>$ 184</span></strong></u></td>\n\t\t\t<td>\n\t\t\t\t<u><strong><span>99999999999995</span></strong></u></td>\n\t\t\t<td>\n\t\t\t\t<u><strong><span>janv.-11</span></strong></u></td>\n\t\t\t<td>\n\t\t\t\t<u><strong><span></span></strong></u></td>\n\t\t\t<td>\n\t\t\t\t<u><strong><span>-</span></strong></u></td>\n\t\t</tr>\n\t</tbody>\n</table>', 'Column format', 'nf', '2011-05-18 16:52:38.0', 'nf', '2011-05-24 12:33:44.0', 2), 
 (92, '2011-05-19 09:50:11.0', '', '05_Manage the basket', 'anonymousUser', '2011-05-19 09:50:08.0', null, null, 1), 
 (93, '2011-05-24 14:49:37.0', '', '5_Manage the basket', 'anonymousUser', '2011-05-19 09:50:16.0', 'nf', '2011-05-23 15:24:27.0', 1), 
 (94, '2011-05-24 14:49:37.0', '', '4_Search into the catalogue', 'anonymousUser', '2011-05-19 09:51:14.0', 'nf', '2011-05-23 15:24:22.0', 1), 
 (95, '2011-05-24 14:49:37.0', '', '3_Modify an account', 'anonymousUser', '2011-05-19 09:51:32.0', 'nf', '2011-05-23 15:24:18.0', 1), 
 (96, '2011-05-24 14:49:37.0', '', '2_Create an account', 'anonymousUser', '2011-05-19 09:51:48.0', 'nf', '2011-05-23 15:24:14.0', 1), 
 (97, '2011-05-19 10:05:56.0', '<p>\n\tOnce a <strong>User</strong> validate a command (<u><em>ie :</em></u> buy a pet in the store), a flow feeds <span><u><strong>NS Bank</strong></u></span>, with the order and card informations.</p>\n<p>\n\t</p>\n<p>\n\tIn details :</p>\n<ol>\n\t<li>\n\t\tORDER ID</li>\n\t<li>\n\t\tDATE</li>\n\t<li>\n\t\tITEM ID</li>\n\t<li>\n\t\tTOTAL COST</li>\n\t<li>\n\t\tCARD NUMBER</li>\n\t<li>\n\t\tEXPIRY DATE</li>\n</ol>\n', 'Flow to NS Bank', 'anonymousUser', '2011-05-19 09:53:21.0', 'anonymousUser', '2011-05-19 10:01:13.0', 1), 
 (98, '2011-05-24 14:49:37.0', '<p>\n\tOnce a <strong>User</strong> validate a command (<u><em>ie :</em></u> buy a pet in the store), a flow feeds the <span><u><strong>NX Bank</strong></u></span> database with the order and card informations.</p>\n<p>\n\t</p>\n<p>\n\tIn details :</p>\n<ol>\n\t<li>\n\t\tORDER ID</li>\n\t<li>\n\t\tDATE</li>\n\t<li>\n\t\tITEM ID</li>\n\t<li>\n\t\tTOTAL COST</li>\n\t<li>\n\t\tCARD NUMBER</li>\n\t<li>\n\t\tEXPIRY DATE</li>\n</ol>\n<p>\n\t<u>Note :</u> <em>For further details, check the requirements of NX Bank :</em></p>\n<p>\n\t</p>\n<p>\n\t<span><em>02_Verify a payment</em></span><span><em> / Flow from NX Pet Shop</em></span></p>\n', 'Flow to NX Bank', 'nf', '2011-05-19 10:05:49.0', 'nf', '2011-05-19 10:09:39.0', 1), 
 (99, '2011-05-24 14:49:52.0', '', '01_Access', 'nf', '2011-05-19 16:10:21.0', null, null, 3), 
 (100, '2011-05-24 14:49:52.0', '', '02_Create an account', 'nf', '2011-05-19 16:10:35.0', null, null, 3);

Insert into REQUIREMENT_LIBRARY_NODE(RLN_ID, DELETED_ON, DESCRIPTION, NAME, CREATED_BY, CREATED_ON, LAST_MODIFIED_BY, LAST_MODIFIED_ON, PROJECT_ID) values 
 (101, '2011-05-24 14:49:37.0', '<p>\n\t<span><strong><u>NX Pet Shop</u></strong> </span>should be accessible through :</p>\n<ul>\n\t<li>\n\t\tFirefox 4.0.x</li>\n\t<li>\n\t\tInternet Explorer 7.0.x</li>\n</ul>\n<p>\n\tOther browser or older versions are <span>NOT</span> allowed.</p>\n', 'Browser', 'nf', '2011-05-19 16:34:12.0', 'nf', '2011-05-24 12:34:44.0', 1), 
 (102, '2011-05-24 14:49:37.0', '<p>\n\tThe graphic interface of the <span>Welcome</span> screen is composed by <em><span>eight </span></em><strong>(8) </strong>elements :</p>\n<ol>\n\t<li>\n\t\tA banner with label <span>JPetStore Demo</span></li>\n\t<li>\n\t\tA <span>Cart</span> icon <img alt=\"\" src=\"data:image/pnbase64,iVBORw0KGgoAAAANSUhEUgAAADIAAAAxCAIAAAAXyW1IAAAH6klEQVRYhc2Z+1NT1xbHT2geJCE8IgYkgSSEPElyHuHkxUlIBELCKwXCIxJJcpCH4RAsCqhABQR8gmin0CoiUdQWtfUHx96ZO3ectj/cuXZGnYLXTn+6dTrX8b+4P4RhBE6DoleY+fy0Z518vzNZa++11wYAnW6nIXG7gbTS0p2GobkZAHF8p1HW1weIamp2GtZQCIjPz99pqOrqgG1PcPKU33YT5LbYVutOQ+P1ApK6up2GvbMTUPv9HxlTq6+k01txqKHiUIMr7M1v9WnWBrh6eoDUkpKPTNmB/NMntZEpZWRKOXVK7Wk3p7nWBKDB4DakvA8X/jjD/O8i5T+3436aYTa3ZlJRZPsrMWrrl1nG9DC3uTVTV6GIy9tQidtl6/4kp6Ixm4oi6zyt2OK5XBtJL3Xl16P7W7Lb2jM/OP19kounVEcH8mx+G6m6HscBbTC4ERj3Hx00PvoqeWme9sG5cl7e1FteENqPtvhJ1cv6+gCxx7MRaW11f7/21+usZ3P0O+cTp4e478/cWMpPXzFfLVKunBEXNReT6kYp6OgAmBi2kURrfleX+Nk1xncTnEZcqHKp3h9LjWxqMPXlN3GXhtLhTxFS3Si59fXkKU9DkVBI8GSOHhlPxqplCSZI4VQVeKSS4ly6HuFZtUiFAq1UpNu0VBQRFamxapnKpUo0Q4lmSOVSYdUyUZGaiiLpNi1aqUAqFDyrNq1AO3A4/Y/bcZODqUqnKkZN/GUlrrMlLFQfPCi4dSbJhwtTMNBcJRvt453r3233SFlGuNYvnh9PPtTJlzpypY7cQ538+fHkWr+IZYTtHum5/t2jfTxzlezdbLEslo0kFWBdXdnPrjGitsRF6u5wxoOphObWTC4GWmukFwZTp4e5jvoctgn24cJ75znHuvconCqFU3Wse8+98xwfLmSbYEd9zvQw98JgqrVGumrr0nA6UoWQ6kZRNzQA2bW1G5HV1QwMaH+9zoraSjRDULmivDFb5VLFG2C+XWOpltk80qy9GhqKyEtyXV6JrlKRgoEpGKirVLi8EnmJioYiWXs1No/UUi3j2zWrtq6cFRcfcJDqRrERBKAJBDYCBZt6Bwx/n06ZHua6vJK0Ai3bBFPydBwztMem2WUBGXqErke4GJhh1ySaobg8HcsI86xanlXLMsJxebpEM5Rh13AxkK5HGHpklwXUlimPd6f/83L8hTGlq+NTUt0opb29wG6ncyNpLqexDvXikjDB//xI+qFOPuqW0/SIzSM93p2+DxeKitR8u6bWLxrqSSuuz2GbYKhcGQoJQiEBVK5km+Di+pyhnrRav4hv14iK1Ptw4Wgf70hXxoG2zKJ9WkmlnVQ3yuZHtcsr+W6C8+MM04cLmUY4FBL8MsuYHuKilXJ1qXJiIHVpnnY4nMHFQLcv+/4k5/4kx+3L5mLg4XDG0jxtYiBVXao0uOWzoylL87QwwWca4U1Pp83PxDdt0VDE4JaHQoLKxmyBXZNWoHV5JWGCj1XLmEZY6VT5cKEPFyqdKqYRxqplYYIfTYD/ry1Ap6OiSLwBpuuRuDxdXJ6OrkeYRpiGIhSd7hMUYRhghgH+BEUoOh0NRZjGlcit2IrxH+92Om1NBf2DyBenFMd6JXhr1tYY6U37x5es59cZx/pkWeWO2IoruRWjIjSBgP5A096OxkBf2eVz8idX6VvjeYT2x+24FzeZ46O6vGZfbMWVSoyxf6xi2O/q+Ex9+WTK1rg3wXk6R//3jfihzzWqhqpN5WwEQb7LryPFZhY5YLBMuTUaceHd84nLEfqRz0S79uZvKqduaHir7pRtgqWOXEu1bGu0tmfen+R8yEqMkrVX09qe+c3ZxK3xt0vs5Qjt3WzF6HuYGJZq02c7QEeD7Nyg4F/XuFGWFxJefkv9c5H6fCFhdZGU5wsJfy5SX35LXV5IeDjNa+5QpNjyYyuu9FsxukSxx1OMFxztkUwN8UeGwJ4T9iizk+onkaSlG5zIlHJ1kZTIlHLpBudJJGl2Ut3ZX+hsL8uprYmtuNKdknbT2mDQ2OovJHzdg/bvv+A//HJ3+LgFDAZNbf5CwjcwYvn5Ku/xPPfkqLmI8JnbmiB8zbcQHjS3NRURvpOj5sfz3J+v8gZGLIWEz9TmB/9Cbn0vT3r32FPmqm63nB2Dzo4ojnSLvc05+jqjoNzpOYhNnIIezGS9uMn+/Rbzh68Fl86AXiJf7C5583Oxu8RL5F86A/7wteD3W8wXN9kPZrImTkGeg5ig3EmquP7mQ5p0VBRpaxc8nmVcHU0xV8mii0wjTHTwn87RXy1SXt8BXt8FXi1SfrtB7enK4GLgm59zMbCnK+O3G9RXi5TXd4HXd4BXi5Snc3Si4/0qMS4PMbjlHR0CT5NYWKiOLtJQxFQlDxP8a2PJz+boyxHawumkw+EMa42UtVaMZYStNdLD4YyF00nLEdqzOfq1seQwwTdVyWlr7/XvvEHQ9UiCCWIZ4dUBAUWnY+gRjhmqD4geXmQ/mmYGWrI4ZohhgClrb8aUPB3DAHPMUKAl69E08+FFdn1AxDFDDD1CeYv9SOJ2b2ViUxiwDJ2AxkZAF47FjnTh2NgIOHQCKgxY3v730WBwK/MtQ4uvmPA6CK+xxRc70tjicxDeYsJr2Cxy/Xxr22d/5NPAbZ+Uks9O3+ZM/Mjs4AH4tr9ZkL9ibPsLD/mbT2F3905j//j4/wA7uwJ439+SUgAAAABJRU5ErkJggg==\" /></li>\n\t<li>\n\t\tA <span>Sign-in</span> link = switch to <span>Sign-out</span> when a user has loged in.</li>\n\t<li>\n\t\tA <span>?</span> link</li>\n\t<li>\n\t\tA text field and a link <span>Search</span></li>\n\t<li>\n\t\tA horizontal link bar <span>Fish / Dogs / Reptiles / Cats / Birds</span></li>\n\t<li>\n\t\tA vertical menu with <span>Fish / Dogs / Reptiles / Cats / Birds</span></li>\n\t<li>\n\t\tA central parrot image - link</li>\n</ol>\n', 'Interface - Welcome', 'nf', '2011-05-19 16:34:47.0', 'nf', '2011-05-24 12:35:00.0', 1), 
 (103, '2011-05-24 14:49:37.0', '<p>\n\tThe graphic interface of the Authorisation screen is composed by <em><span>eight </span></em><strong>(8) </strong>elements :</p>\n<ol>\n\t<li>\n\t\tA text : <span>Please enter your username and password.</span></li>\n\t<li>\n\t\tA text box with label <span>Username</span><span>:</span></li>\n\t<li>\n\t\tA text box with label <span>Password :</span></li>\n\t<li>\n\t\tA button <span>SUBMIT</span></li>\n\t<li>\n\t\tA button <span>REGISTER NOW</span></li>\n</ol>\n', 'Interface - Authorisation', 'nf', '2011-05-19 17:03:37.0', 'nf', '2011-05-24 12:34:56.0', 1), 
 (104, '2011-05-24 14:49:37.0', '<p>\n\tClicking on :</p>\n<ol>\n\t<li>\n\t\tthe horizontal link bar sends to the <span>Catalogue</span> screen.</li>\n\t<li>\n\t\the menu sends to each animal <span>Catalogue</span> screen.</li>\n\t<li>\n\t\tthe parrot sends to each animal <span>Catalogue</span> screen.</li>\n\t<li>\n\t\tthe cart sends to the Cart screen.</li>\n\t<li>\n\t\tthe <span>Sign-in</span> link sends to the <span>Authorisation</span> screen.</li>\n\t<li>\n\t\tSearch with a name written down in the text field sends to the <span>Detailed Catalogue</span> screen.</li>\n\t<li>\n\t\tthe ? sends to the Help screen.</li>\n</ol>\n', 'Navigation - Welcome', 'nf', '2011-05-19 17:15:15.0', 'nf', '2011-05-24 12:35:18.0', 1), 
 (105, '2011-05-24 14:49:37.0', '<p>\n\tClicking on :</p>\n<ol>\n\t<li>\n\t\twith the default user login : the SUBMIT button sends to the <span>Homepage</span> screen.</li>\n\t<li>\n\t\twith a new user login : the REGISTER NOW button sends to the <span>User information</span> screen.</li>\n</ol>\n', 'Navigation - Authorisation', 'nf', '2011-05-19 17:18:00.0', 'nf', '2011-05-24 12:35:09.0', 1), 
 (106, '2011-05-24 14:49:37.0', '<p>\n\tUsing an unallowed password returns an <span>error message</span> :</p>\n<p>\n\t</p>\n<p>\n\t<strong><span>Error!</span></strong></p>\n<p>\n\t<strong><span>Invalid username or password. Signon failed.</span></strong></p>\n', 'Wrong password', 'nf', '2011-05-19 17:19:54.0', 'nf', '2011-05-24 12:35:27.0', 1), 
 (107, '2011-05-24 14:49:37.0', '<p>\n\tThe graphic interface of the <span>Welcome</span> screen is composed by <em><span>eight </span></em><strong>(8) </strong>elements :</p>\n<ol>\n\t<li>\n\t\tA text <span>Welcome ...</span></li>\n\t<li>\n\t\tA <span>Sign-out</span> when a user has loged in.</li>\n\t<li>\n\t\tA <span>MyAccount</span> link</li>\n</ol>\n', 'Interface - Homepage', 'nf', '2011-05-19 17:23:51.0', 'nf', '2011-05-24 12:34:51.0', 1), 
 (108, '2011-05-24 14:49:37.0', '<p>\n\tClicking on :</p>\n<ol>\n\t<li>\n\t\t<span>Sign-out</span> sends back to the <span>Welcome</span> screen.</li>\n</ol>\n', 'Navigation - Homepage', 'anonymousUser', '2011-05-20 10:11:42.0', 'nf', '2011-05-24 12:35:13.0', 1), 
 (109, '2011-05-24 14:49:37.0', '<p>\n\tThe graphic interface of the New user form screen is composed by <em><span>twenty two </span></em><strong>(22) </strong>elements :</p>\n<ol>\n\t<li>\n\t\tA block with label <span>User information</span></li>\n\t<li>\n\t\tInside it : a text box with label <span>User ID :</span></li>\n\t<li>\n\t\tInside it : a text box with label <span>New password :</span></li>\n\t<li>\n\t\tInside it : a text box with label <span>Repeat password :</span></li>\n\t<li>\n\t\tA block with label <span>Account </span><span>information</span></li>\n\t<li>\n\t\tInside it : a text box with label <span>First name :</span></li>\n\t<li>\n\t\tInside it : a text box with label <span>Last name :</span></li>\n\t<li>\n\t\tInside it : a text box with label <span>Email :</span></li>\n\t<li>\n\t\tInside it : a text box with label <span>Phone :</span></li>\n\t<li>\n\t\tInside it : a text box with label <span>Address 1 :</span></li>\n\t<li>\n\t\tInside it : a text box with label <span>Address 2 :</span></li>\n\t<li>\n\t\tInside it : a text box with label <span>City :</span></li>\n\t<li>\n\t\tInside it : a text box with label <span>State :</span></li>\n\t<li>\n\t\tInside it : a text box with label <span>Zip :</span></li>\n\t<li>\n\t\tInside it : a text box with label <span>Country :</span></li>\n\t<li>\n\t\tA block with label <span>Profile Information</span></li>\n\t<li>\n\t\tInside it : one combo box labelled <span>Language Preference :</span></li>\n\t<li>\n\t\tInside it : one combo box labelled <span>Favorite category :</span></li>\n\t<li>\n\t\tInside it : one checkbox labelled <span>Enable MyList</span></li>\n\t<li>\n\t\tInside it : one checkbox labelled <span>Enable MyBanner</span></li>\n\t<li>\n\t\tA button <span>SUBMIT</span></li>\n\t<li>\n\t\tA link <span>My order</span></li>\n</ol>\n', 'Interface - New user form', 'anonymousUser', '2011-05-20 10:29:53.0', 'nf', '2011-05-24 12:35:54.0', 1), 
 (110, null, '<p>\n\tThe repeat password <span><strong>MUST </strong></span>be the same than the new password.</p>\n', 'New - repeat password', 'anonymousUser', '2011-05-20 11:00:30.0', null, null, 1), 
 (111, '2011-05-24 14:49:37.0', '<p>\n\tThe combo box <span>Language Preference :</span> contains two languages :</p>\n<ol>\n\t<li>\n\t\tenglish</li>\n\t<li>\n\t\tjapanese</li>\n</ol>\n', 'Language available', 'nf', '2011-05-20 11:08:57.0', 'nf', '2011-05-24 12:35:58.0', 1), 
 (112, '2011-05-24 14:49:37.0', '<p>\n\tThe combo box <span>Favourite category</span> contains five pet categories :</p>\n<ol>\n\t<li>\n\t\tbirds</li>\n\t<li>\n\t\tcats</li>\n\t<li>\n\t\tdogs</li>\n\t<li>\n\t\tfish</li>\n\t<li>\n\t\treptiles</li>\n</ol>\n', 'Favourite category', 'nf', '2011-05-20 11:09:41.0', 'nf', '2011-05-24 12:35:47.0', 1), 
 (113, '2011-05-24 14:49:37.0', '<p>\n\tExcpet the password, <span><strong>NO CONTROL</strong></span> are allowed on this form.</p>\n', 'Control', 'nf', '2011-05-20 11:20:21.0', 'nf', '2011-05-24 12:35:40.0', 1), 
 (114, '2011-05-24 14:49:37.0', '<p>\n\tThe repeat password <span><strong>MUST </strong></span>be the same than the new password.</p>\n', 'New - repeat password', 'anonymousUser', '2011-05-20 13:07:06.0', null, null, 1), 
 (115, '2011-05-24 14:49:37.0', '', '6_Free search', 'anonymousUser', '2011-05-20 13:40:52.0', 'nf', '2011-05-23 15:33:50.0', 1), 
 (116, '2011-05-24 14:49:37.0', '<p>\n\tThe graphic interface of the Pet catalogue screen is composed by <em><span>twenty two </span></em><strong>(22) </strong>elements :</p>\n<ol>\n\t<li>\n\t\tA link Main Menu</li>\n\t<li>\n\t\tThe screen title by the name of the pet (ie : <span>Dogs</span>)</li>\n\t<li>\n\t\tA table :</li>\n\t<li>\n\t\tInside it : two columns labeled <span>Product ID</span> and <span>Name</span></li>\n\t<li>\n\t\tInside it : each product id is a link.</li>\n\t<li>\n\t\tAt the bottom of the table : a link Next</li>\n</ol>\n', 'Interface - Pet catalogue', 'anonymousUser', '2011-05-20 13:44:33.0', 'anonymousUser', '2011-05-20 13:51:17.0', 1), 
 (117, '2011-05-24 14:49:37.0', '<p>\n\tClicking on :</p>\n<ol>\n\t<li>\n\t\t<span>Main Menu</span> sends back to the <span>Homepage</span> screen.</li>\n\t<li>\n\t\t<span>Next</span> displays the following part of the table (if necessary).</li>\n\t<li>\n\t\tthe product id sends to the <span>Detailed Pet</span> screen.</li>\n</ol>\n', 'Navigation - Pet catalogue', 'anonymousUser', '2011-05-20 13:44:43.0', 'anonymousUser', '2011-05-20 13:52:09.0', 1), 
 (118, '2011-05-24 14:49:37.0', '<p>\n\tThe format of this id should be :</p>\n<ol>\n\t<li>\n\t\tCode letters of the kind of pet : ie FI for FISH</li>\n\t<li>\n\t\tCode letters of the size of the pet : ie SW for SMALL</li>\n\t<li>\n\t\t# : ie 1,2,3...</li>\n</ol>\n', 'Product ID format', 'anonymousUser', '2011-05-20 13:58:09.0', null, null, 1), 
 (119, '2011-05-24 14:49:37.0', '<p>\n\tThe text box labelled <span>Search</span> in the right upper part is editable.</p>\n<p>\n\t</p>\n', 'Editable text box', 'nf', '2011-05-23 15:32:55.0', null, null, 1), 
 (120, '2011-05-24 14:49:37.0', '<p>\n\tThe user initiate a search :</p>\n<ol>\n\t<li>\n\t\tWith something written down in the text box.</li>\n\t<li>\n\t\tBy clicking on <span>Search</span> OR hitting <span>Enter</span>. If the text box is empty, nothing happens.</li>\n</ol>\n', 'Initiate a search', 'nf', '2011-05-23 15:42:56.0', null, null, 1), 
 (121, null, '', '01_Access', 'nf', '2011-05-24 14:48:53.0', 'nf', '2011-05-24 14:48:57.0', 2), 
 (122, null, '<p>\n\tThe graphic interface of this screen is composed by <em><span>five</span></em><strong> (5) </strong>elements :</p>\n<ol>\n\t<li>\n\t\tA banner with label <span>JPetStore Bank</span></li>\n\t<li>\n\t\tA label <span>Please enter your login and password.</span></li>\n\t<li>\n\t\tA text box with label <span>Login :</span></li>\n\t<li>\n\t\tA text box with label <span>Password :</span></li>\n\t<li>\n\t\tA button <span>VALIDATE</span></li>\n</ol>\n', 'Interface', 'nf', '2011-05-24 14:48:57.0', 'nf', '2011-05-24 15:26:30.0', 2), 
 (123, null, '<p>\n\t<span><strong><u>NX Bank</u></strong></span> should be accessible through :</p>\n<ul>\n\t<li>\n\t\tFirefox 4.0.x</li>\n\t<li>\n\t\tInternet Explorer 7.0.x</li>\n</ul>\n<p>\n\tOther browser or older versions are <span>NOT</span> allowed.</p>\n', 'Browser', 'nf', '2011-05-24 14:48:57.0', 'nf', '2011-05-24 15:26:19.0', 2), 
 (124, null, '<p>\n\tWhen click on <span>VALIDATE</span> :</p>\n<p>\n\t</p>\n<p>\n\tA wrong / incomplete / too long login or password should display the following <span>error messages</span> :</p>\n<ul>\n\t<li>\n\t\t<u>Wrong - login :</u> Sorry, wrong login. Try again with the right one or contact your administrator.</li>\n\t<li>\n\t\t<u>Wrong password :</u> Sorry, wrong password. Try again with the right one or contact your administrator.</li>\n</ul>\n', 'Wrong Login Password', 'nf', '2011-05-24 14:48:57.0', 'nf', '2011-05-24 15:26:41.0', 2), 
 (125, null, '<p>\n\tWhen click on <span>VALIDATE</span> :</p>\n<p>\n\t</p>\n<p>\n\tA missing login or password should display the following <span>error messages</span> :</p>\n<ul>\n\t<li>\n\t\t<u>Missing login :</u> Sorry, wrong login. Try again with the right one or contact your administrator.</li>\n\t<li>\n\t\t<u>Missing password :</u> Sorry, wrong password. Try again with the right one or contact your administrator.</li>\n</ul>\n', 'Incomplete Login Password', 'nf', '2011-05-24 14:48:57.0', 'nf', '2011-05-24 15:26:27.0', 2), 
 (126, null, '<p>\n\tA <strong>banker</strong> must enter his login and password then click on <span>VALIDATE</span> to enter <span _fck_bookmark=\"1\"></span><u><strong><span><span><span _fck_bookmark=\"1\"></span></span></span></strong></u><span><span _fck_bookmark=\"1\"></span><span _fck_bookmark=\"1\"> </span><strong><u>NX Bank</u></strong></span>.</p>\n', 'Navigation', 'nf', '2011-05-24 14:48:57.0', 'nf', '2011-05-24 15:26:37.0', 2), 
 (127, null, '<p>\n\tWhen click on <span>VALIDATE</span> :</p>\n<p>\n\t</p>\n<p>\n\tA <strong>Non Banker</strong> profile (all other than <strong>Banker</strong>) should display the following <span>error message</span> :</p>\n<ul>\n\t<li>\n\t\t<u>Non banker :</u> Sorry, wrong profile. Youre not allowed to enter. Please contact your administrator for further informations.</li>\n</ul>\n', 'Wrong profile', 'nf', '2011-05-24 14:48:57.0', 'nf', '2011-05-24 15:26:44.0', 2), 
 (128, null, '<p>\n\tBoth text boxes are limited to <strong><em>twelve </em>(12)</strong> characters.</p>\n', 'Controls', 'nf', '2011-05-24 14:48:57.0', 'nf', '2011-05-24 15:26:23.0', 2), 
 (129, null, '<p>\n\tOnly a user with a <strong>banker</strong> profile can access to <span><strong><u>NX Bank</u></strong></span>.</p>\n<p>\n\t</p>\n<p>\n\t<u>Note :</u> <em>Check the admin to figure how to declare a profile.</em></p>\n', 'Authorisation', 'nf', '2011-05-24 14:48:57.0', 'nf', '2011-05-24 15:26:13.0', 2), 
 (130, null, '', '02_Verify a payment', 'nf', '2011-05-24 14:48:57.0', 'nf', '2011-05-24 14:48:57.0', 2), 
 (131, null, '<p>\n\tThe check result do several things :</p>\n<ul>\n\t<li>\n\t\tThe <span><span><strong>+</strong></span></span> button disappears.</li>\n</ul>\n<p>\n\tAnd it is replaced by an icon, depending on the result of the check success or failed :</p>\n<ul>\n\t<li>\n\t\t<strong><span>V</span></strong> for successful check.</li>\n\t<li>\n\t\t<strong><span>X</span></strong> for failed check.</li>\n</ul>\n<p>\n\tIf it passes both date and card number, it is considered success.</p>\n<p>\n\t</p>\n<p>\n\tIf the check fails on either date or card number, it is considered failed.</p>\n<p>\n\t</p>\n<p>\n\tThen, depending on the criteria, a text is displayed in the reason column :</p>\n<ul>\n\t<li>\n\t\t<u>Date fails :</u> <span>date expires</span></li>\n\t<li>\n\t\t<u>Card number fails :</u> <span>invalid card number</span></li>\n</ul>\n', 'Check result', 'nf', '2011-05-24 14:48:57.0', 'nf', '2011-05-24 15:27:04.0', 2), 
 (132, null, '<p>\n\tEach payment made and confirmed feeds the database.</p>\n<p>\n\t</p>\n<p>\n\tThis feature reads these datas.</p>\n<p>\n\t</p>\n<p>\n\t<u>Note :</u> <em>For more details, check the requirements of NX Pet Shop :</em></p>\n<p>\n\t</p>\n<p>\n\t<span><em>05_Manage the basket / Flow to NS Bank</em></span></p>\n', 'Flow from NX Pet Shop', 'nf', '2011-05-24 14:48:57.0', 'nf', '2011-05-24 15:27:13.0', 2), 
 (133, null, '<p>\n\tThis module is designed to :</p>\n<ul>\n\t<li>\n\t\t<span><strong>List all the payments</strong></span> made for the NX Pet Shop.</li>\n</ul>\n', 'List all payments', 'nf', '2011-05-24 14:48:57.0', 'nf', '2011-05-24 15:27:22.0', 2), 
 (134, null, '<p>\n\tTo get back to the Authorisation screen, click on :</p>\n<ul>\n\t<li>\n\t\tthe parrot icon.</li>\n\t<li>\n\t\tthe JPetStore in the upper banner.</li>\n</ul>\n', 'Navigation', 'nf', '2011-05-24 14:48:57.0', 'nf', '2011-05-24 15:27:25.0', 2), 
 (135, null, '<table border=\"0\" cellpadding=\"0\" cellspacing=\"0\" width=\"700\">\n\t<colgroup>\n\t\t<col />\n\t\t<col />\n\t\t<col />\n\t\t<col />\n\t\t<col />\n\t\t<col />\n\t\t<col />\n\t\t<col />\n\t</colgroup>\n\t<tbody>\n\t\t<tr height=\"20\">\n\t\t\t<td height=\"20\">\n\t\t\t\t<strong><span>ORDER ID</span></strong></td>\n\t\t\t<td>\n\t\t\t\t<strong><span>DATE</span></strong></td>\n\t\t\t<td>\n\t\t\t\t<strong><span>ITEM ID</span></strong></td>\n\t\t\t<td>\n\t\t\t\t<strong><span>TOTAL COST</span></strong></td>\n\t\t\t<td>\n\t\t\t\t<strong><span>CARD NUMBER</span></strong></td>\n\t\t\t<td>\n\t\t\t\t<strong><span>EXPIRY DATE</span></strong></td>\n\t\t\t<td>\n\t\t\t\t<strong><span>CHECK</span></strong></td>\n\t\t\t<td>\n\t\t\t\t<strong><span>REASON</span></strong></td>\n\t\t</tr>\n\t\t<tr height=\"25\">\n\t\t\t<td height=\"25\">\n\t\t\t\t1003</td>\n\t\t\t<td>\n\t\t\t\t18/05/2011 12:00</td>\n\t\t\t<td>\n\t\t\t\tEST-4</td>\n\t\t\t<td>\n\t\t\t\t$ 18,50</td>\n\t\t\t<td>\n\t\t\t\t99999999999999</td>\n\t\t\t<td>\n\t\t\t\tmars-11</td>\n\t\t\t<td>\n\t\t\t\t+</td>\n\t\t\t<td>\n\t\t\t\t</td>\n\t\t</tr>\n\t\t<tr height=\"20\">\n\t\t\t<td height=\"20\">\n\t\t\t\t1005</td>\n\t\t\t<td>\n\t\t\t\t17/05/2011 12:00</td>\n\t\t\t<td>\n\t\t\t\tEST-6</td>\n\t\t\t<td>\n\t\t\t\t$ 52</td>\n\t\t\t<td>\n\t\t\t\t<u><strong><span>100000000000007</span></strong></u></td>\n\t\t\t<td>\n\t\t\t\tfvr.-11</td>\n\t\t\t<td>\n\t\t\t\tX</td>\n\t\t\t<td>\n\t\t\t\t<span><u><strong>invalid card number</strong></u></span></td>\n\t\t</tr>\n\t\t<tr height=\"20\">\n\t\t\t<td height=\"20\">\n\t\t\t\t1006</td>\n\t\t\t<td>\n\t\t\t\t<u><strong><span>16/05/2011 12:00</span></strong></u></td>\n\t\t\t<td>\n\t\t\t\tEST-7</td>\n\t\t\t<td>\n\t\t\t\t$ 16</td>\n\t\t\t<td>\n\t\t\t\t99999999999996</td>\n\t\t\t<td>\n\t\t\t\t<u><strong><span>sept.-10</span></strong></u></td>\n\t\t\t<td>\n\t\t\t\tX</td>\n\t\t\t<td>\n\t\t\t\t<u><strong><span>date expires</span></strong></u></td>\n\t\t</tr>\n\t\t<tr height=\"20\">\n\t\t\t<td height=\"20\">\n\t\t\t\t<u><strong><span>1007</span></strong></u></td>\n\t\t\t<td>\n\t\t\t\t<u><strong><span>19/05/2011 12:00</span></strong></u></td>\n\t\t\t<td>\n\t\t\t\t<u><strong><span>EST-8</span></strong></u></td>\n\t\t\t<td>\n\t\t\t\t<u><strong><span>$ 184</span></strong></u></td>\n\t\t\t<td>\n\t\t\t\t<u><strong><span>99999999999995</span></strong></u></td>\n\t\t\t<td>\n\t\t\t\t<u><strong><span>janv.-11</span></strong></u></td>\n\t\t\t<td>\n\t\t\t\t<u><strong><span></span></strong></u></td>\n\t\t\t<td>\n\t\t\t\t<u><strong><span>-</span></strong></u></td>\n\t\t</tr>\n\t</tbody>\n</table>', 'Column format', 'nf', '2011-05-24 14:48:57.0', 'nf', '2011-05-24 15:27:08.0', 2), 
 (136, null, '<p>\n\tThe <strong>Banker</strong> initiates a check by clicking on the <span><span><strong>+</strong></span></span> button.</p>\n', 'Initiate a check', 'nf', '2011-05-24 14:48:57.0', 'nf', '2011-05-24 15:27:15.0', 2), 
 (137, null, '<p>\n\tThis module is designed to :</p>\n<ul>\n\t<li>\n\t\tCheck if a <span><strong>card number</strong></span> is <span><strong>valid</strong></span>.</li>\n</ul>\n<p>\n\tIf it fails, this icon appears :</p>\n<ul>\n\t<li>\n\t\t<strong><span>X</span></strong> for failed check.</li>\n</ul>\n<p>\n\tand a text is displayed in the reason column :</p>\n<ul>\n\t<li>\n\t\t<u>Card number fails :</u> <span>invalid card number</span></li>\n</ul>\n', 'Check number', 'nf', '2011-05-24 14:48:57.0', 'nf', '2011-05-24 15:27:00.0', 2), 
 (138, null, '<p>\n\tThis module is designed to :</p>\n<ul>\n\t<li>\n\t\tCheck if the <span><strong>expire date</strong></span> of a card has been <span><strong>reached</strong></span>.</li>\n</ul>\n<p>\n\tIf it fails, this icon appears :</p>\n<ul>\n\t<li>\n\t\t<strong><span>X</span></strong> for failed check.</li>\n</ul>\n<p>\n\tand a text is displayed in the reason column :</p>\n<ul>\n\t<li>\n\t\t<u>Date fails :</u> <span>date expires</span></li>\n</ul>\n', 'Check date', 'nf', '2011-05-24 14:48:57.0', 'nf', '2011-05-24 15:26:54.0', 2), 
 (139, null, '<p>\n\tThe graphic interface of this screen is composed by <strong><em>five </em>(5)</strong> elements :</p>\n<ol>\n\t<li>\n\t\t A banner with label J<span>PetStore Bank</span></li>\n\t<li>\n\t\t A sub banner with label <span>All payments</span></li>\n\t<li>\n\t\t A text <span>Card data checked</span> may appears during the time needed for a payment check.</li>\n\t<li>\n\t\t A table where all payments appears</li>\n\t<li>\n\t\t The titles for the columns are :</li>\n</ol>\n<ul>\n\t<li>\n\t\tOrder ID</li>\n\t<li>\n\t\tDate</li>\n\t<li>\n\t\tItem ID</li>\n\t<li>\n\t\tTotal Cost</li>\n\t<li>\n\t\tCard number</li>\n\t<li>\n\t\tExpiry date</li>\n\t<li>\n\t\tCheck <span><span>= by default, at the first connection the button + appears in all payments.</span></span></li>\n\t<li>\n\t\tReason <span><span>= by default, at the first connection the reason is empty.</span></span></li>\n</ul>\n', 'Interface', 'nf', '2011-05-24 14:48:57.0', 'nf', '2011-05-24 15:27:18.0', 2), 
 (140, null, '', '1_Access', 'nf', '2011-05-24 14:49:26.0', 'nf', '2011-05-24 14:49:26.0', 1), 
 (141, null, '<p>\n\tThe graphic interface of the <span>Welcome</span> screen is composed by <em><span>eight </span></em><strong>(8) </strong>elements :</p>\n<ol>\n\t<li>\n\t\tA banner with label <span>JPetStore Demo</span></li>\n\t<li>\n\t\tA <span>Cart</span> icon <img alt=\"\" src=\"data:image/pnbase64,iVBORw0KGgoAAAANSUhEUgAAADIAAAAxCAIAAAAXyW1IAAAH6klEQVRYhc2Z+1NT1xbHT2geJCE8IgYkgSSEPElyHuHkxUlIBELCKwXCIxJJcpCH4RAsCqhABQR8gmin0CoiUdQWtfUHx96ZO3ectj/cuXZGnYLXTn+6dTrX8b+4P4RhBE6DoleY+fy0Z518vzNZa++11wYAnW6nIXG7gbTS0p2GobkZAHF8p1HW1weIamp2GtZQCIjPz99pqOrqgG1PcPKU33YT5LbYVutOQ+P1ApK6up2GvbMTUPv9HxlTq6+k01txqKHiUIMr7M1v9WnWBrh6eoDUkpKPTNmB/NMntZEpZWRKOXVK7Wk3p7nWBKDB4DakvA8X/jjD/O8i5T+3436aYTa3ZlJRZPsrMWrrl1nG9DC3uTVTV6GIy9tQidtl6/4kp6Ixm4oi6zyt2OK5XBtJL3Xl16P7W7Lb2jM/OP19kounVEcH8mx+G6m6HscBbTC4ERj3Hx00PvoqeWme9sG5cl7e1FteENqPtvhJ1cv6+gCxx7MRaW11f7/21+usZ3P0O+cTp4e478/cWMpPXzFfLVKunBEXNReT6kYp6OgAmBi2kURrfleX+Nk1xncTnEZcqHKp3h9LjWxqMPXlN3GXhtLhTxFS3Si59fXkKU9DkVBI8GSOHhlPxqplCSZI4VQVeKSS4ly6HuFZtUiFAq1UpNu0VBQRFamxapnKpUo0Q4lmSOVSYdUyUZGaiiLpNi1aqUAqFDyrNq1AO3A4/Y/bcZODqUqnKkZN/GUlrrMlLFQfPCi4dSbJhwtTMNBcJRvt453r3233SFlGuNYvnh9PPtTJlzpypY7cQ538+fHkWr+IZYTtHum5/t2jfTxzlezdbLEslo0kFWBdXdnPrjGitsRF6u5wxoOphObWTC4GWmukFwZTp4e5jvoctgn24cJ75znHuvconCqFU3Wse8+98xwfLmSbYEd9zvQw98JgqrVGumrr0nA6UoWQ6kZRNzQA2bW1G5HV1QwMaH+9zoraSjRDULmivDFb5VLFG2C+XWOpltk80qy9GhqKyEtyXV6JrlKRgoEpGKirVLi8EnmJioYiWXs1No/UUi3j2zWrtq6cFRcfcJDqRrERBKAJBDYCBZt6Bwx/n06ZHua6vJK0Ai3bBFPydBwztMem2WUBGXqErke4GJhh1ySaobg8HcsI86xanlXLMsJxebpEM5Rh13AxkK5HGHpklwXUlimPd6f/83L8hTGlq+NTUt0opb29wG6ncyNpLqexDvXikjDB//xI+qFOPuqW0/SIzSM93p2+DxeKitR8u6bWLxrqSSuuz2GbYKhcGQoJQiEBVK5km+Di+pyhnrRav4hv14iK1Ptw4Wgf70hXxoG2zKJ9WkmlnVQ3yuZHtcsr+W6C8+MM04cLmUY4FBL8MsuYHuKilXJ1qXJiIHVpnnY4nMHFQLcv+/4k5/4kx+3L5mLg4XDG0jxtYiBVXao0uOWzoylL87QwwWca4U1Pp83PxDdt0VDE4JaHQoLKxmyBXZNWoHV5JWGCj1XLmEZY6VT5cKEPFyqdKqYRxqplYYIfTYD/ry1Ap6OiSLwBpuuRuDxdXJ6OrkeYRpiGIhSd7hMUYRhghgH+BEUoOh0NRZjGlcit2IrxH+92Om1NBf2DyBenFMd6JXhr1tYY6U37x5es59cZx/pkWeWO2IoruRWjIjSBgP5A096OxkBf2eVz8idX6VvjeYT2x+24FzeZ46O6vGZfbMWVSoyxf6xi2O/q+Ex9+WTK1rg3wXk6R//3jfihzzWqhqpN5WwEQb7LryPFZhY5YLBMuTUaceHd84nLEfqRz0S79uZvKqduaHir7pRtgqWOXEu1bGu0tmfen+R8yEqMkrVX09qe+c3ZxK3xt0vs5Qjt3WzF6HuYGJZq02c7QEeD7Nyg4F/XuFGWFxJefkv9c5H6fCFhdZGU5wsJfy5SX35LXV5IeDjNa+5QpNjyYyuu9FsxukSxx1OMFxztkUwN8UeGwJ4T9iizk+onkaSlG5zIlHJ1kZTIlHLpBudJJGl2Ut3ZX+hsL8uprYmtuNKdknbT2mDQ2OovJHzdg/bvv+A//HJ3+LgFDAZNbf5CwjcwYvn5Ku/xPPfkqLmI8JnbmiB8zbcQHjS3NRURvpOj5sfz3J+v8gZGLIWEz9TmB/9Cbn0vT3r32FPmqm63nB2Dzo4ojnSLvc05+jqjoNzpOYhNnIIezGS9uMn+/Rbzh68Fl86AXiJf7C5583Oxu8RL5F86A/7wteD3W8wXN9kPZrImTkGeg5ig3EmquP7mQ5p0VBRpaxc8nmVcHU0xV8mii0wjTHTwn87RXy1SXt8BXt8FXi1SfrtB7enK4GLgm59zMbCnK+O3G9RXi5TXd4HXd4BXi5Snc3Si4/0qMS4PMbjlHR0CT5NYWKiOLtJQxFQlDxP8a2PJz+boyxHawumkw+EMa42UtVaMZYStNdLD4YyF00nLEdqzOfq1seQwwTdVyWlr7/XvvEHQ9UiCCWIZ4dUBAUWnY+gRjhmqD4geXmQ/mmYGWrI4ZohhgClrb8aUPB3DAHPMUKAl69E08+FFdn1AxDFDDD1CeYv9SOJ2b2ViUxiwDJ2AxkZAF47FjnTh2NgIOHQCKgxY3v730WBwK/MtQ4uvmPA6CK+xxRc70tjicxDeYsJr2Cxy/Xxr22d/5NPAbZ+Uks9O3+ZM/Mjs4AH4tr9ZkL9ibPsLD/mbT2F3905j//j4/wA7uwJ439+SUgAAAABJRU5ErkJggg==\" /></li>\n\t<li>\n\t\tA <span>Sign-in</span> link = switch to <span>Sign-out</span> when a user has loged in.</li>\n\t<li>\n\t\tA <span>?</span> link</li>\n\t<li>\n\t\tA text field and a link <span>Search</span></li>\n\t<li>\n\t\tA horizontal link bar <span>Fish / Dogs / Reptiles / Cats / Birds</span></li>\n\t<li>\n\t\tA vertical menu with <span>Fish / Dogs / Reptiles / Cats / Birds</span></li>\n\t<li>\n\t\tA central parrot image - link</li>\n</ol>\n', 'Interface - Welcome', 'nf', '2011-05-24 14:49:26.0', 'nf', '2011-05-24 15:27:53.0', 1), 
 (142, null, '<p>\n\tUsing an unallowed password returns an <span>error message</span> :</p>\n<p>\n\t</p>\n<p>\n\t<strong><span>Error!</span></strong></p>\n<p>\n\t<strong><span>Invalid username or password. Signon failed.</span></strong></p>\n', 'Wrong password', 'nf', '2011-05-24 14:49:26.0', 'nf', '2011-05-24 15:27:40.0', 1), 
 (143, null, '<p>\n\tThe graphic interface of the <span>Welcome</span> screen is composed by <em><span>eight </span></em><strong>(8) </strong>elements :</p>\n<ol>\n\t<li>\n\t\tA text <span>Welcome ...</span></li>\n\t<li>\n\t\tA <span>Sign-out</span> when a user has loged in.</li>\n\t<li>\n\t\tA <span>MyAccount</span> link</li>\n</ol>\n', 'Interface - Homepage', 'nf', '2011-05-24 14:49:26.0', 'nf', '2011-05-24 15:27:48.0', 1), 
 (144, null, '<p>\n\tThe graphic interface of the Authorisation screen is composed by <em><span>eight </span></em><strong>(8) </strong>elements :</p>\n<ol>\n\t<li>\n\t\tA text : <span>Please enter your username and password.</span></li>\n\t<li>\n\t\tA text box with label <span>Username</span><span>:</span></li>\n\t<li>\n\t\tA text box with label <span>Password :</span></li>\n\t<li>\n\t\tA button <span>SUBMIT</span></li>\n\t<li>\n\t\tA button <span>REGISTER NOW</span></li>\n</ol>\n', 'Interface - Authorisation', 'nf', '2011-05-24 14:49:26.0', 'nf', '2011-05-24 15:27:44.0', 1), 
 (145, null, '<p>\n\t<span><strong><u>NX Pet Shop</u></strong> </span>should be accessible through :</p>\n<ul>\n\t<li>\n\t\tFirefox 4.0.x</li>\n\t<li>\n\t\tInternet Explorer 7.0.x</li>\n</ul>\n<p>\n\tOther browser or older versions are <span>NOT</span> allowed.</p>\n', 'Browser', 'nf', '2011-05-24 14:49:26.0', 'nf', '2011-05-24 15:27:35.0', 1), 
 (146, null, '<p>\n\t<span class=\"short_text\" id=\"result_box\" lang=\"en\"><span class=\"hps\" title=\"Cliquer ici pour voir d''autres traductions\">A</span> <span class=\"hps\" title=\"Cliquer ici pour voir d''autres traductions\">click</span> <span class=\"hps\" title=\"Cliquer ici pour voir d''autres traductions\">on</span> <span class=\"hps\" title=\"Cliquer ici pour voir d''autres traductions\">the</span> <span>REGISTER</span> <span class=\"hps\" title=\"Cliquer ici pour voir d''autres traductions\">button</span> <span class=\"hps\" title=\"Cliquer ici pour voir d''autres traductions\">will open</span> <span class=\"hps\" title=\"Cliquer ici pour voir d''autres traductions\">a</span> <span class=\"hps\" title=\"Cliquer ici pour voir d''autres traductions\">form page.</span></span></p>\n', 'Opening a page form', 'nf', '2011-05-24 14:49:26.0', 'nf', '2011-05-24 15:28:17.0', 1), 
 (147, null, '<p>\n\tClicking on :</p>\n<ol>\n\t<li>\n\t\twith the default user login : the SUBMIT button sends to the <span>Homepage</span> screen.</li>\n\t<li>\n\t\twith a new user login : the REGISTER NOW button sends to the <span>User information</span> screen.</li>\n</ol>\n', 'Navigation - Authorisation', 'nf', '2011-05-24 14:49:26.0', 'nf', '2011-05-24 15:28:05.0', 1), 
 (148, null, '<p>\n\tClicking on :</p>\n<ol>\n\t<li>\n\t\t<span>Sign-out</span> sends back to the <span>Welcome</span> screen.</li>\n</ol>\n', 'Navigation - Homepage', 'nf', '2011-05-24 14:49:26.0', 'nf', '2011-05-24 15:28:09.0', 1), 
 (149, null, '<p>\n\tClicking on :</p>\n<ol>\n\t<li>\n\t\tthe horizontal link bar sends to the <span>Catalogue</span> screen.</li>\n\t<li>\n\t\the menu sends to each animal <span>Catalogue</span> screen.</li>\n\t<li>\n\t\tthe parrot sends to each animal <span>Catalogue</span> screen.</li>\n\t<li>\n\t\tthe cart sends to the Cart screen.</li>\n\t<li>\n\t\tthe <span>Sign-in</span> link sends to the <span>Authorisation</span> screen.</li>\n\t<li>\n\t\tSearch with a name written down in the text field sends to the <span>Detailed Catalogue</span> screen.</li>\n\t<li>\n\t\tthe ? sends to the Help screen.</li>\n</ol>\n', 'Navigation - Welcome', 'nf', '2011-05-24 14:49:26.0', 'nf', '2011-05-24 15:28:12.0', 1), 
 (150, null, '<p>\n\t<span id=\"result_box\" lang=\"en\"><span class=\"hps\" title=\"Cliquer ici pour voir d''autres traductions\"><span>MyAccount</span></span> link <span class=\"hps\" title=\"Cliquer ici pour voir d''autres traductions\">is not</span> <span class=\"hps\" title=\"Cliquer ici pour voir d''autres traductions\">accessible</span> <span class=\"hps\" title=\"Cliquer ici pour voir d''autres traductions\">directly</span> <span class=\"hps\" title=\"Cliquer ici pour voir d''autres traductions\">from</span> <span class=\"hps\" title=\"Cliquer ici pour voir d''autres traductions\">the homepage</span></span></p>\n', 'MyAccount Link', 'nf', '2011-05-24 14:49:26.0', 'nf', '2011-05-24 15:28:00.0', 1);

Insert into REQUIREMENT_LIBRARY_NODE(RLN_ID, DELETED_ON, DESCRIPTION, NAME, CREATED_BY, CREATED_ON, LAST_MODIFIED_BY, LAST_MODIFIED_ON, PROJECT_ID) values 
 (151, null, '', '2_Create an account', 'nf', '2011-05-24 14:49:26.0', 'nf', '2011-05-24 14:49:26.0', 1), 
 (152, null, '<p>\n\tThe graphic interface of the New user form screen is composed by <em><span>twenty two </span></em><strong>(22) </strong>elements :</p>\n<ol>\n\t<li>\n\t\tA block with label <span>User information</span></li>\n\t<li>\n\t\tInside it : a text box with label <span>User ID :</span></li>\n\t<li>\n\t\tInside it : a text box with label <span>New password :</span></li>\n\t<li>\n\t\tInside it : a text box with label <span>Repeat password :</span></li>\n\t<li>\n\t\tA block with label <span>Account </span><span>information</span></li>\n\t<li>\n\t\tInside it : a text box with label <span>First name :</span></li>\n\t<li>\n\t\tInside it : a text box with label <span>Last name :</span></li>\n\t<li>\n\t\tInside it : a text box with label <span>Email :</span></li>\n\t<li>\n\t\tInside it : a text box with label <span>Phone :</span></li>\n\t<li>\n\t\tInside it : a text box with label <span>Address 1 :</span></li>\n\t<li>\n\t\tInside it : a text box with label <span>Address 2 :</span></li>\n\t<li>\n\t\tInside it : a text box with label <span>City :</span></li>\n\t<li>\n\t\tInside it : a text box with label <span>State :</span></li>\n\t<li>\n\t\tInside it : a text box with label <span>Zip :</span></li>\n\t<li>\n\t\tInside it : a text box with label <span>Country :</span></li>\n\t<li>\n\t\tA block with label <span>Profile Information</span></li>\n\t<li>\n\t\tInside it : one combo box labelled <span>Language Preference :</span></li>\n\t<li>\n\t\tInside it : one combo box labelled <span>Favorite category :</span></li>\n\t<li>\n\t\tInside it : one checkbox labelled <span>Enable MyList</span></li>\n\t<li>\n\t\tInside it : one checkbox labelled <span>Enable MyBanner</span></li>\n\t<li>\n\t\tA button <span>SUBMIT</span></li>\n\t<li>\n\t\tA link <span>My order</span></li>\n</ol>\n', 'Interface - New user form', 'nf', '2011-05-24 14:49:26.0', 'nf', '2011-05-24 15:28:29.0', 1), 
 (153, null, '<p>\n\tThe combo box <span>Favourite category</span> contains five pet categories :</p>\n<ol>\n\t<li>\n\t\tbirds</li>\n\t<li>\n\t\tcats</li>\n\t<li>\n\t\tdogs</li>\n\t<li>\n\t\tfish</li>\n\t<li>\n\t\treptiles</li>\n</ol>\n', 'Favourite category', 'nf', '2011-05-24 14:49:26.0', 'nf', '2011-05-24 15:28:25.0', 1), 
 (154, null, '<p>\n\tExcept the password, <span><strong>NO CONTROL</strong></span> are allowed on this form.</p>\n', 'Control', 'nf', '2011-05-24 14:49:26.0', 'nf', '2011-05-24 15:28:22.0', 1), 
 (155, null, '<p>\n\tThe combo box <span>Language Preference :</span> contains two languages :</p>\n<ol>\n\t<li>\n\t\tEnglish</li>\n\t<li>\n\t\tJapanese</li>\n</ol>\n', 'Language available', 'nf', '2011-05-24 14:49:26.0', 'guest_tpl', '2011-06-14 14:53:07.0', 1), 
 (156, null, '', '3_Modify an account', 'nf', '2011-05-24 14:49:26.0', 'nf', '2011-05-24 14:49:26.0', 1), 
 (157, null, '<p>\n\tThe repeat password <span><strong>MUST </strong></span>be the same than the new password.</p>\n', 'New - repeat password', 'nf', '2011-05-24 14:49:26.0', 'nf', '2011-05-24 15:28:36.0', 1), 
 (158, null, '', '4_Search into the catalogue', 'nf', '2011-05-24 14:49:26.0', 'nf', '2011-05-24 14:49:26.0', 1), 
 (159, null, '<p>\n\tThe graphic interface of the Pet catalogue screen is composed by <em><span>twenty two </span></em><strong>(22) </strong>elements :</p>\n<ol>\n\t<li>\n\t\tA link Main Menu</li>\n\t<li>\n\t\tThe screen title by the name of the pet (ie : <span>Dogs</span>)</li>\n\t<li>\n\t\tA table :</li>\n\t<li>\n\t\tInside it : two columns labeled <span>Product ID</span> and <span>Name</span></li>\n\t<li>\n\t\tInside it : each product id is a link.</li>\n\t<li>\n\t\tAt the bottom of the table : a link Next</li>\n</ol>\n', 'Interface - Pet catalogue', 'nf', '2011-05-24 14:49:26.0', 'nf', '2011-05-24 15:30:05.0', 1), 
 (160, null, '<p>\n\tClicking on :</p>\n<ol>\n\t<li>\n\t\t<span>Main Menu</span> sends back to the <span>Homepage</span> screen.</li>\n\t<li>\n\t\t<span>Next</span> displays the following part of the table (if necessary).</li>\n\t<li>\n\t\tthe product id sends to the <span>Detailed Pet</span> screen.</li>\n</ol>\n', 'Navigation - Pet catalogue', 'nf', '2011-05-24 14:49:26.0', 'nf', '2011-05-24 15:30:08.0', 1), 
 (161, null, '<p>\n\tThe format of this id should be :</p>\n<ol>\n\t<li>\n\t\tCode letters of the kind of pet : ie FI for FISH</li>\n\t<li>\n\t\tCode letters of the size of the pet : ie SW for SMALL</li>\n\t<li>\n\t\t# : ie 1,2,3...</li>\n</ol>\n', 'Product ID format', 'nf', '2011-05-24 14:49:26.0', 'nf', '2011-05-24 15:30:11.0', 1), 
 (162, null, '', '5_Manage the basket', 'nf', '2011-05-24 14:49:26.0', 'nf', '2011-05-24 14:49:26.0', 1), 
 (163, null, '<p>\n\tOnce a <strong>User</strong> validate a command (<u><em>ie :</em></u> buy a pet in the store), a flow feeds the <span><u><strong>NX Bank</strong></u></span> database with the order and card informations.</p>\n<p>\n\t</p>\n<p>\n\tIn details :</p>\n<ol>\n\t<li>\n\t\tORDER ID</li>\n\t<li>\n\t\tDATE</li>\n\t<li>\n\t\tITEM ID</li>\n\t<li>\n\t\tTOTAL COST</li>\n\t<li>\n\t\tCARD NUMBER</li>\n\t<li>\n\t\tEXPIRY DATE</li>\n</ol>\n<p>\n\t<u>Note :</u> <em>For further details, check the requirements of NX Bank :</em></p>\n<p>\n\t</p>\n<p>\n\t<span><em>02_Verify a payment</em></span><span><em> / Flow from NX Pet Shop</em></span></p>\n', 'Flow to NX Bank', 'nf', '2011-05-24 14:49:26.0', 'nf', '2011-05-24 15:30:15.0', 1), 
 (164, null, '', '6_Free search', 'nf', '2011-05-24 14:49:32.0', 'nf', '2011-05-24 14:49:32.0', 1), 
 (165, null, '<p>\n\tThe text box labelled <span>Search</span> in the right upper part is editable.</p>\n<p>\n\t</p>\n', 'Editable text box', 'nf', '2011-05-24 14:49:32.0', 'nf', '2011-05-24 14:52:37.0', 1), 
 (166, null, '<p>\n\tThe user initiate a search :</p>\n<ol>\n\t<li>\n\t\tWith something written down in the text box.</li>\n\t<li>\n\t\tBy clicking on <span>Search</span> OR hitting <span>Enter</span>. If the text box is empty, nothing happens.</li>\n</ol>\n', 'Initiate a search', 'nf', '2011-05-24 14:49:32.0', 'nf', '2011-05-24 15:30:23.0', 1), 
 (167, null, '', '01_Access', 'nf', '2011-05-24 14:49:45.0', 'nf', '2011-05-24 14:49:45.0', 3), 
 (168, null, '', '02_Create an account', 'nf', '2011-05-24 14:49:45.0', 'nf', '2011-05-24 14:49:45.0', 3), 
 (169, '2011-05-24 14:54:17.0', '<p>\n\tThe graphic interface of this screen is composed by <em><span>five</span></em><strong> (5) </strong>elements :</p>\n<ol>\n\t<li>\n\t\tA banner with label <span>JPetStore Bank</span></li>\n\t<li>\n\t\tA label <span>Please enter your login and password.</span></li>\n\t<li>\n\t\tA text box with label <span>Login :</span></li>\n\t<li>\n\t\tA text box with label <span>Password :</span></li>\n\t<li>\n\t\tA button <span>VALIDATE</span></li>\n</ol>\n', 'Interface', 'nf', '2011-05-24 14:54:01.0', 'nf', '2011-05-24 14:54:01.0', 3), 
 (170, '2011-05-24 14:54:17.0', '<p>\n\tA <strong>banker</strong> must enter his login and password then click on <span>VALIDATE</span> to enter <span _fck_bookmark=\"1\"></span><u><strong><span><span><span _fck_bookmark=\"1\"></span></span></span></strong></u><span><span _fck_bookmark=\"1\"></span><span _fck_bookmark=\"1\"> </span><strong><u>NX Bank</u></strong></span>.</p>\n', 'Navigation', 'nf', '2011-05-24 14:54:01.0', 'nf', '2011-05-24 14:54:01.0', 3), 
 (171, null, '<p>\n\tThe graphic interface of this screen is composed by <em><span>five</span></em><strong> (5) </strong>elements :</p>\n<ol>\n\t<li>\n\t\tA banner with label <span>JPetStore Back Office</span></li>\n\t<li>\n\t\tA label <span>Please enter your login and password.</span></li>\n\t<li>\n\t\tA text box with label <span>Login :</span></li>\n\t<li>\n\t\tA text box with label <span>Password :</span></li>\n\t<li>\n\t\tA button <span>VALIDATE</span></li>\n</ol>\n', 'Interface', 'nf', '2011-05-24 14:54:07.0', 'nf', '2011-05-24 15:30:27.0', 3), 
 (172, null, '<p>\n\tAn <strong>Admin</strong> must enter his login and password then click on <span>VALIDATE</span> to enter <span _fck_bookmark=\"1\"></span><u><strong><span><span><span _fck_bookmark=\"1\"></span></span></span></strong></u><span><span _fck_bookmark=\"1\"></span><span _fck_bookmark=\"1\"> </span><strong><u>NX Pet Shop Back Office</u></strong></span>.</p>\n', 'Navigation', 'nf', '2011-05-24 14:54:07.0', 'nf', '2011-05-24 15:30:30.0', 3), 
 (173, null, '<p>\n\tThe graphic interface of the New user form screen is composed by <em><span>twelve </span></em><strong>(12) </strong>elements :</p>\n<ol>\n\t<li>\n\t\tA block with label <span>User information</span></li>\n\t<li>\n\t\tInside it : a text box with label <span>User ID :</span></li>\n\t<li>\n\t\tInside it : a text box with label <span>New password :</span></li>\n\t<li>\n\t\tInside it : a text box with label <span>Repeat password :</span></li>\n\t<li>\n\t\tA block with label <span>Account </span><span>information</span></li>\n\t<li>\n\t\tInside it : a text box with label <span>First name :</span></li>\n\t<li>\n\t\tInside it : a text box with label <span>Last name :</span></li>\n\t<li>\n\t\tInside it : a text box with label <span>Email :</span></li>\n\t<li>\n\t\tA block with label <span>Profile Information</span></li>\n\t<li>\n\t\tInside it : one combo box labelled <span>Profile :</span></li>\n\t<li>\n\t\tInside it : one combo box labelled <span>Favorite category :</span></li>\n\t<li>\n\t\tA button <span>SUBMIT</span></li>\n</ol>\n', 'Interface - New profile form', 'nf', '2011-05-24 15:03:51.0', 'nf', '2011-05-24 15:30:35.0', 3), 
 (174, null, '<p>\n\tThe combo box <span>Profile :</span> contains two profiles:</p>\n<ol>\n\t<li>\n\t\tbanker</li>\n\t<li>\n\t\tadministrator</li>\n</ol>\n', 'Profile available', 'nf', '2011-05-24 15:23:41.0', 'nf', '2011-05-24 15:30:51.0', 3), 
 (175, null, '', '01 - Bibliothèque de modèles', 'guest_tpl', '2011-05-30 13:54:51.0', 'guest_tpl', '2011-05-30 13:58:48.0', 4), 
 (176, null, '<p>\n\tLa bibliothque doit contenir tous les modles dactes</p>\n', 'La bibliothèque doit contenir tous les modèles d''actes', 'guest_tpl', '2011-05-30 13:58:31.0', null, null, 4), 
 (177, null, '<table border=\"0\" cellpadding=\"0\" cellspacing=\"0\" width=\"172\">\n\t<colgroup>\n\t\t<col width=\"172\" />\n\t</colgroup>\n\t<tbody>\n\t\t<tr height=\"41\">\n\t\t\t<td class=\"xl63\" height=\"41\" width=\"172\">\n\t\t\t\tLes modles dactes ne peuvent tre modifis</td>\n\t\t</tr>\n\t</tbody>\n</table>\n<p>\n\t</p>\n', 'Les modèles dactes ne peuvent être modifiés', 'guest_tpl', '2011-05-31 07:50:11.0', null, null, 4), 
 (178, null, '<table border=\"0\" cellpadding=\"0\" cellspacing=\"0\" width=\"172\">\n\t<colgroup>\n\t\t<col width=\"172\" />\n\t</colgroup>\n\t<tbody>\n\t\t<tr height=\"41\">\n\t\t\t<td class=\"xl63\" height=\"41\" width=\"172\">\n\t\t\t\tLes modles dactes ne peuvent tre modifis</td>\n\t\t</tr>\n\t</tbody>\n</table>\n<p>\n\t</p>\n', 'Les modèles dactes ne peuvent être modifiés', 'guest_tpl', '2011-05-31 08:04:45.0', null, null, 4), 
 (179, null, '<table border=\"0\" cellpadding=\"0\" cellspacing=\"0\" width=\"172\">\n\t<colgroup>\n\t\t<col width=\"172\" />\n\t</colgroup>\n\t<tbody>\n\t\t<tr height=\"41\">\n\t\t\t<td class=\"xl63\" height=\"41\" width=\"172\">\n\t\t\t\tLes modles dactes ne peuvent tre modifis</td>\n\t\t</tr>\n\t</tbody>\n</table>\n<p>\n\t</p>\n', 'Les modèles dactes ne peuvent être modifiés', 'guest_tpl', '2011-05-31 08:04:55.0', 'guest_tpl', '2011-05-31 09:25:33.0', 4), 
 (180, null, '', 'test', 'guest_tpl', '2011-06-09 12:05:38.0', null, null, 5), 
 (181, null, '<p>\n\thqeheqh</p>\n', 'testreq', 'guest_tpl', '2011-06-20 10:15:40.0', 'guest_tpl', '2011-06-20 12:26:03.0', 5);

Insert into CAMPAIGN_LIBRARY_NODE(CLN_ID, DELETED_ON, DESCRIPTION, NAME, CREATED_BY, CREATED_ON, LAST_MODIFIED_ON, LAST_MODIFIED_BY, PROJECT_ID) values 
 (1, '2011-05-13 15:14:28.0', '', 'new_camp', 'nf', '2011-05-13 10:44:47.0', null, null, 1), 
 (2, null, '', 'Test NX Bank v1.0', 'anonymousUser', '2011-05-17 13:31:08.0', '2011-05-24 11:57:20.0', 'nf', 2), 
 (3, null, '', 'Test NX Pet Store v1.0', 'anonymousUser', '2011-05-17 13:31:17.0', '2011-05-25 09:33:42.0', 'nf', 1), 
 (4, null, '', 'Test NX Pet Store Back v1.0', 'anonymousUser', '2011-05-17 13:31:27.0', '2011-05-25 09:33:53.0', 'nf', 3), 
 (5, null, '<p>\n\tQualification of <span><u><strong>NX Bank</strong></u></span> v1.0</p>\n<p>\n\t</p>\n<p>\n\tThis includes :</p>\n<ul>\n\t<li>\n\t\tthe ability for the <strong>Banker</strong> profile to connect.</li>\n\t<li>\n\t\tthe ability for the <strong>Banker</strong> to check a payment made on <span><u><strong>NX Pet Shop</strong></u></span> v1.0.</li>\n</ul>\n', 'Test main features for NX Bank v1.0', 'nf', '2011-05-19 13:31:52.0', '2011-05-25 09:34:10.0', 'nf', 2), 
 (6, null, '<p>\n\ts</p>\n', 'test', 'guest_t1', '2011-05-25 08:08:13.0', null, null, 5), 
 (7, null, '<p>\n\t<a href=\"http://www.google.fr\">http://www.google.fr</a></p>\n', 'test', 'guest_t1', '2011-05-25 08:08:25.0', '2011-06-22 12:11:39.0', 'guest_tpl', 5), 
 (8, null, '<p>\n\tQualification of <span><u><strong>NX Pet Store</strong></u></span> v1.0</p>\n', 'Test main features for NX Pet Store', 'nf', '2011-05-25 09:33:31.0', '2011-05-25 09:35:42.0', 'nf', 1), 
 (9, null, '<p>\n\tQualification of <span><u><strong>NX Pet Store Back Office</strong></u></span> v1.0</p>\n', 'Test main features for NX Pet Store Back v1.0', 'nf', '2011-05-25 09:34:33.0', '2011-05-25 09:37:18.0', 'nf', 3), 
 (10, null, '', 'Campagnes de pré-qualif', 'guest_tpl', '2011-05-30 14:27:44.0', null, null, 4), 
 (11, null, '', 'Livraison 1.1', 'guest_tpl', '2011-05-30 14:27:57.0', null, null, 4), 
 (12, null, '', 'Tests d''acceptation', 'guest_tpl', '2011-05-30 14:28:35.0', null, null, 4), 
 (13, null, '<p>\n\tCamapagne de tests dacceptation des livraisons</p>\n', 'zzzCampagne Tests d''acceptation de livraison', 'guest_tpl', '2011-05-30 14:29:18.0', '2011-06-09 12:05:02.0', 'guest_tpl', 4), 
 (14, null, '', 'test TA', 'guest_t1', '2011-05-31 07:46:02.0', '2011-06-22 12:11:39.0', 'guest_tpl', 5);

Insert into TEST_CASE_LIBRARY_NODE(TCLN_ID, DELETED_ON, DESCRIPTION, NAME, CREATED_BY, CREATED_ON, LAST_MODIFIED_BY, LAST_MODIFIED_ON, PROJECT_ID) values 
 (1, '2011-05-13 15:14:38.0', '', 'hfhfh', 'nf', '2011-05-13 10:44:00.0', null, null, 1), 
 (2, '2011-05-13 15:14:38.0', '<p>\n\tSDSD</p>\n', 'zezgbqE', 'admin', '2011-05-13 14:05:07.0', null, null, 1), 
 (3, '2011-05-24 14:29:29.0', '', 'NXPS 1.0', 'nf', '2011-05-17 10:15:35.0', null, null, 1), 
 (4, '2011-05-24 14:29:29.0', '', 'Major Feature', 'nf', '2011-05-17 10:16:45.0', null, null, 1), 
 (5, '2011-05-24 14:29:29.0', '', 'Minor Feature', 'nf', '2011-05-17 10:16:53.0', null, null, 1), 
 (6, '2011-05-24 14:29:29.0', '', '2_Create an account', 'nf', '2011-05-17 10:17:22.0', 'anonymousUser', '2011-05-20 13:37:31.0', 1), 
 (7, '2011-05-24 14:29:29.0', '', '3_Modify an account', 'nf', '2011-05-17 10:17:32.0', 'anonymousUser', '2011-05-20 13:37:35.0', 1), 
 (8, '2011-05-24 14:29:29.0', '', '4_Search into the catalogue', 'nf', '2011-05-17 10:18:23.0', 'anonymousUser', '2011-05-20 10:43:38.0', 1), 
 (9, '2011-05-24 14:29:29.0', '', '6_Free search', 'nf', '2011-05-17 10:19:16.0', 'nf', '2011-05-23 15:33:33.0', 1), 
 (10, '2011-05-24 14:29:29.0', '', '5_Manage the basket', 'nf', '2011-05-17 10:20:56.0', 'anonymousUser', '2011-05-20 10:43:46.0', 1), 
 (11, '2011-05-24 14:27:09.0', '', 'NXB 1.0', 'nf', '2011-05-17 10:21:16.0', null, null, 2), 
 (12, '2011-05-17 10:23:10.0', '', 'Recieve a payment', 'nf', '2011-05-17 10:21:32.0', null, null, 2), 
 (13, '2011-05-24 14:36:44.0', '', 'NXPSB 1.0', 'nf', '2011-05-17 10:21:56.0', null, null, 3), 
 (14, '2011-05-24 14:27:09.0', '', 'Major Feature', 'nf', '2011-05-17 10:22:35.0', null, null, 2), 
 (15, '2011-05-17 10:23:01.0', '', 'Minor Feature', 'nf', '2011-05-17 10:22:49.0', null, null, 2), 
 (16, '2011-05-17 11:34:32.0', '', 'Minor Feature', 'nf', '2011-05-17 10:23:17.0', null, null, 2), 
 (17, '2011-05-19 16:08:25.0', '', 'Major Feature', 'nf', '2011-05-17 10:23:25.0', null, null, 3), 
 (18, '2011-05-24 14:36:44.0', '', 'Major Feature', 'nf', '2011-05-17 10:23:34.0', 'nf', '2011-05-19 16:08:52.0', 3), 
 (19, '2011-05-24 14:29:29.0', '', '1_Access', 'nf', '2011-05-17 10:28:36.0', 'anonymousUser', '2011-05-20 13:37:26.0', 1), 
 (20, '2011-05-17 11:18:42.0', '', '03_Manage an account', 'nf', '2011-05-17 10:50:02.0', 'nf', '2011-05-17 11:02:58.0', 3), 
 (21, '2011-05-17 10:50:49.0', '', '02_Manage the catalogue', 'nf', '2011-05-17 10:50:47.0', null, null, 3), 
 (22, '2011-05-17 11:19:04.0', '', '05_Manage a catalogue', 'nf', '2011-05-17 10:51:05.0', 'nf', '2011-05-17 11:03:59.0', 3), 
 (23, '2011-05-19 16:08:25.0', '', '01_Access', 'nf', '2011-05-17 10:52:12.0', null, null, 3), 
 (24, '2011-05-19 16:08:25.0', '', '02_Create an account', 'nf', '2011-05-17 10:53:34.0', 'nf', '2011-05-17 11:03:16.0', 3), 
 (25, '2011-05-19 16:08:25.0', '', '03_Create a catalogue', 'nf', '2011-05-17 11:03:49.0', 'nf', '2011-05-17 11:18:55.0', 3), 
 (26, '2011-05-24 14:36:44.0', '', '01_Access', 'nf', '2011-05-17 11:18:36.0', 'nf', '2011-05-19 16:09:03.0', 3), 
 (27, '2011-05-24 14:36:44.0', '', '02_Create an account', 'nf', '2011-05-17 11:19:11.0', 'nf', '2011-05-19 16:09:43.0', 3), 
 (28, '2011-05-17 12:50:02.0', '', '04_Fill a catalogue', 'nf', '2011-05-17 11:19:44.0', null, null, 3), 
 (29, '2011-05-24 14:27:09.0', '', '02_Verify a payment', 'nf', '2011-05-17 11:22:41.0', 'nf', '2011-05-17 11:34:38.0', 2), 
 (30, '2011-05-24 14:27:09.0', '', '01_Access', 'nf', '2011-05-17 11:34:47.0', null, null, 2), 
 (31, '2011-05-19 16:09:50.0', '', '03_Import into a catalogue', 'nf', '2011-05-17 12:50:23.0', null, null, 3), 
 (32, '2011-05-24 14:27:09.0', '', '01_Nominal case', 'anonymousUser', '2011-05-17 13:26:08.0', null, null, 2), 
 (33, '2011-05-24 14:27:09.0', '', '02_Other cases', 'anonymousUser', '2011-05-17 13:26:17.0', 'nf', '2011-05-17 17:29:48.0', 2), 
 (34, '2011-05-24 14:27:09.0', '', '01_Nominal case', 'anonymousUser', '2011-05-17 13:26:40.0', null, null, 2), 
 (35, '2011-05-24 14:29:29.0', '', '11_Nominal case', 'anonymousUser', '2011-05-17 13:26:47.0', 'anonymousUser', '2011-05-20 13:38:02.0', 1), 
 (36, '2011-05-24 14:29:29.0', '', '21_Nominal case', 'anonymousUser', '2011-05-17 13:26:50.0', 'anonymousUser', '2011-05-20 13:39:06.0', 1), 
 (37, '2011-05-18 15:42:51.0', '', '01_Nominal case', 'anonymousUser', '2011-05-17 13:26:54.0', null, null, 1), 
 (38, '2011-05-24 14:29:29.0', '', '41_Nominal case', 'anonymousUser', '2011-05-17 13:26:57.0', 'anonymousUser', '2011-05-20 10:43:29.0', 1), 
 (39, '2011-05-24 14:29:29.0', '', '51_Nominal case', 'anonymousUser', '2011-05-17 13:27:01.0', 'anonymousUser', '2011-05-20 10:43:53.0', 1), 
 (40, '2011-05-24 14:29:29.0', '', '61_Nominal case', 'anonymousUser', '2011-05-17 13:27:06.0', 'nf', '2011-05-23 15:33:37.0', 1), 
 (41, '2011-05-19 16:08:25.0', '', '01_Nominal case', 'anonymousUser', '2011-05-17 13:27:10.0', null, null, 3), 
 (42, '2011-05-19 16:08:25.0', '', '01_Nominal case', 'anonymousUser', '2011-05-17 13:27:13.0', null, null, 3), 
 (43, '2011-05-19 16:08:25.0', '', '01_Nominal case', 'anonymousUser', '2011-05-17 13:27:18.0', null, null, 3), 
 (44, '2011-05-24 14:36:44.0', '', '01_Nominal case', 'anonymousUser', '2011-05-17 13:27:21.0', null, null, 3), 
 (45, '2011-05-24 14:36:44.0', '', '01_Nominal case', 'anonymousUser', '2011-05-17 13:27:25.0', null, null, 3), 
 (46, '2011-05-19 16:09:50.0', '', '01_Nominal case', 'anonymousUser', '2011-05-17 13:27:28.0', null, null, 3), 
 (47, '2011-05-24 14:27:09.0', '', '02_Other case', 'anonymousUser', '2011-05-17 13:27:39.0', null, null, 2), 
 (48, '2011-05-24 14:29:29.0', '', '12_Other case', 'anonymousUser', '2011-05-17 13:27:43.0', 'anonymousUser', '2011-05-20 13:38:08.0', 1), 
 (49, '2011-05-19 17:43:22.0', '', '02_Other case', 'anonymousUser', '2011-05-17 13:27:46.0', null, null, 1), 
 (50, '2011-05-18 15:42:57.0', '', '02_Other case', 'anonymousUser', '2011-05-17 13:27:50.0', null, null, 1);

Insert into TEST_CASE_LIBRARY_NODE(TCLN_ID, DELETED_ON, DESCRIPTION, NAME, CREATED_BY, CREATED_ON, LAST_MODIFIED_BY, LAST_MODIFIED_ON, PROJECT_ID) values 
 (51, '2011-05-19 17:43:08.0', '', '02_Other case', 'anonymousUser', '2011-05-17 13:27:53.0', null, null, 1), 
 (52, '2011-05-24 14:29:29.0', '', '52_Other case', 'anonymousUser', '2011-05-17 13:27:57.0', 'anonymousUser', '2011-05-20 13:39:34.0', 1), 
 (53, '2011-05-24 14:29:29.0', '', '62_Other case', 'anonymousUser', '2011-05-17 13:28:02.0', 'nf', '2011-05-23 15:33:41.0', 1), 
 (54, '2011-05-19 16:08:25.0', '', '02_Other case', 'anonymousUser', '2011-05-17 13:28:07.0', null, null, 3), 
 (55, '2011-05-19 16:08:25.0', '', '02_Other case', 'anonymousUser', '2011-05-17 13:28:10.0', null, null, 3), 
 (56, '2011-05-19 16:08:25.0', '', '02_Other case', 'anonymousUser', '2011-05-17 13:28:14.0', null, null, 3), 
 (57, '2011-05-24 14:36:44.0', '', '02_Other case', 'anonymousUser', '2011-05-17 13:28:19.0', null, null, 3), 
 (58, '2011-05-24 14:36:44.0', '', '02_Other case', 'anonymousUser', '2011-05-17 13:28:22.0', null, null, 3), 
 (59, '2011-05-19 16:09:50.0', '', '02_Other case', 'anonymousUser', '2011-05-17 13:28:27.0', null, null, 3), 
 (60, '2011-05-17 14:52:30.0', '<p>\n\ttoto</p>', 'toto', 'nf', '2011-05-17 14:40:10.0', null, null, 1), 
 (61, '2011-05-17 16:48:02.0', '<p>\n\t<span class=\"short_text\" id=\"result_box\" lang=\"en\"><span class=\"hps\" title=\"Cliquer ici pour voir d''autres traductions\">access the</span> <span class=\"hps\" title=\"Cliquer ici pour voir d''autres traductions\">account creation by clicking the button MyAccount</span></span></p>\n', 'Access the account creation', 'anonymousUser', '2011-05-17 15:05:05.0', 'anonymousUser', '2011-05-17 16:21:57.0', 1), 
 (62, '2011-05-24 14:27:09.0', '<p>\n\tThis is the nominal case (<span>without errors</span>) where the <strong>Banker</strong> connects to <span><strong><u>NX Bank</u></strong></span>.</p>\n<p>\n\t</p>\n<p>\n\tIn this nomminal case, we also check :</p>\n<ul>\n\t<li>\n\t\tthe interface.</li>\n\t<li>\n\t\tthe navigation from this screen.</li>\n</ul>\n', '01_Banker connects', 'nf', '2011-05-17 16:24:31.0', 'nf', '2011-05-18 12:53:56.0', 2), 
 (63, '2011-05-17 16:49:45.0', '', '01_Highlight the button MyAccount', 'anonymousUser', '2011-05-17 16:44:00.0', 'anonymousUser', '2011-05-17 16:48:20.0', 1), 
 (64, '2011-05-24 14:29:29.0', '<p>\n\t<span id=\"result_box\" lang=\"en\"><span class=\"hps\" title=\"Cliquer ici pour voir d''autres traductions\">The</span> <span class=\"hps\" title=\"Cliquer ici pour voir d''autres traductions\">home page</span> <span class=\"hps\" title=\"Cliquer ici pour voir d''autres traductions\">of the</span> <span class=\"hps\" title=\"Cliquer ici pour voir d''autres traductions\">site</span> <span class=\"hps\" title=\"Cliquer ici pour voir d''autres traductions\">does</span> <span class=\"hps\" title=\"Cliquer ici pour voir d''autres traductions\">not show the</span> <span class=\"hps\" title=\"Cliquer ici pour voir d''autres traductions\">linkMyAccount</span><span title=\"Cliquer ici pour voir d''autres traductions\">.</span> <span class=\"hps\" title=\"Cliquer ici pour voir d''autres traductions\">You must click</span> <span class=\"hps\" title=\"Cliquer ici pour voir d''autres traductions\">on</span> <span class=\"hps\" title=\"Cliquer ici pour voir d''autres traductions\">the</span> link <span class=\"hps\" title=\"Cliquer ici pour voir d''autres traductions\">JPetStore</span> <span class=\"hps\" title=\"Cliquer ici pour voir d''autres traductions\">in order to it appears</span></span></p>\n', '211_Create a new user', 'id', '2011-05-17 17:01:58.0', 'anonymousUser', '2011-05-20 13:39:11.0', 1), 
 (65, '2011-05-18 14:47:00.0', '<p>\n\tAccess the account creation by clicking the button MyAccount</p>\n', '02_Create an account', 'id', '2011-05-17 17:05:18.0', 'anonymousUser', '2011-05-18 14:44:20.0', 1), 
 (66, '2011-05-24 14:27:09.0', '<p>\n\tIn this case, a Non Banker connects to <span><strong><u>NX Bank</u></strong></span>.</p>\n<p>\n\t</p>\n<p>\n\tThis should returns an <span>error message</span>.</p>\n', '03_Non Banker connects', 'nf', '2011-05-17 17:14:20.0', 'nf', '2011-05-19 13:56:20.0', 2), 
 (67, '2011-05-24 14:27:09.0', '<p>\n\tIn this case, we check the browser and its version.</p>\n<p>\n\t</p>\n<p>\n\tIt should be <span>impossible to connect</span> with an unallowed browser, or with a wrong version of an allowed browser.</p>\n', '02_Browser', 'nf', '2011-05-17 17:23:31.0', 'nf', '2011-05-19 13:56:15.0', 2), 
 (68, '2011-05-24 14:27:09.0', '<p>\n\tIn this case, i check the limit of <strong><em>twelve</em> (12)</strong> characters.</p>\n<p>\n\t</p>\n<p>\n\tIt should returns an <span>error message</span>.</p>\n', '04_Controls', 'nf', '2011-05-17 17:25:01.0', 'nf', '2011-05-19 13:56:25.0', 2), 
 (69, '2011-05-24 14:27:09.0', '<p>\n\tIn this case, a Banker connects to <span><strong><u>NX Bank</u></strong></span> with a <span>wrong </span>Login or Password.</p>\n<p>\n\t</p>\n<p>\n\tThis should returns an <span>error message</span>.</p>\n', '06_Wrong Login Password', 'nf', '2011-05-17 17:31:26.0', 'nf', '2011-05-19 13:56:37.0', 2), 
 (70, '2011-05-24 14:27:09.0', '<p>\n\tIn this case, a Banker connects to <span><strong><u>NX Bank</u></strong></span> with an <span>incomplete </span>Login Password</p>\n<p>\n\t</p>\n<p>\n\tThis should returns an <span>error message</span>.</p>\n', '05_Incomplete Login Password', 'nf', '2011-05-17 17:32:24.0', 'nf', '2011-05-19 13:56:31.0', 2), 
 (71, '2011-05-24 14:29:29.0', '<p>\n\t<span id=\"result_box\" lang=\"en\"><span class=\"hps\" title=\"Cliquer ici pour voir d''autres traductions\">There is</span> <span class=\"hps\" title=\"Cliquer ici pour voir d''autres traductions\">a</span> <span class=\"hps\" title=\"Cliquer ici pour voir d''autres traductions\">default</span> <span class=\"hps\" title=\"Cliquer ici pour voir d''autres traductions\">user</span><span title=\"Cliquer ici pour voir d''autres traductions\">.</span> <span class=\"hps\" title=\"Cliquer ici pour voir d''autres traductions\">The</span> <span class=\"hps\" title=\"Cliquer ici pour voir d''autres traductions\">initial connection</span> <span class=\"hps\" title=\"Cliquer ici pour voir d''autres traductions\">can</span> <span class=\"hps\" title=\"Cliquer ici pour voir d''autres traductions\">be made via the</span> <span class=\"hps\" title=\"Cliquer ici pour voir d''autres traductions\">user.</span></span></p>\n', '111_Connection with the default user', 'anonymousUser', '2011-05-18 11:20:25.0', 'anonymousUser', '2011-05-20 13:38:23.0', 1), 
 (72, '2011-05-24 14:29:29.0', '<p>\n\t<span id=\"result_box\" lang=\"en\"><span class=\"hps\" title=\"Cliquer ici pour voir d''autres traductions\">There is</span> <span class=\"hps\" title=\"Cliquer ici pour voir d''autres traductions\">a</span> registred <span class=\"hps\" title=\"Cliquer ici pour voir d''autres traductions\">user</span><span title=\"Cliquer ici pour voir d''autres traductions\">.</span> <span class=\"hps\" title=\"Cliquer ici pour voir d''autres traductions\">The</span> later <span class=\"hps\" title=\"Cliquer ici pour voir d''autres traductions\">connection</span> <span class=\"hps\" title=\"Cliquer ici pour voir d''autres traductions\">can</span> <span class=\"hps\" title=\"Cliquer ici pour voir d''autres traductions\">be made via the</span> registred user<span class=\"hps\" title=\"Cliquer ici pour voir d''autres traductions\">.</span></span></p>\n', '112_Connection with a user account', 'anonymousUser', '2011-05-18 11:30:09.0', 'anonymousUser', '2011-05-20 13:38:26.0', 1), 
 (73, '2011-05-24 14:29:29.0', '<p>\n\t<span class=\"short_text\" id=\"result_box\" lang=\"en\"><span class=\"hps\" title=\"Cliquer ici pour voir d''autres traductions\">Using</span> <span class=\"hps\" title=\"Cliquer ici pour voir d''autres traductions\">a</span> <span class=\"hps\" title=\"Cliquer ici pour voir d''autres traductions\">wrong password</span></span></p>\n', '121_Invalid_password', 'anonymousUser', '2011-05-18 15:32:30.0', 'anonymousUser', '2011-05-20 13:38:54.0', 1), 
 (74, '2011-05-18 15:47:07.0', '<p>\n\tChange an information of the register form.</p>\n', 'Modify an account', 'anonymousUser', '2011-05-18 15:46:05.0', null, null, 1), 
 (75, '2011-05-24 14:29:29.0', '<p>\n\tChange an information of th register form.</p>\n', '31_Nominal case', 'anonymousUser', '2011-05-18 15:46:57.0', 'anonymousUser', '2011-05-20 13:39:19.0', 1), 
 (76, '2011-05-24 14:29:29.0', '<p>\n\t<span class=\"short_text\" id=\"result_box\" lang=\"en\"><span class=\"hps\" title=\"Cliquer ici pour voir d''autres traductions\">Change</span> <span class=\"hps\" title=\"Cliquer ici pour voir d''autres traductions\">the</span> <span class=\"hps\" title=\"Cliquer ici pour voir d''autres traductions\">password</span> <span class=\"hps\" title=\"Cliquer ici pour voir d''autres traductions\">of</span> <span class=\"hps\" title=\"Cliquer ici pour voir d''autres traductions\">the</span> <span class=\"hps\" title=\"Cliquer ici pour voir d''autres traductions\">account</span> <span class=\"hps\" title=\"Cliquer ici pour voir d''autres traductions\">connection</span></span></p>\n', '311_Modify_password', 'anonymousUser', '2011-05-18 15:59:11.0', 'anonymousUser', '2011-05-20 13:39:23.0', 1), 
 (77, '2011-05-24 14:27:09.0', '<p>\n\tThis is the nominal case (<span>without errors</span>) where the <strong>Banker</strong> checks the payments with <span><strong><u>NX Bank</u></strong></span>.</p>\n<p>\n\t</p>\n<p>\n\tIn this nomminal case, we also check :</p>\n<ul>\n\t<li>\n\t\tthe interface.</li>\n</ul>\n', '07_Banker checks payments successful', 'nf', '2011-05-18 16:54:47.0', 'nf', '2011-05-19 13:56:43.0', 2), 
 (78, '2011-05-24 14:27:09.0', '<p>\n\tIn this case, the <strong>Banker</strong> checks the payments with <span><u><strong>NX Bank</strong></u></span> bute the <span>date of expiry</span> has been reached for some cards.</p>\n<p>\n\t</p>\n<p>\n\tThis should returns :</p>\n<ul>\n\t<li>\n\t\ta <span>failded</span> icon</li>\n\t<li>\n\t\ta text explaining the <span>reason of failure</span></li>\n</ul>\n', '08_Banker checks payments failed date', 'nf', '2011-05-18 16:55:11.0', 'nf', '2011-05-19 13:56:48.0', 2), 
 (79, '2011-05-24 14:27:09.0', '<p>\n\tIn this case, we check the navigation from and to the <span>List of payment</span> screen.</p>\n<p>\n\tThis include :</p>\n<ul>\n\t<li>\n\t\tGoing to the Authorisation screen.</li>\n\t<li>\n\t\tComing back to tje List of payment screen.</li>\n</ul>\n', '10_Navigation', 'nf', '2011-05-18 16:56:17.0', 'nf', '2011-05-19 13:56:58.0', 2), 
 (80, '2011-05-24 14:27:09.0', '<p>\n\tIn this case, the <strong>Banker</strong> checks the payments with <span><u><strong>NX Bank</strong></u></span> but some card numbers are <span>invalid</span>.</p>\n<p>\n\t</p>\n<p>\n\tThis should returns :</p>\n<ul>\n\t<li>\n\t\ta <span>failded</span> icon</li>\n\t<li>\n\t\ta text explaining the <span>reason of failure</span></li>\n</ul>\n', '09_Banker checks payments failed card', 'nf', '2011-05-18 16:56:55.0', 'nf', '2011-05-19 13:56:52.0', 2), 
 (81, '2011-05-19 09:15:02.0', '<div class=\"ui-accordion-content ui-helper-reset ui-widget-content ui-corner-bottom ui-accordion-content-active\">\n\t<div id=\"test-case-description\">\n\t\t<p>\n\t\t\tIn this case, the <strong>Banker</strong> checks the payments with <span><strong><u>NX Bank</u></strong></span> but the <span>date of expiry</span> has been reached for some cards.</p>\n\t\t<p>\n\t\t\tThis should returns a <span>failed</span> icon and a text explaining the <span>reason of failure</span>.</p>\n\t</div>\n</div>\n', 'bfbf', 'nf', '2011-05-19 09:04:45.0', null, null, 2), 
 (82, '2011-05-19 09:48:09.0', '<p>\n\t<span id=\"result_box\" lang=\"en\"><span class=\"hps\" title=\"Cliquer ici pour voir d''autres traductions\">User Account</span> <span class=\"hps\" title=\"Cliquer ici pour voir d''autres traductions\">log off</span> <span class=\"hps\" title=\"Cliquer ici pour voir d''autres traductions\">and</span> <span class=\"hps\" title=\"Cliquer ici pour voir d''autres traductions\">back</span> <span class=\"hps\" title=\"Cliquer ici pour voir d''autres traductions\">on</span> <span class=\"hps\" title=\"Cliquer ici pour voir d''autres traductions\">the</span> <span class=\"hps\" title=\"Cliquer ici pour voir d''autres traductions\">home page</span> <span class=\"hps\" title=\"Cliquer ici pour voir d''autres traductions\">of the catalog</span></span></p>\n', '06_Logout', 'id', '2011-05-19 09:46:10.0', null, null, 1), 
 (83, '2011-05-19 09:48:09.0', '<p>\n\t<span id=\"result_box\" lang=\"en\"><span class=\"hps\" title=\"Cliquer ici pour voir d''autres traductions\">User Account</span> <span class=\"hps\" title=\"Cliquer ici pour voir d''autres traductions\">log off</span> <span class=\"hps\" title=\"Cliquer ici pour voir d''autres traductions\">and</span> <span class=\"hps\" title=\"Cliquer ici pour voir d''autres traductions\">back</span> <span class=\"hps\" title=\"Cliquer ici pour voir d''autres traductions\">on</span> <span class=\"hps\" title=\"Cliquer ici pour voir d''autres traductions\">the</span> <span class=\"hps\" title=\"Cliquer ici pour voir d''autres traductions\">home page</span> <span class=\"hps\" title=\"Cliquer ici pour voir d''autres traductions\">of the catalog</span></span></p>\n', 'Logout', 'id', '2011-05-19 09:46:30.0', null, null, 1), 
 (84, '2011-05-23 14:54:29.0', '<p>\n\t<span id=\"result_box\" lang=\"en\"><span class=\"hps\" title=\"Cliquer ici pour voir d''autres traductions\">User Account</span> <span class=\"hps\" title=\"Cliquer ici pour voir d''autres traductions\">log off</span> <span class=\"hps\" title=\"Cliquer ici pour voir d''autres traductions\">and</span> <span class=\"hps\" title=\"Cliquer ici pour voir d''autres traductions\">back</span> <span class=\"hps\" title=\"Cliquer ici pour voir d''autres traductions\">on</span> <span class=\"hps\" title=\"Cliquer ici pour voir d''autres traductions\">the</span> <span class=\"hps\" title=\"Cliquer ici pour voir d''autres traductions\">home page</span> <span class=\"hps\" title=\"Cliquer ici pour voir d''autres traductions\">of the catalog</span></span></p>\n', '13_Logout', 'id', '2011-05-19 09:47:47.0', 'anonymousUser', '2011-05-20 13:38:13.0', 1), 
 (85, null, '<p>\n\t<span id=\"result_box\" lang=\"en\"><span class=\"hps\" title=\"Cliquer ici pour voir d''autres traductions\">User Account</span> <span class=\"hps\" title=\"Cliquer ici pour voir d''autres traductions\">log off</span> <span class=\"hps\" title=\"Cliquer ici pour voir d''autres traductions\">and</span> <span class=\"hps\" title=\"Cliquer ici pour voir d''autres traductions\">back</span> <span class=\"hps\" title=\"Cliquer ici pour voir d''autres traductions\">on</span> <span class=\"hps\" title=\"Cliquer ici pour voir d''autres traductions\">the</span> <span class=\"hps\" title=\"Cliquer ici pour voir d''autres traductions\">home page</span> <span class=\"hps\" title=\"Cliquer ici pour voir d''autres traductions\">of the catalog</span></span></p>\n', '131_Logout', 'id', '2011-05-19 09:48:25.0', 'anonymousUser', '2011-05-20 13:38:48.0', 1), 
 (86, '2011-05-24 14:29:29.0', '<p>\n\t<span id=\"result_box\" lang=\"en\"><span class=\"hps\" title=\"Cliquer ici pour voir d''autres traductions\">Research</span> <span class=\"hps\" title=\"Cliquer ici pour voir d''autres traductions\">by</span> <span class=\"hps\" title=\"Cliquer ici pour voir d''autres traductions\">one of the picture-links</span> that is on the home page.</span></p>\n', '411_Picture research links', 'id', '2011-05-19 10:21:48.0', 'anonymousUser', '2011-05-20 13:07:40.0', 1), 
 (87, '2011-05-19 16:29:44.0', '<p>\n\t<span id=\"result_box\" lang=\"en\"><span class=\"hps\" title=\"Cliquer ici pour voir d''autres traductions\">Research</span> <span class=\"hps\" title=\"Cliquer ici pour voir d''autres traductions\">by</span> <span class=\"hps\" title=\"Cliquer ici pour voir d''autres traductions\">one of link</span> from the list in top left</span></p>\n', '01_picture research links', 'anonymousUser', '2011-05-19 16:10:36.0', 'anonymousUser', '2011-05-19 16:21:00.0', 1), 
 (88, '2011-05-24 14:29:29.0', '<p>\n\t<span id=\"result_box\" lang=\"en\"><span class=\"hps\" title=\"Cliquer ici pour voir d''autres traductions\">Research</span> <span class=\"hps\" title=\"Cliquer ici pour voir d''autres traductions\">by</span> <span class=\"hps\" title=\"Cliquer ici pour voir d''autres traductions\">one of the links</span> of the list that is on the home page on right</span></p>\n', '412_List right access', 'anonymousUser', '2011-05-19 16:26:51.0', 'anonymousUser', '2011-05-20 13:07:47.0', 1), 
 (89, '2011-05-19 17:34:17.0', '<p>\n\tResearch in catalog by <span class=\"long_text short_text\" id=\"result_box\" lang=\"en\"><span class=\"hps\" title=\"Cliquer ici pour voir d''autres traductions\">one link of central</span> <span class=\"hps\" title=\"Cliquer ici pour voir d''autres traductions\">link</span> <span class=\"hps\" title=\"Cliquer ici pour voir d''autres traductions\">on</span> <span class=\"hps\" title=\"Cliquer ici pour voir d''autres traductions\">a</span> <span class=\"hps\" title=\"Cliquer ici pour voir d''autres traductions\">horizontal bar</span></span></p>\n', '03_Central link on a horizontal bar access', 'anonymousUser', '2011-05-19 17:32:57.0', null, null, 1), 
 (90, '2011-05-24 14:29:29.0', '<p>\n\t<span id=\"result_box\" lang=\"en\"><span class=\"hps\" title=\"Cliquer ici pour voir d''autres traductions\">Research</span> <span class=\"hps\" title=\"Cliquer ici pour voir d''autres traductions\">by</span> <span class=\"hps\" title=\"Cliquer ici pour voir d''autres traductions\">one of the links</span> of central link on a horizontal bar that is on the home page on right</span></p>\n', '413_Central link on a horizontal bar access', 'anonymousUser', '2011-05-19 17:35:08.0', 'anonymousUser', '2011-05-20 13:07:53.0', 1), 
 (91, '2011-05-24 14:29:29.0', '<p>\n\t<span id=\"result_box\" lang=\"en\"><span class=\"hps\" title=\"Cliquer ici pour voir d''autres traductions\">The</span> <span class=\"hps\" title=\"Cliquer ici pour voir d''autres traductions\">user</span> <span class=\"hps\" title=\"Cliquer ici pour voir d''autres traductions\">logged into</span> <span class=\"hps\" title=\"Cliquer ici pour voir d''autres traductions\">his</span> <span class=\"hps\" title=\"Cliquer ici pour voir d''autres traductions\">personal account</span><span class=\"hps\" title=\"Cliquer ici pour voir d''autres traductions\">purchases</span> <span class=\"hps\" title=\"Cliquer ici pour voir d''autres traductions\">an animal.</span></span></p>\n', '511_Purchase after searching through the photo link ', 'anonymousUser', '2011-05-20 10:18:44.0', 'anonymousUser', '2011-05-20 13:08:04.0', 1), 
 (92, '2011-05-24 14:29:29.0', '<p>\n\tThe user connected cancels the last order</p>\n', '512_Cancellation of an order', 'anonymousUser', '2011-05-20 12:02:46.0', 'anonymousUser', '2011-05-20 13:08:08.0', 1), 
 (93, null, '<p>\n\tCeci est un test :</p>\n<ul>\n\t<li>\n\t\tSe connecter</li>\n\t<li>\n\t\tLog</li>\n\t<li>\n\t\tMdp</li>\n</ul>\n', 'Test0002', 'guest_t1', '2011-05-23 09:11:18.0', null, null, 5), 
 (94, '2011-05-24 14:29:29.0', '<p>\n\t<span id=\"result_box\" lang=\"en\"><span class=\"hps\" title=\"Cliquer ici pour voir d''autres traductions\">User Account</span> <span class=\"hps\" title=\"Cliquer ici pour voir d''autres traductions\">log off</span> <span class=\"hps\" title=\"Cliquer ici pour voir d''autres traductions\">and</span> <span class=\"hps\" title=\"Cliquer ici pour voir d''autres traductions\">back</span> <span class=\"hps\" title=\"Cliquer ici pour voir d''autres traductions\">on</span> <span class=\"hps\" title=\"Cliquer ici pour voir d''autres traductions\">the</span> <span class=\"hps\" title=\"Cliquer ici pour voir d''autres traductions\">home page</span> <span class=\"hps\" title=\"Cliquer ici pour voir d''autres traductions\">of the catalog</span></span></p>\n', '122_Logout', 'nf', '2011-05-23 14:54:20.0', 'nf', '2011-05-23 15:05:43.0', 1), 
 (95, '2011-05-24 14:29:29.0', '<p>\n\tThis test verifies the free search into the catalogue.</p>\n', '611_Search freely into the catalogue', 'nf', '2011-05-23 15:34:52.0', 'nf', '2011-05-23 15:36:35.0', 1), 
 (96, '2011-05-24 13:43:41.0', '', 'NXB 1.0-Pour Benoit', 'nf', '2011-05-24 13:41:34.0', 'nf', '2011-05-24 13:43:12.0', 2), 
 (97, '2011-05-24 13:43:41.0', '', 'Major Feature', 'nf', '2011-05-24 13:41:34.0', 'nf', '2011-05-24 13:41:34.0', 2), 
 (98, '2011-05-24 13:43:41.0', '', '01_Access', 'nf', '2011-05-24 13:41:34.0', 'nf', '2011-05-24 13:41:34.0', 2), 
 (99, '2011-05-24 13:43:41.0', '', '01_Nominal case', 'nf', '2011-05-24 13:41:34.0', 'nf', '2011-05-24 13:41:34.0', 2), 
 (100, '2011-05-24 13:43:41.0', '<p>\n\tThis is the nominal case (<span>without errors</span>) where the <strong>Banker</strong> connects to <span><strong><u>NX Bank</u></strong></span>.</p>\n<p>\n\t</p>\n<p>\n\tIn this nomminal case, we also check :</p>\n<ul>\n\t<li>\n\t\tthe interface.</li>\n\t<li>\n\t\tthe navigation from this screen.</li>\n</ul>\n', '01_Banker connects', 'nf', '2011-05-24 13:41:34.0', 'nf', '2011-05-24 13:41:34.0', 2);

Insert into TEST_CASE_LIBRARY_NODE(TCLN_ID, DELETED_ON, DESCRIPTION, NAME, CREATED_BY, CREATED_ON, LAST_MODIFIED_BY, LAST_MODIFIED_ON, PROJECT_ID) values 
 (101, '2011-05-24 13:43:41.0', '', '02_Other cases', 'nf', '2011-05-24 13:41:34.0', 'nf', '2011-05-24 13:41:34.0', 2), 
 (102, '2011-05-24 13:43:41.0', '<p>\n\tIn this case, a Banker connects to <span><strong><u>NX Bank</u></strong></span> with an <span>incomplete </span>Login Password</p>\n<p>\n\t</p>\n<p>\n\tThis should returns an <span>error message</span>.</p>\n', '05_Incomplete Login Password', 'nf', '2011-05-24 13:41:34.0', 'nf', '2011-05-24 13:41:34.0', 2), 
 (103, '2011-05-24 13:43:41.0', '<p>\n\tIn this case, a Banker connects to <span><strong><u>NX Bank</u></strong></span> with a <span>wrong </span>Login or Password.</p>\n<p>\n\t</p>\n<p>\n\tThis should returns an <span>error message</span>.</p>\n', '06_Wrong Login Password', 'nf', '2011-05-24 13:41:34.0', 'nf', '2011-05-24 13:41:34.0', 2), 
 (104, '2011-05-24 13:43:41.0', '<p>\n\tIn this case, a Non Banker connects to <span><strong><u>NX Bank</u></strong></span>.</p>\n<p>\n\t</p>\n<p>\n\tThis should returns an <span>error message</span>.</p>\n', '03_Non Banker connects', 'nf', '2011-05-24 13:41:34.0', 'nf', '2011-05-24 13:41:34.0', 2), 
 (105, '2011-05-24 13:43:41.0', '<p>\n\tIn this case, we check the browser and its version.</p>\n<p>\n\t</p>\n<p>\n\tIt should be <span>impossible to connect</span> with an unallowed browser, or with a wrong version of an allowed browser.</p>\n', '02_Browser', 'nf', '2011-05-24 13:41:34.0', 'nf', '2011-05-24 13:41:34.0', 2), 
 (106, '2011-05-24 13:43:41.0', '<p>\n\tIn this case, i check the limit of <strong><em>twelve</em> (12)</strong> characters.</p>\n<p>\n\t</p>\n<p>\n\tIt should returns an <span>error message</span>.</p>\n', '04_Controls', 'nf', '2011-05-24 13:41:34.0', 'nf', '2011-05-24 13:41:34.0', 2), 
 (107, '2011-05-24 13:43:41.0', '', '02_Verify a payment', 'nf', '2011-05-24 13:41:34.0', 'nf', '2011-05-24 13:41:34.0', 2), 
 (108, '2011-05-24 13:43:41.0', '', '02_Other case', 'nf', '2011-05-24 13:41:34.0', 'nf', '2011-05-24 13:41:34.0', 2), 
 (109, '2011-05-24 13:43:41.0', '<p>\n\tIn this case, the <strong>Banker</strong> checks the payments with <span><u><strong>NX Bank</strong></u></span> bute the <span>date of expiry</span> has been reached for some cards.</p>\n<p>\n\t</p>\n<p>\n\tThis should returns :</p>\n<ul>\n\t<li>\n\t\ta <span>failded</span> icon</li>\n\t<li>\n\t\ta text explaining the <span>reason of failure</span></li>\n</ul>\n', '08_Banker checks payments failed date', 'nf', '2011-05-24 13:41:34.0', 'nf', '2011-05-24 13:41:34.0', 2), 
 (110, '2011-05-24 13:43:41.0', '<p>\n\tIn this case, the <strong>Banker</strong> checks the payments with <span><u><strong>NX Bank</strong></u></span> but some card numbers are <span>invalid</span>.</p>\n<p>\n\t</p>\n<p>\n\tThis should returns :</p>\n<ul>\n\t<li>\n\t\ta <span>failded</span> icon</li>\n\t<li>\n\t\ta text explaining the <span>reason of failure</span></li>\n</ul>\n', '09_Banker checks payments failed card', 'nf', '2011-05-24 13:41:34.0', 'nf', '2011-05-24 13:41:34.0', 2), 
 (111, '2011-05-24 13:43:41.0', '<p>\n\tIn this case, we check the navigation from and to the <span>List of payment</span> screen.</p>\n<p>\n\tThis include :</p>\n<ul>\n\t<li>\n\t\tGoing to the Authorisation screen.</li>\n\t<li>\n\t\tComing back to tje List of payment screen.</li>\n</ul>\n', '10_Navigation', 'nf', '2011-05-24 13:41:34.0', 'nf', '2011-05-24 13:41:34.0', 2), 
 (112, '2011-05-24 13:43:41.0', '', '01_Nominal case', 'nf', '2011-05-24 13:41:34.0', 'nf', '2011-05-24 13:41:34.0', 2), 
 (113, '2011-05-24 13:43:41.0', '<p>\n\tThis is the nominal case (<span>without errors</span>) where the <strong>Banker</strong> checks the payments with <span><strong><u>NX Bank</u></strong></span>.</p>\n<p>\n\t</p>\n<p>\n\tIn this nomminal case, we also check :</p>\n<ul>\n\t<li>\n\t\tthe interface.</li>\n</ul>\n', '07_Banker checks payments successful', 'nf', '2011-05-24 13:41:34.0', 'nf', '2011-05-24 13:41:34.0', 2), 
 (114, '2011-05-24 13:42:53.0', '', '01_Access', 'nf', '2011-05-24 13:42:10.0', 'nf', '2011-05-24 13:42:10.0', 2), 
 (115, '2011-05-24 13:42:53.0', '', '01_Nominal case', 'nf', '2011-05-24 13:42:10.0', 'nf', '2011-05-24 13:42:10.0', 2), 
 (116, '2011-05-24 13:42:53.0', '<p>\n\tThis is the nominal case (<span>without errors</span>) where the <strong>Banker</strong> connects to <span><strong><u>NX Bank</u></strong></span>.</p>\n<p>\n\t</p>\n<p>\n\tIn this nomminal case, we also check :</p>\n<ul>\n\t<li>\n\t\tthe interface.</li>\n\t<li>\n\t\tthe navigation from this screen.</li>\n</ul>\n', '01_Banker connects', 'nf', '2011-05-24 13:42:10.0', 'nf', '2011-05-24 13:42:10.0', 2), 
 (117, '2011-05-24 13:42:53.0', '', '02_Other cases', 'nf', '2011-05-24 13:42:10.0', 'nf', '2011-05-24 13:42:10.0', 2), 
 (118, '2011-05-24 13:42:53.0', '<p>\n\tIn this case, we check the browser and its version.</p>\n<p>\n\t</p>\n<p>\n\tIt should be <span>impossible to connect</span> with an unallowed browser, or with a wrong version of an allowed browser.</p>\n', '02_Browser', 'nf', '2011-05-24 13:42:10.0', 'nf', '2011-05-24 13:42:10.0', 2), 
 (119, '2011-05-24 13:42:53.0', '<p>\n\tIn this case, a Non Banker connects to <span><strong><u>NX Bank</u></strong></span>.</p>\n<p>\n\t</p>\n<p>\n\tThis should returns an <span>error message</span>.</p>\n', '03_Non Banker connects', 'nf', '2011-05-24 13:42:10.0', 'nf', '2011-05-24 13:42:10.0', 2), 
 (120, '2011-05-24 13:42:53.0', '<p>\n\tIn this case, a Banker connects to <span><strong><u>NX Bank</u></strong></span> with a <span>wrong </span>Login or Password.</p>\n<p>\n\t</p>\n<p>\n\tThis should returns an <span>error message</span>.</p>\n', '06_Wrong Login Password', 'nf', '2011-05-24 13:42:10.0', 'nf', '2011-05-24 13:42:10.0', 2), 
 (121, '2011-05-24 13:42:53.0', '<p>\n\tIn this case, a Banker connects to <span><strong><u>NX Bank</u></strong></span> with an <span>incomplete </span>Login Password</p>\n<p>\n\t</p>\n<p>\n\tThis should returns an <span>error message</span>.</p>\n', '05_Incomplete Login Password', 'nf', '2011-05-24 13:42:10.0', 'nf', '2011-05-24 13:42:10.0', 2), 
 (122, '2011-05-24 13:42:53.0', '<p>\n\tIn this case, i check the limit of <strong><em>twelve</em> (12)</strong> characters.</p>\n<p>\n\t</p>\n<p>\n\tIt should returns an <span>error message</span>.</p>\n', '04_Controls', 'nf', '2011-05-24 13:42:10.0', 'nf', '2011-05-24 13:42:10.0', 2), 
 (123, '2011-05-24 13:42:53.0', '', '02_Verify a payment', 'nf', '2011-05-24 13:42:10.0', 'nf', '2011-05-24 13:42:10.0', 2), 
 (124, '2011-05-24 13:42:53.0', '', '02_Other case', 'nf', '2011-05-24 13:42:10.0', 'nf', '2011-05-24 13:42:10.0', 2), 
 (125, '2011-05-24 13:42:53.0', '<p>\n\tIn this case, we check the navigation from and to the <span>List of payment</span> screen.</p>\n<p>\n\tThis include :</p>\n<ul>\n\t<li>\n\t\tGoing to the Authorisation screen.</li>\n\t<li>\n\t\tComing back to tje List of payment screen.</li>\n</ul>\n', '10_Navigation', 'nf', '2011-05-24 13:42:10.0', 'nf', '2011-05-24 13:42:10.0', 2), 
 (126, '2011-05-24 13:42:53.0', '<p>\n\tIn this case, the <strong>Banker</strong> checks the payments with <span><u><strong>NX Bank</strong></u></span> bute the <span>date of expiry</span> has been reached for some cards.</p>\n<p>\n\t</p>\n<p>\n\tThis should returns :</p>\n<ul>\n\t<li>\n\t\ta <span>failded</span> icon</li>\n\t<li>\n\t\ta text explaining the <span>reason of failure</span></li>\n</ul>\n', '08_Banker checks payments failed date', 'nf', '2011-05-24 13:42:10.0', 'nf', '2011-05-24 13:42:10.0', 2), 
 (127, '2011-05-24 13:42:53.0', '<p>\n\tIn this case, the <strong>Banker</strong> checks the payments with <span><u><strong>NX Bank</strong></u></span> but some card numbers are <span>invalid</span>.</p>\n<p>\n\t</p>\n<p>\n\tThis should returns :</p>\n<ul>\n\t<li>\n\t\ta <span>failded</span> icon</li>\n\t<li>\n\t\ta text explaining the <span>reason of failure</span></li>\n</ul>\n', '09_Banker checks payments failed card', 'nf', '2011-05-24 13:42:10.0', 'nf', '2011-05-24 13:42:10.0', 2), 
 (128, '2011-05-24 13:42:53.0', '', '01_Nominal case', 'nf', '2011-05-24 13:42:10.0', 'nf', '2011-05-24 13:42:10.0', 2), 
 (129, '2011-05-24 13:42:53.0', '<p>\n\tThis is the nominal case (<span>without errors</span>) where the <strong>Banker</strong> checks the payments with <span><strong><u>NX Bank</u></strong></span>.</p>\n<p>\n\t</p>\n<p>\n\tIn this nomminal case, we also check :</p>\n<ul>\n\t<li>\n\t\tthe interface.</li>\n</ul>\n', '07_Banker checks payments successful', 'nf', '2011-05-24 13:42:10.0', 'nf', '2011-05-24 13:42:10.0', 2), 
 (130, null, '', '01_Connection to the bank', 'nf', '2011-05-24 14:26:40.0', 'nf', '2011-05-24 14:30:32.0', 2), 
 (131, null, '', '01_Nominal case', 'nf', '2011-05-24 14:26:40.0', 'nf', '2011-05-24 14:26:40.0', 2), 
 (132, null, '<p>\n\tThis is the nominal case (<span>without errors</span>) where the <strong>Banker</strong> connects to <span><strong><u>NX Bank</u></strong></span>.</p>\n<p>\n\t</p>\n<p>\n\tIn this nomminal case, we also check :</p>\n<ul>\n\t<li>\n\t\tthe interface.</li>\n\t<li>\n\t\tthe navigation from this screen.</li>\n</ul>\n', '01_Banker connects', 'nf', '2011-05-24 14:26:40.0', 'nf', '2011-05-24 14:26:40.0', 2), 
 (133, null, '', '02_Other cases', 'nf', '2011-05-24 14:26:40.0', 'nf', '2011-05-24 14:26:40.0', 2), 
 (134, null, '<p>\n\tIn this case, i check the limit of <strong><em>twelve</em> (12)</strong> characters.</p>\n<p>\n\t</p>\n<p>\n\tIt should returns an <span>error message</span>.</p>\n', '04_Controls', 'nf', '2011-05-24 14:26:40.0', 'nf', '2011-05-24 14:26:40.0', 2), 
 (135, null, '<p>\n\tIn this case, we check the browser and its version.</p>\n<p>\n\t</p>\n<p>\n\tIt should be <span>impossible to connect</span> with an unallowed browser, or with a wrong version of an allowed browser.</p>\n', '02_Browser', 'nf', '2011-05-24 14:26:40.0', 'nf', '2011-05-24 14:26:40.0', 2), 
 (136, null, '<p>\n\tIn this case, a Banker connects to <span><strong><u>NX Bank</u></strong></span> with a <span>wrong </span>Login or Password.</p>\n<p>\n\t</p>\n<p>\n\tThis should returns an <span>error message</span>.</p>\n', '06_Wrong Login Password', 'nf', '2011-05-24 14:26:40.0', 'nf', '2011-05-24 14:26:40.0', 2), 
 (137, null, '<p>\n\tIn this case, a Banker connects to <span><strong><u>NX Bank</u></strong></span> with an <span>incomplete </span>Login Password</p>\n<p>\n\t</p>\n<p>\n\tThis should returns an <span>error message</span>.</p>\n', '05_Incomplete Login Password', 'nf', '2011-05-24 14:26:40.0', 'nf', '2011-05-24 14:26:40.0', 2), 
 (138, null, '<p>\n\tIn this case, a Non Banker connects to <span><strong><u>NX Bank</u></strong></span>.</p>\n<p>\n\t</p>\n<p>\n\tThis should returns an <span>error message</span>.</p>\n', '03_Non Banker connects', 'nf', '2011-05-24 14:26:40.0', 'nf', '2011-05-24 14:26:40.0', 2), 
 (139, null, '', '02_Verify a payment', 'nf', '2011-05-24 14:26:40.0', 'nf', '2011-05-24 14:26:40.0', 2), 
 (140, null, '', '02_Other case', 'nf', '2011-05-24 14:26:40.0', 'nf', '2011-05-24 14:26:40.0', 2), 
 (141, null, '<p>\n\tIn this case, we check the navigation from and to the <span>List of payment</span> screen.</p>\n<p>\n\tThis include :</p>\n<ul>\n\t<li>\n\t\tGoing to the Authorisation screen.</li>\n\t<li>\n\t\tComing back to tje List of payment screen.</li>\n</ul>\n', '10_Navigation', 'nf', '2011-05-24 14:26:40.0', 'nf', '2011-05-24 14:26:40.0', 2), 
 (142, null, '<p>\n\tIn this case, the <strong>Banker</strong> checks the payments with <span><u><strong>NX Bank</strong></u></span> bute the <span>date of expiry</span> has been reached for some cards.</p>\n<p>\n\t</p>\n<p>\n\tThis should returns :</p>\n<ul>\n\t<li>\n\t\ta <span>failded</span> icon</li>\n\t<li>\n\t\ta text explaining the <span>reason of failure</span></li>\n</ul>\n', '08_Banker checks payments failed date', 'nf', '2011-05-24 14:26:40.0', 'nf', '2011-05-24 14:26:40.0', 2), 
 (143, null, '<p>\n\tIn this case, the <strong>Banker</strong> checks the payments with <span><u><strong>NX Bank</strong></u></span> but some card numbers are <span>invalid</span>.</p>\n<p>\n\t</p>\n<p>\n\tThis should returns :</p>\n<ul>\n\t<li>\n\t\ta <span>failded</span> icon</li>\n\t<li>\n\t\ta text explaining the <span>reason of failure</span></li>\n</ul>\n', '09_Banker checks payments failed card', 'nf', '2011-05-24 14:26:40.0', 'nf', '2011-05-24 14:26:40.0', 2), 
 (144, null, '', '01_Nominal case', 'nf', '2011-05-24 14:26:40.0', 'nf', '2011-05-24 14:26:40.0', 2), 
 (145, null, '<p>\n\tThis is the nominal case (<span>without errors</span>) where the <strong>Banker</strong> checks the payments with <span><strong><u>NX Bank</u></strong></span>.</p>\n<p>\n\t</p>\n<p>\n\tIn this nomminal case, we also check :</p>\n<ul>\n\t<li>\n\t\tthe interface.</li>\n</ul>\n', '07_Banker checks payments successful', 'nf', '2011-05-24 14:26:40.0', 'nf', '2011-05-24 14:26:40.0', 2), 
 (146, null, '', '1_Connection to the pet store', 'nf', '2011-05-24 14:29:10.0', 'nf', '2011-05-24 14:30:47.0', 1), 
 (147, null, '', '11_Nominal case', 'nf', '2011-05-24 14:29:10.0', 'nf', '2011-05-24 14:29:10.0', 1), 
 (148, null, '<p>\n\t<span id=\"result_box\" lang=\"en\"><span class=\"hps\" title=\"Cliquer ici pour voir d''autres traductions\">There is</span> <span class=\"hps\" title=\"Cliquer ici pour voir d''autres traductions\">a</span> registred <span class=\"hps\" title=\"Cliquer ici pour voir d''autres traductions\">user</span><span title=\"Cliquer ici pour voir d''autres traductions\">.</span> <span class=\"hps\" title=\"Cliquer ici pour voir d''autres traductions\">The</span> later <span class=\"hps\" title=\"Cliquer ici pour voir d''autres traductions\">connection</span> <span class=\"hps\" title=\"Cliquer ici pour voir d''autres traductions\">can</span> <span class=\"hps\" title=\"Cliquer ici pour voir d''autres traductions\">be made via the</span> registred user<span class=\"hps\" title=\"Cliquer ici pour voir d''autres traductions\">.</span></span></p>\n', '112_Connection with a user account', 'nf', '2011-05-24 14:29:10.0', 'nf', '2011-05-24 14:29:10.0', 1), 
 (149, null, '<p>\n\t<span id=\"result_box\" lang=\"en\"><span class=\"hps\" title=\"Cliquer ici pour voir d''autres traductions\">There is</span> <span class=\"hps\" title=\"Cliquer ici pour voir d''autres traductions\">a</span> <span class=\"hps\" title=\"Cliquer ici pour voir d''autres traductions\">default</span> <span class=\"hps\" title=\"Cliquer ici pour voir d''autres traductions\">user</span><span title=\"Cliquer ici pour voir d''autres traductions\">.</span> <span class=\"hps\" title=\"Cliquer ici pour voir d''autres traductions\">The</span> <span class=\"hps\" title=\"Cliquer ici pour voir d''autres traductions\">initial connection</span> <span class=\"hps\" title=\"Cliquer ici pour voir d''autres traductions\">can</span> <span class=\"hps\" title=\"Cliquer ici pour voir d''autres traductions\">be made via the</span> <span class=\"hps\" title=\"Cliquer ici pour voir d''autres traductions\">user.</span></span></p>\n', '111_Connection with the default user', 'nf', '2011-05-24 14:29:10.0', 'nf', '2011-05-24 14:29:10.0', 1), 
 (150, null, '', '12_Other case', 'nf', '2011-05-24 14:29:10.0', 'nf', '2011-05-24 14:29:10.0', 1);

Insert into TEST_CASE_LIBRARY_NODE(TCLN_ID, DELETED_ON, DESCRIPTION, NAME, CREATED_BY, CREATED_ON, LAST_MODIFIED_BY, LAST_MODIFIED_ON, PROJECT_ID) values 
 (151, null, '<p>\n\t<span class=\"short_text\" id=\"result_box\" lang=\"en\"><span class=\"hps\" title=\"Cliquer ici pour voir d''autres traductions\">Using</span> <span class=\"hps\" title=\"Cliquer ici pour voir d''autres traductions\">a</span> <span class=\"hps\" title=\"Cliquer ici pour voir d''autres traductions\">wrong password</span></span></p>\n', '121_Invalid_password', 'nf', '2011-05-24 14:29:10.0', 'nf', '2011-05-24 14:29:10.0', 1), 
 (152, null, '<p>\n\t<span id=\"result_box\" lang=\"en\"><span class=\"hps\" title=\"Cliquer ici pour voir d''autres traductions\">User Account</span> <span class=\"hps\" title=\"Cliquer ici pour voir d''autres traductions\">log off</span> <span class=\"hps\" title=\"Cliquer ici pour voir d''autres traductions\">and</span> <span class=\"hps\" title=\"Cliquer ici pour voir d''autres traductions\">back</span> <span class=\"hps\" title=\"Cliquer ici pour voir d''autres traductions\">on</span> <span class=\"hps\" title=\"Cliquer ici pour voir d''autres traductions\">the</span> <span class=\"hps\" title=\"Cliquer ici pour voir d''autres traductions\">home page</span> <span class=\"hps\" title=\"Cliquer ici pour voir d''autres traductions\">of the catalog</span></span></p>\n', '122_Logout', 'nf', '2011-05-24 14:29:10.0', 'nf', '2011-05-24 14:29:10.0', 1), 
 (153, null, '', '2_Create a user account', 'nf', '2011-05-24 14:29:10.0', 'nf', '2011-05-25 09:32:33.0', 1), 
 (154, null, '', '21_Nominal case', 'nf', '2011-05-24 14:29:10.0', 'nf', '2011-05-24 14:29:10.0', 1), 
 (155, null, '<p>\n\t<span id=\"result_box\" lang=\"en\"><span class=\"hps\" title=\"Cliquer ici pour voir d''autres traductions\">The</span> <span class=\"hps\" title=\"Cliquer ici pour voir d''autres traductions\">home page</span> <span class=\"hps\" title=\"Cliquer ici pour voir d''autres traductions\">of the</span> <span class=\"hps\" title=\"Cliquer ici pour voir d''autres traductions\">site</span> <span class=\"hps\" title=\"Cliquer ici pour voir d''autres traductions\">does</span> <span class=\"hps\" title=\"Cliquer ici pour voir d''autres traductions\">not show the</span> <span class=\"hps\" title=\"Cliquer ici pour voir d''autres traductions\">linkMyAccount</span><span title=\"Cliquer ici pour voir d''autres traductions\">.</span> <span class=\"hps\" title=\"Cliquer ici pour voir d''autres traductions\">You must click</span> <span class=\"hps\" title=\"Cliquer ici pour voir d''autres traductions\">on</span> <span class=\"hps\" title=\"Cliquer ici pour voir d''autres traductions\">the</span> link <span class=\"hps\" title=\"Cliquer ici pour voir d''autres traductions\">JPetStore</span> <span class=\"hps\" title=\"Cliquer ici pour voir d''autres traductions\">in order to it appears</span></span></p>\n', '211_Create a new user', 'nf', '2011-05-24 14:29:10.0', 'nf', '2011-05-24 14:29:10.0', 1), 
 (156, '2011-05-24 14:32:19.0', '', '3_Modify an account', 'nf', '2011-05-24 14:29:10.0', 'nf', '2011-05-24 14:29:10.0', 1), 
 (157, '2011-05-24 14:32:19.0', '<p>\n\tChange an information of th register form.</p>\n', '31_Nominal case', 'nf', '2011-05-24 14:29:10.0', 'nf', '2011-05-24 14:29:10.0', 1), 
 (158, '2011-05-24 14:32:19.0', '<p>\n\t<span class=\"short_text\" id=\"result_box\" lang=\"en\"><span class=\"hps\" title=\"Cliquer ici pour voir d''autres traductions\">Change</span> <span class=\"hps\" title=\"Cliquer ici pour voir d''autres traductions\">the</span> <span class=\"hps\" title=\"Cliquer ici pour voir d''autres traductions\">password</span> <span class=\"hps\" title=\"Cliquer ici pour voir d''autres traductions\">of</span> <span class=\"hps\" title=\"Cliquer ici pour voir d''autres traductions\">the</span> <span class=\"hps\" title=\"Cliquer ici pour voir d''autres traductions\">account</span> <span class=\"hps\" title=\"Cliquer ici pour voir d''autres traductions\">connection</span></span></p>\n', '311_Modify_password', 'nf', '2011-05-24 14:29:10.0', 'nf', '2011-05-24 14:29:10.0', 1), 
 (159, null, '', '3_Search a pet into the catalogue', 'nf', '2011-05-24 14:29:10.0', 'nf', '2011-05-24 14:33:16.0', 1), 
 (160, null, '', '31_Nominal case', 'nf', '2011-05-24 14:29:10.0', 'nf', '2011-05-24 14:34:14.0', 1), 
 (161, null, '<p>\n\t<span id=\"result_box\" lang=\"en\"><span class=\"hps\" title=\"Cliquer ici pour voir d''autres traductions\">Research</span> <span class=\"hps\" title=\"Cliquer ici pour voir d''autres traductions\">by</span> <span class=\"hps\" title=\"Cliquer ici pour voir d''autres traductions\">one of the links</span> of the list that is on the home page on right</span></p>\n', '312_List right access', 'nf', '2011-05-24 14:29:10.0', 'nf', '2011-05-24 14:34:29.0', 1), 
 (162, null, '<p>\n\t<span id=\"result_box\" lang=\"en\"><span class=\"hps\" title=\"Cliquer ici pour voir d''autres traductions\">Research</span> <span class=\"hps\" title=\"Cliquer ici pour voir d''autres traductions\">by</span> <span class=\"hps\" title=\"Cliquer ici pour voir d''autres traductions\">one of the links</span> of central link on a horizontal bar that is on the home page on right</span></p>\n', '313_Central link on a horizontal bar access', 'nf', '2011-05-24 14:29:10.0', 'nf', '2011-05-24 14:34:35.0', 1), 
 (163, null, '<p>\n\t<span id=\"result_box\" lang=\"en\"><span class=\"hps\" title=\"Cliquer ici pour voir d''autres traductions\">Research</span> <span class=\"hps\" title=\"Cliquer ici pour voir d''autres traductions\">by</span> <span class=\"hps\" title=\"Cliquer ici pour voir d''autres traductions\">one of the picture-links</span> that is on the home page.</span></p>\n', '311_Picture research links', 'nf', '2011-05-24 14:29:10.0', 'nf', '2011-05-24 14:34:21.0', 1), 
 (164, null, '', '4_Buy a pet', 'nf', '2011-05-24 14:29:10.0', 'nf', '2011-05-24 14:35:29.0', 1), 
 (165, null, '', '41_Nominal case', 'nf', '2011-05-24 14:29:10.0', 'nf', '2011-05-24 14:35:34.0', 1), 
 (166, null, '<p>\n\t<span id=\"result_box\" lang=\"en\"><span class=\"hps\" title=\"Cliquer ici pour voir d''autres traductions\">The</span> <span class=\"hps\" title=\"Cliquer ici pour voir d''autres traductions\">user</span> <span class=\"hps\" title=\"Cliquer ici pour voir d''autres traductions\">logged into</span> <span class=\"hps\" title=\"Cliquer ici pour voir d''autres traductions\">his</span> <span class=\"hps\" title=\"Cliquer ici pour voir d''autres traductions\">personal account</span><span class=\"hps\" title=\"Cliquer ici pour voir d''autres traductions\">purchases</span> <span class=\"hps\" title=\"Cliquer ici pour voir d''autres traductions\">an animal.</span></span></p>\n', '411_Purchase after searching through the photo link ', 'nf', '2011-05-24 14:29:10.0', 'nf', '2011-05-24 14:35:43.0', 1), 
 (167, null, '<p>\n\tThe user connected cancels the last order</p>\n', '412_Cancellation of an order', 'nf', '2011-05-24 14:29:10.0', 'nf', '2011-05-24 14:35:48.0', 1), 
 (168, '2011-05-24 14:29:50.0', '', '52_Other case', 'nf', '2011-05-24 14:29:10.0', 'nf', '2011-05-24 14:29:10.0', 1), 
 (169, '2011-05-24 14:35:19.0', '', '6_Free search', 'nf', '2011-05-24 14:29:17.0', 'nf', '2011-05-24 14:29:17.0', 1), 
 (170, '2011-05-24 14:35:19.0', '', '61_Nominal case', 'nf', '2011-05-24 14:29:17.0', 'nf', '2011-05-24 14:29:17.0', 1), 
 (171, '2011-05-24 14:35:19.0', '<p>\n\tThis test verifies the free search into the catalogue.</p>\n', '611_Search freely into the catalogue', 'nf', '2011-05-24 14:29:17.0', 'nf', '2011-05-24 14:29:17.0', 1), 
 (172, '2011-05-24 14:29:59.0', '', '62_Other case', 'nf', '2011-05-24 14:29:17.0', 'nf', '2011-05-24 14:29:17.0', 1), 
 (173, '2011-05-24 14:31:37.0', '', '22_Other case', 'nf', '2011-05-24 14:31:31.0', null, null, 1), 
 (174, null, '', '22_Other case', 'nf', '2011-05-24 14:31:48.0', null, null, 1), 
 (175, null, '<p>\n\t<span class=\"short_text\" id=\"result_box\" lang=\"en\"><span class=\"hps\" title=\"Cliquer ici pour voir d''autres traductions\">Change</span> <span class=\"hps\" title=\"Cliquer ici pour voir d''autres traductions\">the</span> <span class=\"hps\" title=\"Cliquer ici pour voir d''autres traductions\">password</span> <span class=\"hps\" title=\"Cliquer ici pour voir d''autres traductions\">of</span> <span class=\"hps\" title=\"Cliquer ici pour voir d''autres traductions\">the</span> <span class=\"hps\" title=\"Cliquer ici pour voir d''autres traductions\">account</span> <span class=\"hps\" title=\"Cliquer ici pour voir d''autres traductions\">connection</span></span></p>\n', '221_Modify_password', 'nf', '2011-05-24 14:32:00.0', 'nf', '2011-05-24 14:32:30.0', 1), 
 (176, '2011-05-24 14:34:03.0', '', '32_Other case', 'nf', '2011-05-24 14:33:59.0', null, null, 1), 
 (177, null, '', '32_Other case', 'nf', '2011-05-24 14:34:44.0', 'nf', '2011-05-24 14:34:50.0', 1), 
 (178, null, '<p>\n\tThis test verifies the free search into the catalogue.</p>\n', '321_Search freely into the catalogue', 'nf', '2011-05-24 14:35:03.0', 'nf', '2011-05-24 14:35:13.0', 1), 
 (179, '2011-05-24 14:36:44.0', '<p>\n\tThis is the nominal case (<span>without errors</span>) where the <strong>Banker</strong> connects to <span><strong><u>NX Bank</u></strong></span>.</p>\n<p>\n\t</p>\n<p>\n\tIn this nomminal case, we also check :</p>\n<ul>\n\t<li>\n\t\tthe interface.</li>\n\t<li>\n\t\tthe navigation from this screen.</li>\n</ul>\n', '01_Banker connects', 'nf', '2011-05-24 14:36:12.0', 'nf', '2011-05-24 14:36:12.0', 3), 
 (180, null, '', '01_Connection to the back office', 'nf', '2011-05-24 14:36:36.0', 'nf', '2011-05-24 14:47:42.0', 3), 
 (181, '2011-05-24 14:37:11.0', '', '02_Other case', 'nf', '2011-05-24 14:36:36.0', 'nf', '2011-05-24 14:36:37.0', 3), 
 (182, null, '', '01_Nominal case', 'nf', '2011-05-24 14:36:37.0', 'nf', '2011-05-24 14:36:37.0', 3), 
 (183, null, '<p>\n\tThis is the nominal case (<span>without errors</span>) where the <strong>Banker</strong> connects to <span><strong><u>NX Bank</u></strong></span>.</p>\n<p>\n\t</p>\n<p>\n\tIn this nomminal case, we also check :</p>\n<ul>\n\t<li>\n\t\tthe interface.</li>\n\t<li>\n\t\tthe navigation from this screen.</li>\n</ul>\n', '01_Administrator connects', 'nf', '2011-05-24 14:36:37.0', 'nf', '2011-05-24 14:37:04.0', 3), 
 (184, null, '', '02_Create a \"Banker\" profile', 'nf', '2011-05-24 14:36:37.0', 'nf', '2011-05-24 14:47:59.0', 3), 
 (185, null, '', '01_Nominal case', 'nf', '2011-05-24 14:36:37.0', 'nf', '2011-05-24 14:36:37.0', 3), 
 (186, '2011-05-24 14:37:18.0', '', '02_Other case', 'nf', '2011-05-24 14:36:37.0', 'nf', '2011-05-24 14:36:37.0', 3), 
 (187, null, '<p>\n\t<span id=\"result_box\" lang=\"en\"><span class=\"hps\" title=\"Cliquer ici pour voir d''autres traductions\">Int this test, the <strong>Admin</strong> creates a user account.</span></span></p>\n', '02_Create a new profile', 'nf', '2011-05-24 14:37:33.0', 'nf', '2011-05-25 09:14:34.0', 3), 
 (188, null, '', 'test', 'guest_tpl', '2011-05-24 16:44:20.0', null, null, 4), 
 (189, null, '<p>\n\t<span>dg dfgdfdf dfg </span></p>\n', 'test case  1', 'guest_tpl', '2011-05-24 16:44:42.0', 'guest_tpl', '2011-05-24 16:45:55.0', 4), 
 (190, null, '<p>\n\t<span>dg dfgdfdf dfg </span></p>\n', 'test case  1', 'guest_tpl', '2011-05-24 16:46:20.0', null, null, 4), 
 (191, '2011-05-30 13:09:59.0', '<p>\n\tCeci est un test :</p>\n<ul>\n\t<li>\n\t\tSe connecter</li>\n\t<li>\n\t\tLog</li>\n\t<li>\n\t\tMdp</li>\n\t<li>\n\t\ttoto</li>\n\t<li>\n\t\ttoto2</li>\n</ul>\n', 'Test0002-Copie2', 'guest_t1', '2011-05-25 14:19:24.0', 'guest_t1', '2011-05-30 12:56:29.0', 5), 
 (192, '2011-05-25 14:19:43.0', '', 'dossier', 'guest_t1', '2011-05-25 14:19:31.0', null, null, 5), 
 (193, null, '', 'dossier', 'guest_t1', '2011-05-25 14:19:49.0', null, null, 5), 
 (194, '2011-06-08 10:36:03.0', '<p>\n\t<a href=\"https://ci.squashtest.org/jenkins/job/se-jcr/build?delay=0sec\" id=\"run\" onclick=\"window.open(this.href, ''Testlancementjenkins'', ''resizable=yes,status=no,location=no,toolbar=no,menubar=no,fullscreen=no,scrollbars=no,dependent=yes,width=300,left=200,height=200,top=100''return fals\">edition</a></p>\n', 'toto', 'guest_t1', '2011-05-25 14:19:59.0', 'guest_t1', '2011-05-31 07:44:20.0', 5), 
 (195, null, '', 'totot', 'guest_t1', '2011-05-25 14:20:08.0', 'guest_t1', '2011-05-25 14:21:33.0', 5), 
 (196, '2011-06-08 10:35:51.0', '', 'totot', 'guest_t1', '2011-05-25 14:21:37.0', null, null, 5), 
 (197, null, '<p>\n\tCeci est un test :</p>\n<ul>\n\t<li hasattached=\"true\">\n\t\tSe connecter</li>\n\t<li>\n\t\tLog</li>\n\t<li>\n\t\tMdp</li>\n\t<li hasattached=\"true\">\n\t\ttttt</li>\n\t<li hasattached=\"true\">\n\t\ttest333333</li>\n\t<li>\n\t\ttest2</li>\n</ul>\n', 'Test0002', 'guest_t1', '2011-05-25 14:41:23.0', 'guest_t1', '2011-06-12 12:20:43.0', 5), 
 (198, null, '<p>\n\tTous les cas de tests associs  la fonctionnalits Bibliothque de modles dactes</p>\n', 'Bibliothèque de modèles d''actes', 'guest_tpl', '2011-05-30 13:59:56.0', null, null, 4), 
 (199, null, '<p>\n\tRechercher un modle dacte et lafficher en mode dition pour crer un nouvel acte bas sur ce modle.</p>\n', 'Rechercher un modèle d''acte', 'guest_tpl', '2011-05-30 14:00:53.0', 'guest_tpl', '2011-05-30 14:06:07.0', 4), 
 (200, null, '<p>\n\tRecherche dun modle dacte inexistant pour afficher le message Aucun rsultat na t trouv pour ces critres</p>\n', 'Rechercher un modèle d'' acte inexistant', 'guest_tpl', '2011-05-30 14:35:50.0', 'guest_tpl', '2011-05-30 14:37:05.0', 4);

Insert into TEST_CASE_LIBRARY_NODE(TCLN_ID, DELETED_ON, DESCRIPTION, NAME, CREATED_BY, CREATED_ON, LAST_MODIFIED_BY, LAST_MODIFIED_ON, PROJECT_ID) values 
 (201, null, '', 'Formulaire de recherche', 'guest_tpl', '2011-05-31 08:23:47.0', null, null, 4), 
 (202, null, '<p>\n\tRecherche dun modle dacte inexistant pour afficher le message Aucun rsultat na t trouv pour ces critres</p>\n', 'Rechercher un modèle d'' acte inexistant', 'guest_tpl', '2011-05-31 08:24:13.0', null, null, 4), 
 (203, null, '<p>\n\tRechercher un modle dacte et lafficher en mode dition pour crer un nouvel acte bas sur ce modle.</p>\n', 'Rechercher un modèle d''acte', 'guest_tpl', '2011-05-31 08:24:13.0', null, null, 4), 
 (204, null, '<p>\n\tbla bla</p>\n<p>\n\tbla</p>\n', 'essai eric', 'guest_t1', '2011-06-01 15:24:26.0', 'guest_t1', '2011-06-11 10:34:20.0', 5), 
 (205, '2011-06-09 08:51:01.0', '', 'dossier2', 'guest_t1', '2011-06-09 08:44:08.0', null, null, 5), 
 (206, null, '', 'second dossier', 'guest_t1', '2011-06-16 14:11:44.0', null, null, 5), 
 (207, null, '<p>\n\tRechercher un modle dacte et lafficher en mode dition pour crer un nouvel acte bas sur ce modle.</p>\n', 'Rechercher un modèle d''acte', 'guest_tpl', '2011-06-19 21:26:42.0', null, null, 4), 
 (208, null, '', 'tc#2', 'guest_t2', '2011-06-20 09:33:01.0', null, null, 4), 
 (209, null, '', 'tc#3', 'guest_tpl', '2011-06-22 08:21:06.0', null, null, 4);

Insert into CAMPAIGN_FOLDER(CLN_ID) values 
 (2), 
 (3), 
 (4), 
 (6), 
 (10), 
 (11), 
 (12);

Insert into CAMPAIGN(CLN_ID, ACTUAL_END_AUTO, ACTUAL_END_DATE, ACTUAL_START_AUTO, ACTUAL_START_DATE, SCHEDULED_END_DATE, SCHEDULED_START_DATE, ATTACHMENT_LIST_ID) values 
 (1, false, null, false, null, null, null, 4), 
 (5, false, '2011-05-20 00:00:00.0', false, '2011-05-16 00:00:00.0', '2011-05-20 00:00:00.0', '2011-05-16 00:00:00.0', 180), 
 (7, false, null, false, null, null, null, 454), 
 (8, false, '2011-05-24 22:00:00.0', false, '2011-05-24 22:00:00.0', '2011-05-24 22:00:00.0', '2011-05-24 22:00:00.0', 464), 
 (9, false, '2011-05-24 22:00:00.0', false, '2011-05-24 22:00:00.0', '2011-05-24 22:00:00.0', '2011-05-24 22:00:00.0', 465), 
 (13, false, '2013-05-31 08:32:27.0', true, '2012-06-07 08:22:58.0', '2011-05-29 22:00:00.0', '2011-05-29 22:00:00.0', 489), 
 (14, false, null, false, null, null, null, 493);

Insert into CAMPAIGN_LIBRARY_CONTENT(LIBRARY_ID, CONTENT_ID) values 
 (1, 1), 
 (1, 3), 
 (2, 2), 
 (3, 4), 
 (4, 10), 
 (5, 6);

Insert into REQUIREMENT(RLN_ID, REFERENCE, CRITICALITY, ATTACHMENT_LIST_ID) values 
 (1, null, 'UNDEFINED', 1), 
 (2, null, 'UNDEFINED', 8), 
 (3, null, 'UNDEFINED', 9), 
 (57, null, 'UNDEFINED', 12), 
 (58, null, 'UNDEFINED', 13), 
 (59, null, 'UNDEFINED', 14), 
 (62, 'NXB_01_2', 'UNDEFINED', 17), 
 (63, 'NXB_01_1', 'UNDEFINED', 18), 
 (64, 'NXB_01_6', 'UNDEFINED', 19), 
 (65, 'NXB_01_5', 'UNDEFINED', 20), 
 (66, null, 'UNDEFINED', 21), 
 (67, 'NXPS_01_9', 'UNDEFINED', 23), 
 (68, 'NXB_01_7', 'UNDEFINED', 27), 
 (69, 'NXB_01_4', 'UNDEFINED', 28), 
 (70, 'NXB_01_3', 'UNDEFINED', 29), 
 (71, 'NXB_01_8', 'UNDEFINED', 35), 
 (72, 'NXPS_01_5', 'UNDEFINED', 42), 
 (73, null, 'UNDEFINED', 94), 
 (74, null, 'UNDEFINED', 95), 
 (75, null, 'UNDEFINED', 99), 
 (76, null, 'UNDEFINED', 103), 
 (77, null, 'UNDEFINED', 104), 
 (78, null, 'UNDEFINED', 105), 
 (79, null, 'UNDEFINED', 106), 
 (80, null, 'UNDEFINED', 107), 
 (81, null, 'UNDEFINED', 108), 
 (82, 'NXB_02_7', 'UNDEFINED', 109), 
 (83, 'NXB_02_9', 'UNDEFINED', 111), 
 (84, 'NXB_02_8', 'UNDEFINED', 112), 
 (85, 'NXB_02_6', 'UNDEFINED', 113), 
 (86, 'NXB_02_5', 'UNDEFINED', 114), 
 (87, 'NXB_02_1', 'UNDEFINED', 115), 
 (88, 'NXB_02_2', 'UNDEFINED', 116), 
 (89, 'NXB_02_3', 'UNDEFINED', 118), 
 (90, null, 'UNDEFINED', 132), 
 (91, 'NXB_02_4', 'UNDEFINED', 134), 
 (92, null, 'UNDEFINED', 152), 
 (97, null, 'UNDEFINED', 153), 
 (98, null, 'UNDEFINED', 154), 
 (101, 'NXPS_01_1', 'UNDEFINED', 293), 
 (102, 'NXPS_01_4', 'UNDEFINED', 294), 
 (103, 'NXPS_01_2', 'UNDEFINED', 295), 
 (104, 'NXPS_01_8', 'UNDEFINED', 298), 
 (105, 'NXPS_01_6', 'UNDEFINED', 300), 
 (106, 'NXPS_01_10', 'UNDEFINED', 302), 
 (107, 'NXPS_01_3', 'UNDEFINED', 303), 
 (108, 'NXPS_01_7', 'UNDEFINED', 315), 
 (109, 'NXPS_02_3', 'UNDEFINED', 318), 
 (110, null, 'UNDEFINED', 320), 
 (111, 'NXPS_02_4', 'UNDEFINED', 321);

Insert into REQUIREMENT(RLN_ID, REFERENCE, CRITICALITY, ATTACHMENT_LIST_ID) values 
 (112, 'NXPS_02_2', 'UNDEFINED', 322), 
 (113, 'NXPS_02_1', 'UNDEFINED', 323), 
 (114, null, 'UNDEFINED', 330), 
 (116, null, 'UNDEFINED', 333), 
 (117, null, 'UNDEFINED', 334), 
 (118, null, 'UNDEFINED', 335), 
 (119, '', 'MINOR', 353), 
 (120, '', 'MINOR', 358), 
 (122, 'NXB_01_5', 'MAJOR', 408), 
 (123, 'NXB_01_2', 'MAJOR', 409), 
 (124, 'NXB_01_7', 'MINOR', 410), 
 (125, 'NXB_01_4', 'MINOR', 411), 
 (126, 'NXB_01_6', 'CRITICAL', 412), 
 (127, 'NXB_01_8', 'MINOR', 413), 
 (128, 'NXB_01_3', 'MINOR', 414), 
 (129, 'NXB_01_1', 'CRITICAL', 415), 
 (131, 'NXB_02_3', 'MAJOR', 416), 
 (132, 'NXB_02_5', 'MAJOR', 417), 
 (133, 'NXB_02_8', 'CRITICAL', 418), 
 (134, 'NXB_02_9', 'MAJOR', 419), 
 (135, 'NXB_02_4', 'MAJOR', 420), 
 (136, 'NXB_02_6', 'CRITICAL', 421), 
 (137, 'NXB_02_2', 'MAJOR', 422), 
 (138, 'NXB_02_1', 'MAJOR', 423), 
 (139, 'NXB_02_7', 'MAJOR', 424), 
 (141, 'NXPS_01_4', 'CRITICAL', 425), 
 (142, 'NXPS_01_10', 'MINOR', 426), 
 (143, 'NXPS_01_3', 'MAJOR', 427), 
 (144, 'NXPS_01_2', 'MAJOR', 428), 
 (145, 'NXPS_01_1', 'MAJOR', 429), 
 (146, 'NXPS_01_9', 'CRITICAL', 430), 
 (147, 'NXPS_01_6', 'CRITICAL', 431), 
 (148, 'NXPS_01_7', 'MAJOR', 432), 
 (149, 'NXPS_01_8', 'CRITICAL', 433), 
 (150, 'NXPS_01_5', 'MINOR', 434), 
 (152, 'NXPS_02_3', 'CRITICAL', 435), 
 (153, 'NXPS_02_2', 'MINOR', 436), 
 (154, 'NXPS_02_1', 'MINOR', 437), 
 (155, 'NXPS_02_4', 'MINOR', 438), 
 (157, 'NXPS_03_1', 'MAJOR', 439), 
 (159, 'NXPS_04_1', 'CRITICAL', 440), 
 (160, 'NXPS_04_2', 'CRITICAL', 441), 
 (161, 'NXPS_04_3', 'MINOR', 442), 
 (163, 'NXPS_05_1', 'CRITICAL', 443), 
 (165, 'NXPS_06_1', 'MINOR', 444), 
 (166, 'NXPS_06_2', 'MAJOR', 445), 
 (169, 'NXB_01_5', 'UNDEFINED', 446), 
 (170, 'NXB_01_6', 'UNDEFINED', 447), 
 (171, 'NXPSB_01_1', 'MAJOR', 448), 
 (172, 'NXPSB_01_2', 'CRITICAL', 449);

Insert into REQUIREMENT(RLN_ID, REFERENCE, CRITICALITY, ATTACHMENT_LIST_ID) values 
 (173, 'NXPSB_02_1', 'MAJOR', 450), 
 (174, 'NXPSB_02_2', 'MINOR', 451), 
 (176, 'MOD_1.1', 'CRITICAL', 484), 
 (177, 'MOD_1.2', 'MAJOR', 497), 
 (178, 'MOD_1.2', 'MAJOR', 498), 
 (179, 'MOD_1.2', 'MAJOR', 499), 
 (181, '', 'MINOR', 566);

Insert into TEST_CASE_FOLDER(TCLN_ID) values 
 (3), 
 (4), 
 (5), 
 (6), 
 (7), 
 (8), 
 (9), 
 (10), 
 (11), 
 (12), 
 (13), 
 (14), 
 (15), 
 (16), 
 (17), 
 (18), 
 (19), 
 (20), 
 (22), 
 (23), 
 (24), 
 (25), 
 (26), 
 (27), 
 (28), 
 (29), 
 (30), 
 (31), 
 (32), 
 (33), 
 (34), 
 (35), 
 (36), 
 (37), 
 (38), 
 (39), 
 (40), 
 (41), 
 (42), 
 (43), 
 (44), 
 (45), 
 (46), 
 (47), 
 (48), 
 (49), 
 (50), 
 (51), 
 (52), 
 (53);

Insert into TEST_CASE_FOLDER(TCLN_ID) values 
 (54), 
 (55), 
 (56), 
 (57), 
 (58), 
 (59), 
 (75), 
 (82), 
 (84), 
 (96), 
 (97), 
 (98), 
 (99), 
 (101), 
 (107), 
 (108), 
 (112), 
 (114), 
 (115), 
 (117), 
 (123), 
 (124), 
 (128), 
 (130), 
 (131), 
 (133), 
 (139), 
 (140), 
 (144), 
 (146), 
 (147), 
 (150), 
 (153), 
 (154), 
 (156), 
 (157), 
 (159), 
 (160), 
 (164), 
 (165), 
 (168), 
 (169), 
 (170), 
 (172), 
 (174), 
 (177), 
 (180), 
 (181), 
 (182), 
 (184);

Insert into TEST_CASE_FOLDER(TCLN_ID) values 
 (185), 
 (186), 
 (188), 
 (193), 
 (198), 
 (201), 
 (205), 
 (206);

Insert into REQUIREMENT_FOLDER(RLN_ID) values 
 (4), 
 (5), 
 (6), 
 (7), 
 (8), 
 (9), 
 (10), 
 (11), 
 (12), 
 (13), 
 (14), 
 (15), 
 (16), 
 (17), 
 (18), 
 (19), 
 (20), 
 (21), 
 (22), 
 (23), 
 (24), 
 (25), 
 (26), 
 (27), 
 (28), 
 (29), 
 (30), 
 (31), 
 (32), 
 (33), 
 (34), 
 (35), 
 (36), 
 (37), 
 (38), 
 (39), 
 (40), 
 (41), 
 (42), 
 (43), 
 (44), 
 (45), 
 (46), 
 (47), 
 (48), 
 (49), 
 (50), 
 (51), 
 (52), 
 (53);

Insert into REQUIREMENT_FOLDER(RLN_ID) values 
 (54), 
 (55), 
 (56), 
 (60), 
 (61), 
 (93), 
 (94), 
 (95), 
 (96), 
 (99), 
 (100), 
 (115), 
 (121), 
 (130), 
 (140), 
 (151), 
 (156), 
 (158), 
 (162), 
 (164), 
 (167), 
 (168), 
 (175), 
 (180);

Insert into REQUIREMENT_LIBRARY_CONTENT(LIBRARY_ID, CONTENT_ID) values 
 (1, 1), 
 (1, 2), 
 (1, 3), 
 (1, 7), 
 (1, 140), 
 (1, 151), 
 (1, 156), 
 (1, 158), 
 (1, 162), 
 (1, 164), 
 (2, 4), 
 (2, 121), 
 (2, 130), 
 (3, 13), 
 (3, 167), 
 (3, 168), 
 (3, 169), 
 (3, 170), 
 (4, 175), 
 (5, 180), 
 (5, 181);

Insert into TEST_CASE(TCLN_ID, VERSION, EXECUTION_MODE, ATTACHMENT_LIST_ID) values 
 (1, 1, 'MANUAL', 2), 
 (2, 1, 'MANUAL', 10), 
 (21, 1, 'MANUAL', 11), 
 (60, 1, 'MANUAL', 15), 
 (61, 1, 'MANUAL', 16), 
 (62, 1, 'MANUAL', 24), 
 (63, 1, 'MANUAL', 26), 
 (64, 1, 'MANUAL', 30), 
 (65, 1, 'MANUAL', 32), 
 (66, 1, 'MANUAL', 34), 
 (67, 1, 'MANUAL', 38), 
 (68, 1, 'MANUAL', 39), 
 (69, 1, 'MANUAL', 40), 
 (70, 1, 'MANUAL', 41), 
 (71, 1, 'MANUAL', 67), 
 (72, 1, 'MANUAL', 74), 
 (73, 1, 'MANUAL', 110), 
 (74, 1, 'MANUAL', 117), 
 (76, 1, 'MANUAL', 119), 
 (77, 1, 'MANUAL', 137), 
 (78, 1, 'MANUAL', 138), 
 (79, 1, 'MANUAL', 139), 
 (80, 1, 'MANUAL', 140), 
 (81, 1, 'MANUAL', 147), 
 (83, 1, 'MANUAL', 149), 
 (85, 1, 'MANUAL', 150), 
 (86, 1, 'MANUAL', 159), 
 (87, 1, 'MANUAL', 283), 
 (88, 1, 'MANUAL', 290), 
 (89, 1, 'MANUAL', 306), 
 (90, 1, 'MANUAL', 307), 
 (91, 1, 'MANUAL', 316), 
 (92, 1, 'MANUAL', 326), 
 (93, 1, 'MANUAL', 348), 
 (94, 1, 'MANUAL', 351), 
 (95, 1, 'MANUAL', 354), 
 (100, 1, 'MANUAL', 359), 
 (102, 1, 'MANUAL', 360), 
 (103, 1, 'MANUAL', 361), 
 (104, 1, 'MANUAL', 362), 
 (105, 1, 'MANUAL', 363), 
 (106, 1, 'MANUAL', 364), 
 (109, 1, 'MANUAL', 365), 
 (110, 1, 'MANUAL', 366), 
 (111, 1, 'MANUAL', 367), 
 (113, 1, 'MANUAL', 368), 
 (116, 1, 'MANUAL', 369), 
 (118, 1, 'MANUAL', 370), 
 (119, 1, 'MANUAL', 371), 
 (120, 1, 'MANUAL', 372);

Insert into TEST_CASE(TCLN_ID, VERSION, EXECUTION_MODE, ATTACHMENT_LIST_ID) values 
 (121, 1, 'MANUAL', 373), 
 (122, 1, 'MANUAL', 374), 
 (125, 1, 'MANUAL', 375), 
 (126, 1, 'MANUAL', 376), 
 (127, 1, 'MANUAL', 377), 
 (129, 1, 'MANUAL', 378), 
 (132, 1, 'MANUAL', 379), 
 (134, 1, 'MANUAL', 380), 
 (135, 1, 'MANUAL', 381), 
 (136, 1, 'MANUAL', 382), 
 (137, 1, 'MANUAL', 383), 
 (138, 1, 'MANUAL', 384), 
 (141, 1, 'MANUAL', 385), 
 (142, 1, 'MANUAL', 386), 
 (143, 1, 'MANUAL', 387), 
 (145, 1, 'MANUAL', 388), 
 (148, 1, 'MANUAL', 389), 
 (149, 1, 'MANUAL', 390), 
 (151, 1, 'MANUAL', 391), 
 (152, 1, 'MANUAL', 392), 
 (155, 1, 'MANUAL', 393), 
 (158, 1, 'MANUAL', 394), 
 (161, 1, 'MANUAL', 395), 
 (162, 1, 'MANUAL', 396), 
 (163, 1, 'MANUAL', 397), 
 (166, 1, 'MANUAL', 398), 
 (167, 1, 'MANUAL', 399), 
 (171, 1, 'MANUAL', 400), 
 (173, 1, 'MANUAL', 401), 
 (175, 1, 'MANUAL', 402), 
 (176, 1, 'MANUAL', 403), 
 (178, 1, 'MANUAL', 404), 
 (179, 1, 'MANUAL', 405), 
 (183, 1, 'MANUAL', 406), 
 (187, 1, 'MANUAL', 407), 
 (189, 1, 'MANUAL', 452), 
 (190, 1, 'MANUAL', 453), 
 (191, 1, 'MANUAL', 468), 
 (192, 1, 'MANUAL', 469), 
 (194, 1, 'MANUAL', 470), 
 (195, 1, 'MANUAL', 471), 
 (196, 1, 'MANUAL', 472), 
 (197, 1, 'MANUAL', 473), 
 (199, 1, 'MANUAL', 485), 
 (200, 1, 'MANUAL', 490), 
 (202, 1, 'MANUAL', 500), 
 (203, 1, 'MANUAL', 501), 
 (204, 1, 'MANUAL', 539), 
 (207, 1, 'MANUAL', 564), 
 (208, 1, 'MANUAL', 565);

Insert into TEST_CASE(TCLN_ID, VERSION, EXECUTION_MODE, ATTACHMENT_LIST_ID) values 
 (209, 1, 'MANUAL', 581);

Insert into TEST_CASE_LIBRARY_CONTENT(LIBRARY_ID, CONTENT_ID) values 
 (1, 1), 
 (1, 2), 
 (1, 3), 
 (1, 146), 
 (1, 153), 
 (1, 156), 
 (1, 159), 
 (1, 164), 
 (1, 169), 
 (2, 11), 
 (2, 96), 
 (2, 114), 
 (2, 123), 
 (2, 130), 
 (2, 139), 
 (3, 13), 
 (3, 180), 
 (3, 184), 
 (4, 188), 
 (4, 190), 
 (4, 198), 
 (4, 208), 
 (4, 209), 
 (5, 191), 
 (5, 192), 
 (5, 193), 
 (5, 206);

Insert into TEST_CASE_REQUIREMENT_LINK(TEST_CASE_ID, REQUIREMENT_ID) values 
 (85, 108), 
 (85, 148), 
 (132, 63), 
 (132, 64), 
 (132, 65), 
 (132, 169), 
 (132, 170), 
 (134, 68), 
 (134, 70), 
 (134, 124), 
 (134, 128), 
 (135, 62), 
 (135, 123), 
 (136, 68), 
 (136, 124), 
 (137, 69), 
 (137, 125), 
 (138, 71), 
 (138, 127), 
 (141, 64), 
 (141, 83), 
 (141, 134), 
 (141, 170), 
 (142, 87), 
 (142, 89), 
 (142, 131), 
 (142, 138), 
 (143, 88), 
 (143, 89), 
 (143, 131), 
 (143, 137), 
 (145, 82), 
 (145, 84), 
 (145, 85), 
 (145, 86), 
 (145, 87), 
 (145, 88), 
 (145, 89), 
 (145, 91), 
 (145, 98), 
 (145, 131), 
 (145, 132), 
 (145, 133), 
 (145, 135), 
 (145, 136), 
 (145, 137), 
 (145, 138), 
 (145, 139), 
 (145, 163), 
 (148, 72);

Insert into TEST_CASE_REQUIREMENT_LINK(TEST_CASE_ID, REQUIREMENT_ID) values 
 (148, 103), 
 (148, 105), 
 (148, 107), 
 (148, 143), 
 (148, 144), 
 (148, 147), 
 (148, 150), 
 (149, 101), 
 (149, 102), 
 (149, 103), 
 (149, 104), 
 (149, 141), 
 (149, 144), 
 (149, 145), 
 (149, 149), 
 (151, 106), 
 (151, 142), 
 (152, 108), 
 (152, 148), 
 (155, 72), 
 (155, 109), 
 (155, 111), 
 (155, 112), 
 (155, 113), 
 (155, 150), 
 (175, 110), 
 (175, 114), 
 (175, 157), 
 (178, 119), 
 (178, 120), 
 (178, 165), 
 (178, 166), 
 (183, 123), 
 (183, 171), 
 (183, 172), 
 (187, 173), 
 (187, 174), 
 (189, 152), 
 (189, 153), 
 (189, 154), 
 (189, 155), 
 (190, 176), 
 (190, 179), 
 (197, 179), 
 (199, 176), 
 (200, 176), 
 (202, 176), 
 (203, 176), 
 (207, 176), 
 (208, 179);

Insert into RLN_RELATIONSHIP(ANCESTOR_ID, DESCENDANT_ID) values 
 (16, 30), 
 (16, 44), 
 (140, 141), 
 (140, 142), 
 (140, 143), 
 (140, 144), 
 (140, 145), 
 (140, 146), 
 (140, 147), 
 (140, 148), 
 (140, 149), 
 (140, 150), 
 (151, 152), 
 (151, 153), 
 (151, 154), 
 (151, 155), 
 (156, 157), 
 (158, 159), 
 (158, 160), 
 (158, 161), 
 (162, 163), 
 (164, 165), 
 (164, 166), 
 (15, 25), 
 (15, 26), 
 (15, 27), 
 (121, 122), 
 (121, 123), 
 (121, 124), 
 (121, 125), 
 (121, 126), 
 (121, 127), 
 (121, 128), 
 (121, 129), 
 (130, 131), 
 (130, 132), 
 (130, 133), 
 (130, 134), 
 (130, 135), 
 (130, 136), 
 (130, 137), 
 (130, 138), 
 (130, 139), 
 (167, 171), 
 (167, 172), 
 (168, 173), 
 (168, 174), 
 (175, 176), 
 (175, 179);

Insert into CAMPAIGN_TEST_PLAN(CAMPAIGN_ID, TEST_CASE_ID) values 
 (5, 62), 
 (5, 66), 
 (5, 67), 
 (5, 68), 
 (5, 69), 
 (5, 70), 
 (5, 77), 
 (5, 78), 
 (5, 79), 
 (5, 80), 
 (7, 93), 
 (7, 148), 
 (8, 148), 
 (7, 149), 
 (8, 149), 
 (7, 151), 
 (8, 151), 
 (7, 152), 
 (8, 152), 
 (7, 155), 
 (8, 155), 
 (8, 161), 
 (8, 162), 
 (8, 163), 
 (8, 166), 
 (8, 167), 
 (8, 175), 
 (8, 178), 
 (9, 183), 
 (9, 187), 
 (14, 194), 
 (13, 202), 
 (13, 203);

Insert into CAMPAIGN_ITERATION(CAMPAIGN_ID, ITERATION_ID, ITERATION_ORDER) values 
 (8, 6, 0), 
 (7, 5, 0), 
 (5, 2, 0), 
 (5, 3, 1), 
 (5, 4, 2), 
 (9, 7, 0), 
 (13, 8, 0), 
 (13, 11, 1), 
 (13, 12, 2), 
 (13, 13, 3), 
 (13, 14, 4), 
 (14, 9, 0), 
 (14, 10, 1);

Insert into TCLN_RELATIONSHIP(ANCESTOR_ID, DESCENDANT_ID) values 
 (146, 147), 
 (146, 150), 
 (147, 148), 
 (147, 149), 
 (150, 151), 
 (150, 152), 
 (153, 154), 
 (153, 173), 
 (153, 174), 
 (154, 155), 
 (159, 160), 
 (159, 176), 
 (159, 177), 
 (160, 161), 
 (160, 162), 
 (160, 163), 
 (164, 165), 
 (164, 168), 
 (165, 166), 
 (165, 167), 
 (174, 175), 
 (177, 178), 
 (130, 131), 
 (130, 133), 
 (131, 132), 
 (133, 134), 
 (133, 135), 
 (133, 136), 
 (133, 137), 
 (133, 138), 
 (139, 140), 
 (139, 144), 
 (140, 141), 
 (140, 142), 
 (140, 143), 
 (144, 145), 
 (180, 181), 
 (180, 182), 
 (182, 183), 
 (184, 185), 
 (184, 186), 
 (185, 187), 
 (188, 189), 
 (188, 207), 
 (193, 194), 
 (193, 196), 
 (193, 197), 
 (193, 204), 
 (193, 205), 
 (198, 201);

Insert into TCLN_RELATIONSHIP(ANCESTOR_ID, DESCENDANT_ID) values 
 (201, 202);

Insert into CLN_RELATIONSHIP(ANCESTOR_ID, DESCENDANT_ID) values 
 (2, 5), 
 (3, 8), 
 (4, 9), 
 (6, 7), 
 (6, 14), 
 (10, 11), 
 (11, 12), 
 (12, 13);

Insert into ITEM_TEST_PLAN(ITEM_TEST_PLAN_ID, EXECUTION_STATUS, LAST_EXECUTED_BY, LAST_EXECUTED_ON, TCLN_ID, LABEL, CREATED_BY, CREATED_ON, LAST_MODIFIED_BY, LAST_MODIFIED_ON) values 
 (1, 'READY', null, null, 1, 'hfhfh', 'nf', '2011-05-13 10:45:20.0', null, null), 
 (2, 'READY', null, null, 62, '01_Banker connects', 'nf', '2011-05-19 14:02:28.0', 'henix_admin', '2011-05-25 09:28:37.0'), 
 (3, 'FAILURE', 'nf', '2011-05-19 14:28:48.0', 66, '03_Non Banker connects', 'nf', '2011-05-19 14:02:28.0', 'nf', '2011-05-19 14:28:48.0'), 
 (4, 'READY', null, null, 67, '02_Browser', 'nf', '2011-05-19 14:02:28.0', 'henix_admin', '2011-05-25 09:27:55.0'), 
 (5, 'READY', null, null, 68, '04_Controls', 'nf', '2011-05-19 14:02:28.0', 'guest_tpl', '2011-05-20 18:26:11.0'), 
 (6, 'SUCCESS', 'nf', '2011-05-19 14:47:17.0', 69, '06_Wrong Login Password', 'nf', '2011-05-19 14:02:28.0', 'nf', '2011-05-19 14:47:17.0'), 
 (7, 'SUCCESS', 'nf', '2011-05-19 14:51:52.0', 70, '05_Incomplete Login Password', 'nf', '2011-05-19 14:02:28.0', 'nf', '2011-05-19 14:51:52.0'), 
 (8, 'SUCCESS', 'nf', '2011-05-19 14:21:43.0', 77, '07_Banker checks payments successful', 'nf', '2011-05-19 14:02:28.0', 'nf', '2011-05-19 14:21:43.0'), 
 (9, 'SUCCESS', 'nf', '2011-05-19 15:00:13.0', 78, '08_Banker checks payments failed date', 'nf', '2011-05-19 14:02:28.0', 'nf', '2011-05-19 15:00:13.0'), 
 (10, 'FAILURE', 'nf', '2011-05-19 15:01:55.0', 79, '10_Navigation', 'nf', '2011-05-19 14:02:28.0', 'nf', '2011-05-19 15:01:55.0'), 
 (11, 'SUCCESS', 'nf', '2011-05-19 15:05:54.0', 80, '09_Banker checks payments failed card', 'nf', '2011-05-19 14:02:28.0', 'nf', '2011-05-19 15:05:54.0'), 
 (12, 'BLOQUED', 'nf', '2011-05-19 15:51:06.0', 62, '01_Banker connects', 'nf', '2011-05-19 15:06:22.0', 'nf', '2011-05-19 15:51:06.0'), 
 (13, 'SUCCESS', 'nf', '2011-05-19 15:53:11.0', 66, '03_Non Banker connects', 'nf', '2011-05-19 15:06:22.0', 'nf', '2011-05-19 15:53:11.0'), 
 (14, 'READY', null, null, 67, '02_Browser', 'nf', '2011-05-19 15:06:22.0', 'guest_tpl', '2011-05-20 18:25:03.0'), 
 (18, 'SUCCESS', 'nf', '2011-05-19 15:57:22.0', 77, '07_Banker checks payments successful', 'nf', '2011-05-19 15:06:22.0', 'nf', '2011-05-19 15:57:22.0'), 
 (20, 'SUCCESS', 'nf', '2011-05-19 15:59:13.0', 79, '10_Navigation', 'nf', '2011-05-19 15:06:22.0', 'nf', '2011-05-19 15:59:13.0'), 
 (22, 'READY', null, null, 62, '01_Banker connects', 'nf', '2011-05-19 15:59:44.0', null, null), 
 (24, 'READY', null, null, 67, '02_Browser', 'nf', '2011-05-19 15:59:44.0', null, null), 
 (28, 'READY', null, null, 77, '07_Banker checks payments successful', 'nf', '2011-05-19 15:59:44.0', null, null), 
 (29, 'SUCCESS', 'guest_tpl', '2011-06-17 15:57:11.0', 93, 'Test0002', 'guest_t1', '2011-05-25 08:11:46.0', 'guest_tpl', '2011-06-17 15:57:11.0'), 
 (30, 'READY', null, null, 148, '112_Connection with a user account', 'guest_t1', '2011-05-25 08:11:46.0', 'guest_t1', '2011-05-26 19:58:11.0'), 
 (31, 'FAILURE', 'guest_tpl', '2011-06-21 08:41:00.0', 149, '111_Connection with the default user', 'guest_t1', '2011-05-25 08:11:46.0', 'guest_tpl', '2011-06-21 08:41:00.0'), 
 (32, 'READY', null, null, 151, '121_Invalid_password', 'guest_t1', '2011-05-25 08:11:46.0', null, null), 
 (33, 'READY', null, null, 152, '122_Logout', 'guest_t1', '2011-05-25 08:11:46.0', null, null), 
 (34, 'BLOQUED', null, null, 155, '211_Create a new user', 'guest_t1', '2011-05-25 08:11:46.0', null, null), 
 (35, 'READY', null, null, 183, '01_Administrator connects', 'nf', '2011-05-25 09:37:37.0', null, null), 
 (36, 'READY', null, null, 187, '02_Create a new profile', 'nf', '2011-05-25 09:37:37.0', null, null), 
 (37, 'RUNNING', 'guest_tpl', '2011-06-15 11:14:46.0', 199, 'Rechercher un modèle d''acte', 'guest_tpl', '2011-05-30 14:46:05.0', 'guest_tpl', '2011-06-15 11:14:49.0'), 
 (38, 'READY', null, null, 194, 'toto', 'guest_t1', '2011-05-31 07:48:30.0', null, null), 
 (39, 'FAILURE', 'guest_tpl', '2011-05-31 09:38:03.0', 199, 'Rechercher un modèle d''acte', 'guest_tpl', '2011-05-31 09:31:07.0', 'guest_tpl', '2011-05-31 09:38:03.0'), 
 (40, 'FAILURE', 'guest_tpl', '2011-05-31 09:51:18.0', 199, 'Rechercher un modèle d''acte', 'guest_tpl', '2011-05-31 09:48:19.0', 'guest_tpl', '2011-05-31 09:51:18.0'), 
 (41, 'SUCCESS', 'guest_tpl', '2011-05-31 12:06:44.0', 199, 'Rechercher un modèle d''acte', 'guest_tpl', '2011-05-31 12:05:47.0', 'guest_tpl', '2011-05-31 12:06:44.0'), 
 (42, 'FAILURE', 'guest_tpl', '2011-05-31 12:07:33.0', 202, 'Rechercher un modèle d'' acte inexistant', 'guest_tpl', '2011-05-31 12:05:47.0', 'guest_tpl', '2011-05-31 12:07:33.0'), 
 (43, 'READY', null, null, 203, 'Rechercher un modèle d''acte', 'guest_tpl', '2011-05-31 12:05:47.0', null, null), 
 (44, 'READY', null, null, 199, 'Rechercher un modèle d''acte', 'guest_tpl', '2011-05-31 14:46:34.0', null, null), 
 (45, 'READY', null, null, 202, 'Rechercher un modèle d'' acte inexistant', 'guest_tpl', '2011-05-31 14:46:34.0', null, null), 
 (46, 'READY', null, null, 203, 'Rechercher un modèle d''acte', 'guest_tpl', '2011-05-31 14:46:34.0', null, null);

Insert into EXECUTION(EXECUTION_ID, TCLN_ID, CREATED_BY, CREATED_ON, LAST_MODIFIED_BY, LAST_MODIFIED_ON, DESCRIPTION, NAME, EXECUTION_MODE, EXECUTION_STATUS, LAST_EXECUTED_BY, LAST_EXECUTED_ON, ATTACHMENT_LIST_ID, ISSUE_LIST_ID) values 
 (1, 1, 'nf', '2011-05-13 10:48:11.0', null, null, null, 'hfhfh', 'MANUAL', 'READY', null, null, 7, 79), 
 (2, 62, 'nf', '2011-05-19 14:05:56.0', 'nf', '2011-05-19 14:15:20.0', null, '01_Banker connects', 'MANUAL', 'SUCCESS', 'nf', '2011-05-19 14:15:20.0', 188, 80), 
 (3, 67, 'nf', '2011-05-19 14:12:44.0', 'nf', '2011-05-19 14:33:27.0', null, '02_Browser', 'MANUAL', 'BLOQUED', 'nf', '2011-05-19 14:33:27.0', 193, 81), 
 (4, 77, 'nf', '2011-05-19 14:15:24.0', 'nf', '2011-05-19 14:21:43.0', null, '07_Banker checks payments successful', 'MANUAL', 'SUCCESS', 'nf', '2011-05-19 14:21:43.0', 199, 82), 
 (5, 66, 'nf', '2011-05-19 14:22:01.0', 'nf', '2011-05-19 14:28:48.0', null, '03_Non Banker connects', 'MANUAL', 'FAILURE', 'nf', '2011-05-19 14:28:48.0', 204, 83), 
 (6, 67, 'nf', '2011-05-19 14:33:45.0', 'nf', '2011-05-19 14:35:37.0', null, '02_Browser', 'MANUAL', 'FAILURE', 'nf', '2011-05-19 14:35:37.0', 209, 84), 
 (7, 68, 'nf', '2011-05-19 14:37:28.0', 'nf', '2011-05-19 14:42:19.0', null, '04_Controls', 'MANUAL', 'SUCCESS', 'nf', '2011-05-19 14:42:19.0', 216, 85), 
 (8, 69, 'nf', '2011-05-19 14:44:39.0', 'nf', '2011-05-19 14:47:17.0', null, '06_Wrong Login Password', 'MANUAL', 'SUCCESS', 'nf', '2011-05-19 14:47:17.0', 223, 86), 
 (9, 70, 'nf', '2011-05-19 14:47:33.0', 'nf', '2011-05-19 14:51:52.0', null, '05_Incomplete Login Password', 'MANUAL', 'SUCCESS', 'nf', '2011-05-19 14:51:52.0', 230, 87), 
 (10, 78, 'nf', '2011-05-19 14:51:59.0', 'nf', '2011-05-19 15:00:13.0', null, '08_Banker checks payments failed date', 'MANUAL', 'SUCCESS', 'nf', '2011-05-19 15:00:13.0', 235, 88), 
 (11, 79, 'nf', '2011-05-19 15:00:25.0', 'nf', '2011-05-19 15:01:55.0', null, '10_Navigation', 'MANUAL', 'FAILURE', 'nf', '2011-05-19 15:01:55.0', 239, 89), 
 (12, 80, 'nf', '2011-05-19 15:02:16.0', 'nf', '2011-05-19 15:05:54.0', null, '09_Banker checks payments failed card', 'MANUAL', 'SUCCESS', 'nf', '2011-05-19 15:05:54.0', 244, 90), 
 (13, 62, 'nf', '2011-05-19 15:39:28.0', 'nf', '2011-05-19 15:51:06.0', null, '01_Banker connects', 'MANUAL', 'SUCCESS', 'nf', '2011-05-19 15:51:06.0', 252, 91), 
 (14, 66, 'nf', '2011-05-19 15:51:54.0', 'nf', '2011-05-19 15:53:11.0', null, '03_Non Banker connects', 'MANUAL', 'SUCCESS', 'nf', '2011-05-19 15:53:11.0', 259, 92), 
 (15, 67, 'nf', '2011-05-19 15:54:01.0', 'nf', '2011-05-19 15:54:48.0', null, '02_Browser', 'MANUAL', 'FAILURE', 'nf', '2011-05-19 15:54:48.0', 265, 93), 
 (16, 77, 'nf', '2011-05-19 15:56:02.0', 'nf', '2011-05-19 15:57:22.0', null, '07_Banker checks payments successful', 'MANUAL', 'SUCCESS', 'nf', '2011-05-19 15:57:22.0', 271, 94), 
 (17, 79, 'nf', '2011-05-19 15:57:33.0', 'nf', '2011-05-19 15:59:13.0', null, '10_Navigation', 'MANUAL', 'SUCCESS', 'nf', '2011-05-19 15:59:13.0', 275, 95), 
 (18, 77, 'nf', '2011-05-19 16:01:27.0', null, null, null, '07_Banker checks payments successful', 'MANUAL', 'READY', null, null, 282, 96), 
 (19, 67, 'guest_tpl', '2011-05-20 18:25:03.0', null, null, null, '02_Browser', 'MANUAL', 'READY', null, null, 340, 101), 
 (20, 68, 'guest_tpl', '2011-05-20 18:26:11.0', null, null, null, '04_Controls', 'MANUAL', 'READY', null, null, 347, 108), 
 (21, 148, 'guest_t1', '2011-05-25 08:12:18.0', 'guest_t1', '2011-05-25 08:14:31.0', null, '112_Connection with a user account', 'MANUAL', 'FAILURE', 'guest_t1', '2011-05-25 08:14:31.0', 460, 113), 
 (22, 68, 'henix_admin', '2011-05-25 09:27:10.0', null, null, null, '04_Controls', 'MANUAL', 'READY', null, null, 461, 114), 
 (23, 67, 'henix_admin', '2011-05-25 09:27:55.0', null, null, null, '02_Browser', 'MANUAL', 'READY', null, null, 462, 115), 
 (24, 62, 'henix_admin', '2011-05-25 09:28:37.0', null, null, null, '01_Banker connects', 'MANUAL', 'READY', null, null, 463, 116), 
 (25, 148, 'guest_t1', '2011-05-26 19:53:26.0', 'guest_t1', '2011-05-26 19:55:35.0', null, '112_Connection with a user account', 'MANUAL', 'RUNNING', 'guest_t1', '2011-05-26 19:55:35.0', 478, 121), 
 (26, 148, 'guest_t1', '2011-05-26 19:58:11.0', null, null, null, '112_Connection with a user account', 'MANUAL', 'READY', null, null, 483, 126), 
 (27, 194, 'guest_t1', '2011-05-31 07:48:45.0', null, null, null, 'toto', 'MANUAL', 'READY', null, null, 496, 127), 
 (28, 199, 'guest_tpl', '2011-05-31 08:40:05.0', 'guest_tpl', '2011-05-31 09:17:23.0', null, 'Rechercher un modèle d''acte', 'MANUAL', 'FAILURE', 'guest_tpl', '2011-05-31 09:17:23.0', 505, 131), 
 (29, 199, 'guest_tpl', '2011-05-31 09:34:43.0', 'guest_tpl', '2011-05-31 09:35:11.0', null, 'Rechercher un modèle d''acte', 'MANUAL', 'SUCCESS', 'guest_tpl', '2011-05-31 09:35:11.0', 510, 135), 
 (30, 199, 'guest_tpl', '2011-05-31 09:37:54.0', 'guest_tpl', '2011-05-31 09:38:03.0', null, 'Rechercher un modèle d''acte', 'MANUAL', 'FAILURE', 'guest_tpl', '2011-05-31 09:38:03.0', 514, 139), 
 (31, 199, 'guest_tpl', '2011-05-31 09:50:53.0', 'guest_tpl', '2011-05-31 09:51:18.0', null, 'Rechercher un modèle d''acte', 'MANUAL', 'FAILURE', 'guest_tpl', '2011-05-31 09:51:18.0', 519, 143), 
 (32, 199, 'guest_tpl', '2011-05-31 12:06:26.0', 'guest_tpl', '2011-05-31 12:06:44.0', null, 'Rechercher un modèle d''acte', 'MANUAL', 'SUCCESS', 'guest_tpl', '2011-05-31 12:06:44.0', 524, 147), 
 (33, 202, 'guest_tpl', '2011-05-31 12:07:21.0', 'guest_tpl', '2011-05-31 12:07:33.0', null, 'Rechercher un modèle d'' acte inexistant', 'MANUAL', 'FAILURE', 'guest_tpl', '2011-05-31 12:07:33.0', 527, 150), 
 (34, 203, 'guest_tpl', '2011-05-31 12:07:56.0', null, null, null, 'Rechercher un modèle d''acte', 'MANUAL', 'READY', null, null, 531, 154), 
 (35, 62, 'guest_tpl', '2011-06-01 10:14:36.0', null, null, null, '01_Banker connects', 'MANUAL', 'READY', null, null, 533, 155), 
 (36, 77, 'guest_tpl', '2011-06-01 12:34:00.0', null, null, null, '07_Banker checks payments successful', 'MANUAL', 'READY', null, null, 534, 156), 
 (37, 199, 'guest_tpl', '2011-06-01 12:34:20.0', 'guest_tpl', '2011-06-01 12:36:26.0', null, 'Rechercher un modèle d''acte', 'MANUAL', 'SUCCESS', 'guest_tpl', '2011-06-01 12:36:26.0', 538, 160), 
 (38, 199, 'guest_tpl', '2011-06-14 11:20:10.0', null, null, null, 'Rechercher un modèle d''acte', 'MANUAL', 'READY', null, null, 545, 164), 
 (39, 199, 'guest_tpl', '2011-06-15 05:52:15.0', null, null, null, 'Rechercher un modèle d''acte', 'MANUAL', 'READY', null, null, 549, 168), 
 (40, 199, 'guest_tpl', '2011-06-15 11:14:16.0', 'guest_tpl', '2011-06-15 11:14:49.0', null, 'Rechercher un modèle d''acte', 'MANUAL', 'RUNNING', 'guest_tpl', '2011-06-15 11:14:46.0', 553, 172), 
 (41, 194, 'guest_t1', '2011-06-16 11:19:01.0', null, null, null, 'toto', 'MANUAL', 'READY', null, null, 554, 173), 
 (42, 194, 'guest_t1', '2011-06-16 11:19:42.0', null, null, null, 'toto', 'MANUAL', 'READY', null, null, 555, 174), 
 (43, 93, 'guest_tpl', '2011-06-17 15:56:13.0', 'guest_tpl', '2011-06-17 15:57:11.0', null, 'Test0002', 'MANUAL', 'SUCCESS', 'guest_tpl', '2011-06-17 15:57:11.0', 558, 177), 
 (44, 149, 'guest_tpl', '2011-06-17 16:31:22.0', 'guest_tpl', '2011-06-17 16:31:37.0', null, '111_Connection with the default user', 'MANUAL', 'FAILURE', 'guest_tpl', '2011-06-17 16:31:37.0', 563, 182), 
 (45, 149, 'guest_tpl', '2011-06-21 08:40:32.0', 'guest_tpl', '2011-06-21 08:41:00.0', null, '111_Connection with the default user', 'MANUAL', 'FAILURE', 'guest_tpl', '2011-06-21 08:41:00.0', 571, 187);

Insert into TEST_CASE_STEPS(TEST_CASE_ID, STEP_ID, STEP_ORDER) values 
 (85, 76, 0), 
 (148, 54, 3), 
 (148, 53, 2), 
 (148, 52, 1), 
 (148, 51, 0), 
 (149, 24, 0), 
 (149, 27, 3), 
 (149, 26, 2), 
 (149, 25, 1), 
 (151, 67, 0), 
 (151, 69, 2), 
 (151, 68, 1), 
 (152, 76, 1), 
 (152, 131, 0), 
 (155, 50, 5), 
 (155, 49, 4), 
 (155, 48, 3), 
 (155, 39, 2), 
 (155, 34, 1), 
 (155, 4, 0), 
 (161, 112, 5), 
 (161, 111, 4), 
 (161, 110, 3), 
 (161, 109, 2), 
 (161, 107, 1), 
 (161, 105, 0), 
 (162, 117, 3), 
 (162, 116, 2), 
 (162, 114, 1), 
 (162, 113, 0), 
 (162, 119, 5), 
 (162, 118, 4), 
 (163, 80, 1), 
 (163, 79, 0), 
 (163, 100, 8), 
 (163, 99, 7), 
 (163, 98, 6), 
 (163, 97, 5), 
 (163, 96, 4), 
 (163, 88, 3), 
 (163, 87, 2), 
 (166, 128, 6), 
 (166, 127, 5), 
 (166, 126, 4), 
 (166, 123, 3), 
 (166, 122, 2), 
 (166, 121, 1), 
 (166, 120, 0), 
 (167, 125, 1), 
 (167, 124, 0);

Insert into TEST_CASE_STEPS(TEST_CASE_ID, STEP_ID, STEP_ORDER) values 
 (175, 66, 10), 
 (175, 65, 9), 
 (175, 64, 8), 
 (175, 63, 7), 
 (175, 62, 6), 
 (175, 61, 5), 
 (175, 59, 4), 
 (175, 58, 3), 
 (175, 57, 2), 
 (175, 56, 1), 
 (175, 55, 0), 
 (178, 134, 2), 
 (178, 133, 1), 
 (178, 132, 0), 
 (145, 82, 4), 
 (145, 81, 3), 
 (145, 78, 2), 
 (145, 77, 1), 
 (145, 75, 0), 
 (187, 50, 5), 
 (187, 49, 4), 
 (187, 48, 3), 
 (187, 39, 2), 
 (187, 34, 1), 
 (187, 4, 0), 
 (93, 129, 0), 
 (93, 130, 1), 
 (132, 11, 4), 
 (132, 10, 3), 
 (132, 8, 2), 
 (132, 7, 1), 
 (132, 6, 0), 
 (134, 29, 5), 
 (134, 28, 4), 
 (134, 23, 3), 
 (134, 22, 2), 
 (134, 21, 1), 
 (134, 20, 0), 
 (135, 17, 3), 
 (135, 16, 2), 
 (135, 15, 1), 
 (135, 14, 0), 
 (136, 43, 5), 
 (136, 42, 4), 
 (136, 38, 3), 
 (136, 37, 2), 
 (136, 36, 1), 
 (136, 35, 0), 
 (137, 41, 5), 
 (137, 40, 4);

Insert into TEST_CASE_STEPS(TEST_CASE_ID, STEP_ID, STEP_ORDER) values 
 (137, 33, 3), 
 (137, 32, 2), 
 (137, 31, 1), 
 (137, 30, 0), 
 (138, 47, 3), 
 (138, 46, 2), 
 (138, 45, 1), 
 (138, 44, 0), 
 (141, 95, 2), 
 (141, 94, 1), 
 (141, 93, 0), 
 (142, 86, 3), 
 (142, 85, 2), 
 (142, 84, 1), 
 (142, 83, 0), 
 (143, 92, 3), 
 (143, 91, 2), 
 (143, 90, 1), 
 (143, 89, 0), 
 (183, 11, 4), 
 (183, 10, 3), 
 (183, 8, 2), 
 (183, 7, 1), 
 (183, 6, 0), 
 (190, 144, 0), 
 (190, 145, 1), 
 (190, 148, 2), 
 (197, 129, 0), 
 (197, 130, 1), 
 (199, 137, 1), 
 (199, 135, 2), 
 (199, 136, 0), 
 (200, 138, 0), 
 (202, 140, 1), 
 (202, 138, 0), 
 (203, 135, 0), 
 (203, 137, 2), 
 (203, 136, 1), 
 (204, 143, 1), 
 (204, 142, 0), 
 (207, 135, 0), 
 (207, 136, 1), 
 (207, 137, 2), 
 (208, 149, 0), 
 (208, 147, 1), 
 (208, 146, 2), 
 (208, 152, 3), 
 (208, 151, 4), 
 (208, 150, 5), 
 (209, 156, 0);

Insert into TEST_CASE_STEPS(TEST_CASE_ID, STEP_ID, STEP_ORDER) values 
 (209, 155, 1), 
 (209, 154, 2), 
 (209, 153, 3);

Insert into ITEM_TEST_PLAN_LIST(ITERATION_ID, ITEM_TEST_PLAN_ID, ITEM_TEST_PLAN_ORDER) values 
 (5, 29, 0), 
 (5, 30, 1), 
 (5, 31, 2), 
 (5, 32, 3), 
 (5, 33, 4), 
 (5, 34, 5), 
 (2, 2, 0), 
 (2, 3, 1), 
 (2, 4, 2), 
 (2, 5, 3), 
 (2, 6, 4), 
 (2, 7, 5), 
 (2, 8, 6), 
 (2, 9, 7), 
 (2, 10, 8), 
 (2, 11, 9), 
 (3, 12, 0), 
 (3, 13, 1), 
 (3, 14, 2), 
 (3, 18, 3), 
 (3, 20, 4), 
 (4, 28, 2), 
 (4, 24, 1), 
 (4, 22, 0), 
 (7, 35, 0), 
 (7, 36, 1), 
 (8, 37, 0), 
 (10, 38, 0), 
 (11, 39, 0), 
 (12, 40, 0), 
 (13, 41, 0), 
 (13, 42, 1), 
 (13, 43, 2), 
 (14, 44, 0), 
 (14, 45, 1), 
 (14, 46, 2);

Insert into ITEM_TEST_PLAN_EXECUTION(ITEM_TEST_PLAN_ID, EXECUTION_ID, EXECUTION_ORDER) values 
 (1, 1, 0), 
 (30, 21, 0), 
 (30, 25, 1), 
 (30, 26, 2), 
 (31, 44, 0), 
 (31, 45, 1), 
 (2, 2, 0), 
 (2, 24, 1), 
 (2, 35, 2), 
 (4, 3, 0), 
 (4, 6, 1), 
 (4, 23, 2), 
 (8, 4, 0), 
 (3, 5, 0), 
 (5, 7, 0), 
 (5, 20, 1), 
 (5, 22, 2), 
 (6, 8, 0), 
 (7, 9, 0), 
 (9, 10, 0), 
 (10, 11, 0), 
 (11, 12, 0), 
 (12, 13, 0), 
 (13, 14, 0), 
 (14, 15, 0), 
 (14, 19, 1), 
 (18, 16, 0), 
 (20, 17, 0), 
 (28, 18, 0), 
 (28, 36, 1), 
 (38, 27, 0), 
 (38, 41, 1), 
 (38, 42, 2), 
 (37, 28, 0), 
 (37, 37, 1), 
 (37, 38, 2), 
 (37, 39, 3), 
 (37, 40, 4), 
 (39, 29, 0), 
 (39, 30, 1), 
 (40, 31, 0), 
 (41, 32, 0), 
 (42, 33, 0), 
 (43, 34, 0), 
 (29, 43, 0);

Insert into EXECUTION_EXECUTION_STEPS(EXECUTION_ID, EXECUTION_STEP_ID, EXECUTION_STEP_ORDER) values 
 (1, 1, 0), 
 (21, 89, 0), 
 (21, 90, 1), 
 (21, 91, 2), 
 (21, 92, 3), 
 (25, 93, 0), 
 (25, 94, 1), 
 (25, 95, 2), 
 (25, 96, 3), 
 (26, 97, 0), 
 (26, 98, 1), 
 (26, 99, 2), 
 (26, 100, 3), 
 (44, 135, 0), 
 (44, 136, 1), 
 (44, 137, 2), 
 (44, 138, 3), 
 (45, 139, 0), 
 (45, 140, 1), 
 (45, 141, 2), 
 (45, 142, 3), 
 (4, 11, 0), 
 (4, 12, 1), 
 (4, 13, 2), 
 (4, 14, 3), 
 (4, 15, 4), 
 (16, 66, 0), 
 (16, 67, 1), 
 (16, 68, 2), 
 (16, 69, 3), 
 (16, 70, 4), 
 (18, 74, 0), 
 (18, 75, 1), 
 (18, 76, 2), 
 (18, 77, 3), 
 (18, 78, 4), 
 (2, 2, 0), 
 (2, 3, 1), 
 (2, 4, 2), 
 (2, 5, 3), 
 (2, 6, 4), 
 (3, 7, 0), 
 (3, 8, 1), 
 (3, 9, 2), 
 (3, 10, 3), 
 (5, 16, 0), 
 (5, 17, 1), 
 (5, 18, 2), 
 (5, 19, 3), 
 (6, 20, 0);

Insert into EXECUTION_EXECUTION_STEPS(EXECUTION_ID, EXECUTION_STEP_ID, EXECUTION_STEP_ORDER) values 
 (6, 21, 1), 
 (6, 22, 2), 
 (6, 23, 3), 
 (7, 24, 0), 
 (7, 25, 1), 
 (7, 26, 2), 
 (7, 27, 3), 
 (7, 28, 4), 
 (7, 29, 5), 
 (8, 30, 0), 
 (8, 31, 1), 
 (8, 32, 2), 
 (8, 33, 3), 
 (8, 34, 4), 
 (8, 35, 5), 
 (9, 36, 0), 
 (9, 37, 1), 
 (9, 38, 2), 
 (9, 39, 3), 
 (9, 40, 4), 
 (9, 41, 5), 
 (10, 42, 0), 
 (10, 43, 1), 
 (10, 44, 2), 
 (10, 45, 3), 
 (11, 46, 0), 
 (11, 47, 1), 
 (11, 48, 2), 
 (12, 49, 0), 
 (12, 50, 1), 
 (12, 51, 2), 
 (12, 52, 3), 
 (13, 53, 0), 
 (13, 54, 1), 
 (13, 55, 2), 
 (13, 56, 3), 
 (13, 57, 4), 
 (14, 58, 0), 
 (14, 59, 1), 
 (14, 60, 2), 
 (14, 61, 3), 
 (15, 62, 0), 
 (15, 63, 1), 
 (15, 64, 2), 
 (15, 65, 3), 
 (17, 71, 0), 
 (17, 72, 1), 
 (17, 73, 2), 
 (19, 79, 0), 
 (19, 80, 1);

Insert into EXECUTION_EXECUTION_STEPS(EXECUTION_ID, EXECUTION_STEP_ID, EXECUTION_STEP_ORDER) values 
 (19, 81, 2), 
 (19, 82, 3), 
 (20, 83, 0), 
 (20, 84, 1), 
 (20, 85, 2), 
 (20, 86, 3), 
 (20, 87, 4), 
 (20, 88, 5), 
 (28, 101, 0), 
 (28, 102, 1), 
 (28, 103, 2), 
 (29, 104, 0), 
 (29, 105, 1), 
 (29, 106, 2), 
 (30, 107, 0), 
 (30, 108, 1), 
 (30, 109, 2), 
 (31, 110, 0), 
 (31, 111, 1), 
 (31, 112, 2), 
 (32, 113, 0), 
 (32, 114, 1), 
 (32, 115, 2), 
 (33, 116, 0), 
 (33, 117, 1), 
 (34, 118, 0), 
 (34, 119, 1), 
 (34, 120, 2), 
 (37, 121, 0), 
 (37, 122, 1), 
 (37, 123, 2), 
 (38, 124, 0), 
 (38, 125, 1), 
 (38, 126, 2), 
 (39, 127, 0), 
 (39, 128, 1), 
 (39, 129, 2), 
 (40, 130, 0), 
 (40, 131, 1), 
 (40, 132, 2), 
 (43, 133, 0), 
 (43, 134, 1);
